  0
SECTION
  2
HEADER
  9
$ACADVER
  1
AC1015
  9
$ACADMAINTVER
 70
     6
  9
$DWGCODEPAGE
  3
ANSI_1252
  9
$INSBASE
 10
0.0
 20
0.0
 30
0.0
  9
$EXTMIN
 10
0.0
 20
0.0
 30
0.0
  9
$EXTMAX
 10
10.0
 20
8.5
 30
0.0
  9
$LIMMIN
 10
0.0
 20
0.0
  9
$LIMMAX
 10
10.0
 20
8.5
  9
$ORTHOMODE
 70
     0
  9
$REGENMODE
 70
     1
  9
$FILLMODE
 70
     1
  9
$QTEXTMODE
 70
     0
  9
$MIRRTEXT
 70
     1
  9
$LTSCALE
 40
1.0
  9
$ATTMODE
 70
     1
  9
$TEXTSIZE
 40
0.125
  9
$TRACEWID
 40
0.05
  9
$TEXTSTYLE
  7
Standard
  9
$CLAYER
  8
0
  9
$CELTYPE
  6
ByLayer
  9
$CECOLOR
 62
   256
  9
$CELTSCALE
 40
1.0
  9
$DISPSILH
 70
     0
  9
$DIMSCALE
 40
1.0
  9
$DIMASZ
 40
0.13
  9
$DIMEXO
 40
0.05
  9
$DIMDLI
 40
0.38
  9
$DIMRND
 40
0.0
  9
$DIMDLE
 40
0.0
  9
$DIMEXE
 40
0.125
  9
$DIMTP
 40
0.0
  9
$DIMTM
 40
0.0
  9
$DIMTXT
 40
0.125
  9
$DIMCEN
 40
0.09
  9
$DIMTSZ
 40
0.0
  9
$DIMTOL
 70
     0
  9
$DIMLIM
 70
     0
  9
$DIMTIH
 70
     1
  9
$DIMTOH
 70
     1
  9
$DIMSE1
 70
     0
  9
$DIMSE2
 70
     0
  9
$DIMTAD
 70
     0
  9
$DIMZIN
 70
     1
  9
$DIMBLK
  1

  9
$DIMASO
 70
     1
  9
$DIMSHO
 70
     1
  9
$DIMPOST
  1

  9
$DIMAPOST
  1

  9
$DIMALT
 70
     0
  9
$DIMALTD
 70
     2
  9
$DIMALTF
 40
25.4
  9
$DIMLFAC
 40
2.0
  9
$DIMTOFL
 70
     0
  9
$DIMTVP
 40
0.0
  9
$DIMTIX
 70
     0
  9
$DIMSOXD
 70
     0
  9
$DIMSAH
 70
     0
  9
$DIMBLK1
  1

  9
$DIMBLK2
  1

  9
$DIMSTYLE
  2
Standard
  9
$DIMCLRD
 70
     0
  9
$DIMCLRE
 70
     0
  9
$DIMCLRT
 70
     0
  9
$DIMTFAC
 40
1.0
  9
$DIMGAP
 40
0.06
  9
$DIMJUST
 70
     0
  9
$DIMSD1
 70
     0
  9
$DIMSD2
 70
     0
  9
$DIMTOLJ
 70
     1
  9
$DIMTZIN
 70
     1
  9
$DIMALTZ
 70
     0
  9
$DIMALTTZ
 70
     0
  9
$DIMUPT
 70
     0
  9
$DIMDEC
 70
     2
  9
$DIMTDEC
 70
     2
  9
$DIMALTU
 70
     2
  9
$DIMALTTD
 70
     2
  9
$DIMTXSTY
  7
Standard
  9
$DIMAUNIT
 70
     0
  9
$DIMADEC
 70
     2
  9
$DIMALTRND
 40
0.0
  9
$DIMAZIN
 70
     0
  9
$DIMDSEP
 70
    46
  9
$DIMATFIT
 70
     3
  9
$DIMFRAC
 70
     0
  9
$DIMLDRBLK
  1

  9
$DIMLUNIT
 70
     2
  9
$DIMLWD
 70
    -2
  9
$DIMLWE
 70
    -2
  9
$DIMTMOVE
 70
     0
  9
$LUNITS
 70
     2
  9
$LUPREC
 70
     2
  9
$SKETCHINC
 40
0.1
  9
$FILLETRAD
 40
0.0
  9
$AUNITS
 70
     0
  9
$AUPREC
 70
     2
  9
$MENU
  1
.
  9
$ELEVATION
 40
0.0
  9
$PELEVATION
 40
0.0
  9
$THICKNESS
 40
0.0
  9
$LIMCHECK
 70
     0
  9
$CHAMFERA
 40
0.0
  9
$CHAMFERB
 40
0.0
  9
$CHAMFERC
 40
0.0
  9
$CHAMFERD
 40
0.0
  9
$SKPOLY
 70
     0
  9
$TDCREATE
 40
2461116.588547662
  9
$TDUCREATE
 40
2461116.755214329
  9
$TDUPDATE
 40
2461116.588550973
  9
$TDUUPDATE
 40
2461116.755217639
  9
$TDINDWG
 40
0.0000000116
  9
$TDUSRTIMER
 40
0.0000000116
  9
$USRTIMER
 70
     1
  9
$ANGBASE
 50
0.0
  9
$ANGDIR
 70
     0
  9
$PDMODE
 70
     0
  9
$PDSIZE
 40
-1.0
  9
$PLINEWID
 40
0.0
  9
$SPLFRAME
 70
     0
  9
$SPLINETYPE
 70
     6
  9
$SPLINESEGS
 70
     8
  9
$HANDSEED
  5
700
  9
$SURFTAB1
 70
     6
  9
$SURFTAB2
 70
     6
  9
$SURFTYPE
 70
     6
  9
$SURFU
 70
     6
  9
$SURFV
 70
     6
  9
$UCSBASE
  2

  9
$UCSNAME
  2

  9
$UCSORG
 10
0.0
 20
0.0
 30
0.0
  9
$UCSXDIR
 10
1.0
 20
0.0
 30
0.0
  9
$UCSYDIR
 10
0.0
 20
1.0
 30
0.0
  9
$UCSORTHOREF
  2

  9
$UCSORTHOVIEW
 70
     0
  9
$UCSORGTOP
 10
0.0
 20
0.0
 30
0.0
  9
$UCSORGBOTTOM
 10
0.0
 20
0.0
 30
0.0
  9
$UCSORGLEFT
 10
0.0
 20
0.0
 30
0.0
  9
$UCSORGRIGHT
 10
0.0
 20
0.0
 30
0.0
  9
$UCSORGFRONT
 10
0.0
 20
0.0
 30
0.0
  9
$UCSORGBACK
 10
0.0
 20
0.0
 30
0.0
  9
$PUCSBASE
  2

  9
$PUCSNAME
  2

  9
$PUCSORG
 10
0.0
 20
0.0
 30
0.0
  9
$PUCSXDIR
 10
1.0
 20
0.0
 30
0.0
  9
$PUCSYDIR
 10
0.0
 20
1.0
 30
0.0
  9
$PUCSORTHOREF
  2

  9
$PUCSORTHOVIEW
 70
     0
  9
$PUCSORGTOP
 10
0.0
 20
0.0
 30
0.0
  9
$PUCSORGBOTTOM
 10
0.0
 20
0.0
 30
0.0
  9
$PUCSORGLEFT
 10
0.0
 20
0.0
 30
0.0
  9
$PUCSORGRIGHT
 10
0.0
 20
0.0
 30
0.0
  9
$PUCSORGFRONT
 10
0.0
 20
0.0
 30
0.0
  9
$PUCSORGBACK
 10
0.0
 20
0.0
 30
0.0
  9
$USERI1
 70
     0
  9
$USERI2
 70
     0
  9
$USERI3
 70
     0
  9
$USERI4
 70
     0
  9
$USERI5
 70
     0
  9
$USERR1
 40
0.0
  9
$USERR2
 40
0.0
  9
$USERR3
 40
0.0
  9
$USERR4
 40
0.0
  9
$USERR5
 40
0.0
  9
$WORLDVIEW
 70
     1
  9
$SHADEDGE
 70
     3
  9
$SHADEDIF
 70
    70
  9
$TILEMODE
 70
     0
  9
$MAXACTVP
 70
    64
  9
$PINSBASE
 10
0.0
 20
0.0
 30
0.0
  9
$PLIMCHECK
 70
     0
  9
$PEXTMIN
 10
0.0
 20
0.0
 30
0.0
  9
$PEXTMAX
 10
10.0
 20
8.5
 30
0.0
  9
$PLIMMIN
 10
0.0
 20
0.0
  9
$PLIMMAX
 10
10.0
 20
8.5
  9
$UNITMODE
 70
     0
  9
$VISRETAIN
 70
     1
  9
$PLINEGEN
 70
     0
  9
$PSLTSCALE
 70
     1
  9
$TREEDEPTH
 70
  3020
  9
$CMLSTYLE
  2
Standard
  9
$CMLJUST
 70
     0
  9
$CMLSCALE
 40
1.0
  9
$PROXYGRAPHICS
 70
     1
  9
$MEASUREMENT
 70
     0
  9
$CELWEIGHT
370
    -1
  9
$ENDCAPS
280
     0
  9
$JOINSTYLE
280
     0
  9
$LWDISPLAY
290
     1
  9
$INSUNITS
 70
     1
  9
$HYPERLINKBASE
  1

  9
$STYLESHEET
  1

  9
$XEDIT
290
     1
  9
$CEPSNTYPE
380
     0
  9
$PSTYLEMODE
290
     1
  9
$FINGERPRINTGUID
  2
{f936a174-bed1-4be2-bf05-443faf021849}
  9
$VERSIONGUID
  2
{FAEB1C32-E019-11D5-929B-00C0DF256EC4}
  9
$EXTNAMES
290
     1
  9
$PSVPSCALE
 40
0.0
  9
$OLESTARTUP
290
     0
  0
ENDSEC
  0
SECTION
  2
CLASSES
  0
CLASS
  1
ACDBDICTIONARYWDFLT
  2
AcDbDictionaryWithDefault
  3
ObjectDBX Classes
 90
        0
280
     0
281
     0
  0
CLASS
  1
VISUALSTYLE
  2
AcDbVisualStyle
  3
ObjectDBX Classes
 90
     4095
280
     0
281
     0
  0
CLASS
  1
MATERIAL
  2
AcDbMaterial
  3
ObjectDBX Classes
 90
     1153
280
     0
281
     0
  0
CLASS
  1
SCALE
  2
AcDbScale
  3
ObjectDBX Classes
 90
     1153
280
     0
281
     0
  0
CLASS
  1
TABLESTYLE
  2
AcDbTableStyle
  3
ObjectDBX Classes
 90
     4095
280
     0
281
     0
  0
CLASS
  1
MLEADERSTYLE
  2
AcDbMLeaderStyle
  3
ACDB_MLEADERSTYLE_CLASS
 90
     4095
280
     0
281
     0
  0
CLASS
  1
SUN
  2
AcDbSun
  3
SCENEOE
 90
     1153
280
     0
281
     0
  0
CLASS
  1
ACDBPLACEHOLDER
  2
AcDbPlaceHolder
  3
ObjectDBX Classes
 90
        0
280
     0
281
     0
  0
CLASS
  1
LAYOUT
  2
AcDbLayout
  3
ObjectDBX Classes
 90
        0
280
     0
281
     0
  0
ENDSEC
  0
SECTION
  2
TABLES
  0
TABLE
  2
VPORT
  5
8
330
0
100
AcDbSymbolTable
 70
     1
  0
VPORT
  5
29
330
8
100
AcDbSymbolTableRecord
100
AcDbViewportTableRecord
  2
*Active
 70
     0
 10
0.0
 20
0.0
 11
1.0
 21
1.0
 12
5.0
 22
4.25
 13
0.0
 23
0.0
 14
0.5
 24
0.5
 15
0.5
 25
0.5
 16
0.0
 26
0.0
 36
1.0
 17
0.0
 27
0.0
 37
0.0
 40
8.5
 41
1.1764705882
 42
50.0
 43
0.0
 44
0.0
 50
0.0
 51
0.0
 71
     0
 72
  2000
 73
     1
 74
     3
 75
     0
 76
     0
 77
     0
 78
     0
281
     0
 65
     1
110
0.0
120
0.0
130
0.0
111
1.0
121
0.0
131
0.0
112
0.0
122
1.0
132
0.0
 79
     0
146
0.0
  0
ENDTAB
  0
TABLE
  2
LTYPE
  5
5
330
0
100
AcDbSymbolTable
 70
     6
  0
LTYPE
  5
14
330
5
100
AcDbSymbolTableRecord
100
AcDbLinetypeTableRecord
  2
ByBlock
 70
     0
  3

 72
    65
 73
     0
 40
0.0
  0
LTYPE
  5
15
330
5
100
AcDbSymbolTableRecord
100
AcDbLinetypeTableRecord
  2
ByLayer
 70
     0
  3

 72
    65
 73
     0
 40
0.0
  0
LTYPE
  5
16
330
5
100
AcDbSymbolTableRecord
100
AcDbLinetypeTableRecord
  2
Continuous
 70
     0
  3
Solid line
 72
    65
 73
     0
 40
0.0
  0
LTYPE
  5
5E
330
5
100
AcDbSymbolTableRecord
100
AcDbLinetypeTableRecord
  2
HIDDEN
 70
     0
  3
Hidden __ __ __ __ __ __ __ __ __ __ __ __ __ __
 72
    65
 73
     2
 40
0.075
 49
0.05
 74
     0
 49
-0.025
 74
     0
  0
LTYPE
  5
5F
330
5
100
AcDbSymbolTableRecord
100
AcDbLinetypeTableRecord
  2
PHANTOM
 70
     0
  3
Phantom ______  __  __  ______  __  __  ______
 72
    65
 73
     6
 40
0.5
 49
0.25
 74
     0
 49
-0.05
 74
     0
 49
0.05
 74
     0
 49
-0.05
 74
     0
 49
0.05
 74
     0
 49
-0.05
 74
     0
  0
LTYPE
  5
60
330
5
100
AcDbSymbolTableRecord
100
AcDbLinetypeTableRecord
  2
CENTER
 70
     0
  3
Center ____ _ ____ _ ____ _ ____ _ ____ _ ____
 72
    65
 73
     4
 40
0.4
 49
0.25
 74
     0
 49
-0.05
 74
     0
 49
0.05
 74
     0
 49
-0.05
 74
     0
  0
LTYPE
  5
61
330
5
100
AcDbSymbolTableRecord
100
AcDbLinetypeTableRecord
  2
CENTERX2
 70
     0
  3
Center (2x) ________  __  ________  __  _____
 72
    65
 73
     4
 40
0.8
 49
0.5
 74
     0
 49
-0.1
 74
     0
 49
0.1
 74
     0
 49
-0.1
 74
     0
  0
LTYPE
  5
62
330
5
100
AcDbSymbolTableRecord
100
AcDbLinetypeTableRecord
  2
DOT2
 70
     0
  3
Dot (.5x) ........................................
 72
    65
 73
     2
 40
0.025
 49
0.0
 74
     0
 49
-0.025
 74
     0
  0
ENDTAB
  0
TABLE
  2
LAYER
  5
2
330
0
100
AcDbSymbolTable
 70
     1
  0
LAYER
  5
10
330
2
100
AcDbSymbolTableRecord
100
AcDbLayerTableRecord
  2
0
 70
     0
 62
     7
  6
Continuous
370
    -3
390
F
  0
ENDTAB
  0
TABLE
  2
STYLE
  5
3
330
0
100
AcDbSymbolTable
 70
     3
  0
STYLE
  5
11
330
3
100
AcDbSymbolTableRecord
100
AcDbTextStyleTableRecord
  2
Standard
 70
     0
 40
0.0
 41
1.0
 50
0.0
 71
     0
 42
0.125
  3
txt
  4

  0
STYLE
  5
72
330
3
100
AcDbSymbolTableRecord
100
AcDbTextStyleTableRecord
  2
SLDTEXTSTYLE0
 70
     0
 40
0.0
 41
0.75
 50
0.0
 71
     0
 42
0.125
  3
TXT
  4

  0
STYLE
  5
360
330
3
100
AcDbSymbolTableRecord
100
AcDbTextStyleTableRecord
  2
SLDTEXTSTYLE1
 70
     0
 40
0.0
 41
0.7
 50
0.0
 71
     0
 42
0.125
  3
TXT
  4

  0
ENDTAB
  0
TABLE
  2
VIEW
  5
6
330
0
100
AcDbSymbolTable
 70
     0
  0
ENDTAB
  0
TABLE
  2
UCS
  5
7
330
0
100
AcDbSymbolTable
 70
     0
  0
ENDTAB
  0
TABLE
  2
APPID
  5
9
330
0
100
AcDbSymbolTable
 70
     1
  0
APPID
  5
12
330
9
100
AcDbSymbolTableRecord
100
AcDbRegAppTableRecord
  2
ACAD
 70
     0
  0
ENDTAB
  0
TABLE
  2
DIMSTYLE
  5
A
330
0
100
AcDbSymbolTable
 70
    11
100
AcDbDimStyleTable
  0
DIMSTYLE
105
27
330
A
100
AcDbSymbolTableRecord
100
AcDbDimStyleTableRecord
  2
Standard
 70
     0
178
     0
340
11
  0
DIMSTYLE
105
73
102
{ACAD_REACTORS
330
71
330
7C
330
373
330
37C
102
}
330
A
100
AcDbSymbolTableRecord
100
AcDbDimStyleTableRecord
  2
SLDDIMSTYLE0
 70
     0
 41
0.13
 44
0.0
 45
0.000000001
 78
     4
 79
     1
140
0.125
141
0.0
147
0.03125
173
     1
178
     0
271
     3
272
     3
276
     2
284
    12
340
72
  0
DIMSTYLE
105
86
102
{ACAD_REACTORS
330
85
330
B2
330
140
330
1AD
330
30A
330
385
330
3B0
330
46A
330
4E4
330
64C
102
}
330
A
100
AcDbSymbolTableRecord
100
AcDbDimStyleTableRecord
  2
SLDDIMSTYLE1
 70
     0
 41
0.13
 44
0.0
 45
0.000000001
 78
    12
 79
     3
140
0.125
147
0.03125
172
     1
173
     1
178
     0
271
     3
272
     3
276
     2
284
    12
289
     0
340
72
  0
DIMSTYLE
105
93
102
{ACAD_REACTORS
330
92
330
9E
330
A7
330
BE
330
C8
330
136
330
15A
330
1A1
330
2B1
330
2FE
330
349
330
391
330
39C
330
3A5
330
3BC
330
3C6
330
460
330
490
330
4D8
330
5E8
330
640
102
}
330
A
100
AcDbSymbolTableRecord
100
AcDbDimStyleTableRecord
  2
SLDDIMSTYLE2
 70
     0
 41
0.13
 44
0.0
 45
0.000000001
 78
     4
 79
     1
140
0.125
147
0.03125
172
     1
173
     1
178
     0
271
     3
272
     3
276
     2
284
    12
289
     0
340
72
  0
DIMSTYLE
105
123
102
{ACAD_REACTORS
330
122
330
12D
330
165
330
17A
330
183
330
18C
330
328
330
44D
330
457
330
49B
330
657
102
}
330
A
100
AcDbSymbolTableRecord
100
AcDbDimStyleTableRecord
  2
SLDDIMSTYLE3
 70
     0
 41
0.13
 44
0.0
 45
0.000000001
 78
     4
 79
     1
140
0.125
147
0.03125
173
     1
178
     0
271
     3
272
     3
276
     2
284
    12
340
72
  0
DIMSTYLE
105
316
102
{ACAD_REACTORS
330
315
330
31F
330
662
330
66B
102
}
330
A
100
AcDbSymbolTableRecord
100
AcDbDimStyleTableRecord
  2
SLDDIMSTYLE4
 70
     0
 41
0.13
 44
0.0
 45
0.000000001
 78
     4
 79
     1
140
0.125
141
0.0
147
0.03125
173
     1
178
     0
271
     3
272
     3
276
     2
284
    12
340
72
  0
DIMSTYLE
105
3F9
102
{ACAD_REACTORS
330
3F8
330
402
330
40D
102
}
330
A
100
AcDbSymbolTableRecord
100
AcDbDimStyleTableRecord
  2
SLDDIMSTYLE5
 70
     0
 41
0.13
 44
0.0
 45
0.000000001
 78
    12
 79
     3
140
0.125
147
0.03125
172
     1
173
     1
178
     0
271
     2
272
     2
276
     2
284
    12
289
     0
340
72
  0
DIMSTYLE
105
41A
102
{ACAD_REACTORS
330
419
330
5F3
102
}
330
A
100
AcDbSymbolTableRecord
100
AcDbDimStyleTableRecord
  2
SLDDIMSTYLE6
 70
     0
 41
0.13
 44
0.0
 45
0.000000001
 78
     4
 79
     1
140
0.125
147
0.03125
172
     1
173
     1
178
     0
271
     2
272
     2
276
     2
284
    12
289
     0
340
72
  0
DIMSTYLE
105
477
102
{ACAD_REACTORS
330
476
330
4C3
102
}
330
A
100
AcDbSymbolTableRecord
100
AcDbDimStyleTableRecord
  2
SLDDIMSTYLE7
 70
     0
 41
0.13
 44
0.0
 45
0.000000001
 78
    12
 79
     3
140
0.125
147
0.03125
173
     1
178
     0
271
     2
272
     2
276
     2
284
    12
340
72
  0
DIMSTYLE
105
4B1
102
{ACAD_REACTORS
330
4B0
330
4BA
102
}
330
A
100
AcDbSymbolTableRecord
100
AcDbDimStyleTableRecord
  2
SLDDIMSTYLE8
 70
     0
 41
0.13
 44
0.0
 45
0.000000001
 78
     4
 79
     1
140
0.125
147
0.03125
173
     1
178
     0
271
     2
272
     2
276
     2
284
    12
340
72
  0
DIMSTYLE
105
6DF
102
{ACAD_REACTORS
330
6DE
330
6E8
102
}
330
A
100
AcDbSymbolTableRecord
100
AcDbDimStyleTableRecord
  2
SLDDIMSTYLE9
 70
     0
 41
0.13
 44
0.0
 45
0.000000001
 78
    12
 79
     3
140
0.125
141
0.0
147
0.03125
173
     1
178
     0
271
     2
272
     2
276
     2
284
    12
340
72
  0
ENDTAB
  0
TABLE
  2
BLOCK_RECORD
  5
1
330
0
100
AcDbSymbolTable
 70
   101
  0
BLOCK_RECORD
  5
1F
330
1
100
AcDbSymbolTableRecord
100
AcDbBlockTableRecord
  2
*Model_Space
340
22
  0
BLOCK_RECORD
  5
1B
330
1
100
AcDbSymbolTableRecord
100
AcDbBlockTableRecord
  2
*Paper_Space
340
1E
  0
BLOCK_RECORD
  5
74
330
1
100
AcDbSymbolTableRecord
100
AcDbBlockTableRecord
  2
_D
340
0
  0
BLOCK_RECORD
  5
7D
330
1
100
AcDbSymbolTableRecord
100
AcDbBlockTableRecord
  2
_D_1
340
0
  0
BLOCK_RECORD
  5
87
330
1
100
AcDbSymbolTableRecord
100
AcDbBlockTableRecord
  2
_D_2
340
0
  0
BLOCK_RECORD
  5
94
330
1
100
AcDbSymbolTableRecord
100
AcDbBlockTableRecord
  2
_D_3
340
0
  0
BLOCK_RECORD
  5
9F
330
1
100
AcDbSymbolTableRecord
100
AcDbBlockTableRecord
  2
_D_4
340
0
  0
BLOCK_RECORD
  5
A8
330
1
100
AcDbSymbolTableRecord
100
AcDbBlockTableRecord
  2
_D_5
340
0
  0
BLOCK_RECORD
  5
B3
330
1
100
AcDbSymbolTableRecord
100
AcDbBlockTableRecord
  2
_D_6
340
0
  0
BLOCK_RECORD
  5
BF
330
1
100
AcDbSymbolTableRecord
100
AcDbBlockTableRecord
  2
_D_7
340
0
  0
BLOCK_RECORD
  5
C9
330
1
100
AcDbSymbolTableRecord
100
AcDbBlockTableRecord
  2
_D_8
340
0
  0
BLOCK_RECORD
  5
124
330
1
100
AcDbSymbolTableRecord
100
AcDbBlockTableRecord
  2
_D_9
340
0
  0
BLOCK_RECORD
  5
12E
330
1
100
AcDbSymbolTableRecord
100
AcDbBlockTableRecord
  2
_D_10
340
0
  0
BLOCK_RECORD
  5
137
330
1
100
AcDbSymbolTableRecord
100
AcDbBlockTableRecord
  2
_D_11
340
0
  0
BLOCK_RECORD
  5
141
330
1
100
AcDbSymbolTableRecord
100
AcDbBlockTableRecord
  2
_D_12
340
0
  0
BLOCK_RECORD
  5
15B
330
1
100
AcDbSymbolTableRecord
100
AcDbBlockTableRecord
  2
_D_13
340
0
  0
BLOCK_RECORD
  5
166
330
1
100
AcDbSymbolTableRecord
100
AcDbBlockTableRecord
  2
_D_14
340
0
  0
BLOCK_RECORD
  5
17B
330
1
100
AcDbSymbolTableRecord
100
AcDbBlockTableRecord
  2
_D_15
340
0
  0
BLOCK_RECORD
  5
184
330
1
100
AcDbSymbolTableRecord
100
AcDbBlockTableRecord
  2
_D_16
340
0
  0
BLOCK_RECORD
  5
18D
330
1
100
AcDbSymbolTableRecord
100
AcDbBlockTableRecord
  2
_D_17
340
0
  0
BLOCK_RECORD
  5
1A2
330
1
100
AcDbSymbolTableRecord
100
AcDbBlockTableRecord
  2
_D_18
340
0
  0
BLOCK_RECORD
  5
1AE
330
1
100
AcDbSymbolTableRecord
100
AcDbBlockTableRecord
  2
_D_19
340
0
  0
BLOCK_RECORD
  5
1C1
330
1
100
AcDbSymbolTableRecord
100
AcDbBlockTableRecord
  2
SW_CENTERMARKSYMBOL_0
340
0
102
{BLKREFS
331
1CC
102
}
  0
BLOCK_RECORD
  5
1D7
330
1
100
AcDbSymbolTableRecord
100
AcDbBlockTableRecord
  2
SW_CENTERMARKSYMBOL_1
340
0
102
{BLKREFS
331
1E2
102
}
  0
BLOCK_RECORD
  5
1ED
330
1
100
AcDbSymbolTableRecord
100
AcDbBlockTableRecord
  2
SW_CENTERMARKSYMBOL_2
340
0
102
{BLKREFS
331
1F8
102
}
  0
BLOCK_RECORD
  5
203
330
1
100
AcDbSymbolTableRecord
100
AcDbBlockTableRecord
  2
SW_CENTERMARKSYMBOL_3
340
0
102
{BLKREFS
331
20E
102
}
  0
BLOCK_RECORD
  5
219
330
1
100
AcDbSymbolTableRecord
100
AcDbBlockTableRecord
  2
SW_CENTERMARKSYMBOL_4
340
0
102
{BLKREFS
331
224
102
}
  0
BLOCK_RECORD
  5
22F
330
1
100
AcDbSymbolTableRecord
100
AcDbBlockTableRecord
  2
SW_CENTERMARKSYMBOL_5
340
0
102
{BLKREFS
331
23A
102
}
  0
BLOCK_RECORD
  5
23D
330
1
100
AcDbSymbolTableRecord
100
AcDbBlockTableRecord
  2
SW_CENTERMARKSYMBOL_6
340
0
102
{BLKREFS
331
248
102
}
  0
BLOCK_RECORD
  5
24B
330
1
100
AcDbSymbolTableRecord
100
AcDbBlockTableRecord
  2
SW_CENTERMARKSYMBOL_7
340
0
102
{BLKREFS
331
256
102
}
  0
BLOCK_RECORD
  5
259
330
1
100
AcDbSymbolTableRecord
100
AcDbBlockTableRecord
  2
SW_CENTERMARKSYMBOL_8
340
0
102
{BLKREFS
331
264
102
}
  0
BLOCK_RECORD
  5
26F
330
1
100
AcDbSymbolTableRecord
100
AcDbBlockTableRecord
  2
SW_CENTERMARKSYMBOL_9
340
0
102
{BLKREFS
331
27A
102
}
  0
BLOCK_RECORD
  5
285
330
1
100
AcDbSymbolTableRecord
100
AcDbBlockTableRecord
  2
SW_CENTERMARKSYMBOL_10
340
0
102
{BLKREFS
331
290
102
}
  0
BLOCK_RECORD
  5
29B
330
1
100
AcDbSymbolTableRecord
100
AcDbBlockTableRecord
  2
SW_CENTERMARKSYMBOL_11
340
0
102
{BLKREFS
331
2A6
102
}
  0
BLOCK_RECORD
  5
2B2
330
1
100
AcDbSymbolTableRecord
100
AcDbBlockTableRecord
  2
_D_20
340
0
  0
BLOCK_RECORD
  5
2BC
330
1
100
AcDbSymbolTableRecord
100
AcDbBlockTableRecord
  2
SW_CENTERMARKSYMBOL_12
340
0
102
{BLKREFS
331
2C7
102
}
  0
BLOCK_RECORD
  5
2D2
330
1
100
AcDbSymbolTableRecord
100
AcDbBlockTableRecord
  2
SW_CENTERMARKSYMBOL_13
340
0
102
{BLKREFS
331
2DD
102
}
  0
BLOCK_RECORD
  5
2E8
330
1
100
AcDbSymbolTableRecord
100
AcDbBlockTableRecord
  2
SW_CENTERMARKSYMBOL_14
340
0
102
{BLKREFS
331
2F3
102
}
  0
BLOCK_RECORD
  5
2FF
330
1
100
AcDbSymbolTableRecord
100
AcDbBlockTableRecord
  2
_D_21
340
0
  0
BLOCK_RECORD
  5
30B
330
1
100
AcDbSymbolTableRecord
100
AcDbBlockTableRecord
  2
_D_22
340
0
  0
BLOCK_RECORD
  5
317
330
1
100
AcDbSymbolTableRecord
100
AcDbBlockTableRecord
  2
_D_23
340
0
  0
BLOCK_RECORD
  5
320
330
1
100
AcDbSymbolTableRecord
100
AcDbBlockTableRecord
  2
_D_24
340
0
  0
BLOCK_RECORD
  5
329
330
1
100
AcDbSymbolTableRecord
100
AcDbBlockTableRecord
  2
_D_25
340
0
  0
BLOCK_RECORD
  5
333
330
1
100
AcDbSymbolTableRecord
100
AcDbBlockTableRecord
  2
SW_CENTERMARKSYMBOL_15
340
0
102
{BLKREFS
331
33E
102
}
  0
BLOCK_RECORD
  5
34A
330
1
100
AcDbSymbolTableRecord
100
AcDbBlockTableRecord
  2
_D_26
340
0
  0
BLOCK_RECORD
  5
354
330
1
100
AcDbSymbolTableRecord
100
AcDbBlockTableRecord
  2
SW_CENTERMARKSYMBOL_16
340
0
102
{BLKREFS
331
35F
102
}
  0
BLOCK_RECORD
  5
374
330
1
100
AcDbSymbolTableRecord
100
AcDbBlockTableRecord
  2
_D_27
340
0
  0
BLOCK_RECORD
  5
37D
330
1
100
AcDbSymbolTableRecord
100
AcDbBlockTableRecord
  2
_D_28
340
0
  0
BLOCK_RECORD
  5
386
330
1
100
AcDbSymbolTableRecord
100
AcDbBlockTableRecord
  2
_D_29
340
0
  0
BLOCK_RECORD
  5
392
330
1
100
AcDbSymbolTableRecord
100
AcDbBlockTableRecord
  2
_D_30
340
0
  0
BLOCK_RECORD
  5
39D
330
1
100
AcDbSymbolTableRecord
100
AcDbBlockTableRecord
  2
_D_31
340
0
  0
BLOCK_RECORD
  5
3A6
330
1
100
AcDbSymbolTableRecord
100
AcDbBlockTableRecord
  2
_D_32
340
0
  0
BLOCK_RECORD
  5
3B1
330
1
100
AcDbSymbolTableRecord
100
AcDbBlockTableRecord
  2
_D_33
340
0
  0
BLOCK_RECORD
  5
3BD
330
1
100
AcDbSymbolTableRecord
100
AcDbBlockTableRecord
  2
_D_34
340
0
  0
BLOCK_RECORD
  5
3C7
330
1
100
AcDbSymbolTableRecord
100
AcDbBlockTableRecord
  2
_D_35
340
0
  0
BLOCK_RECORD
  5
3FA
330
1
100
AcDbSymbolTableRecord
100
AcDbBlockTableRecord
  2
_D_36
340
0
  0
BLOCK_RECORD
  5
403
330
1
100
AcDbSymbolTableRecord
100
AcDbBlockTableRecord
  2
_D_37
340
0
  0
BLOCK_RECORD
  5
40E
330
1
100
AcDbSymbolTableRecord
100
AcDbBlockTableRecord
  2
_D_38
340
0
  0
BLOCK_RECORD
  5
41B
330
1
100
AcDbSymbolTableRecord
100
AcDbBlockTableRecord
  2
_D_39
340
0
  0
BLOCK_RECORD
  5
44E
330
1
100
AcDbSymbolTableRecord
100
AcDbBlockTableRecord
  2
_D_40
340
0
  0
BLOCK_RECORD
  5
458
330
1
100
AcDbSymbolTableRecord
100
AcDbBlockTableRecord
  2
_D_41
340
0
  0
BLOCK_RECORD
  5
461
330
1
100
AcDbSymbolTableRecord
100
AcDbBlockTableRecord
  2
_D_42
340
0
  0
BLOCK_RECORD
  5
46B
330
1
100
AcDbSymbolTableRecord
100
AcDbBlockTableRecord
  2
_D_43
340
0
  0
BLOCK_RECORD
  5
478
330
1
100
AcDbSymbolTableRecord
100
AcDbBlockTableRecord
  2
_D_44
340
0
  0
BLOCK_RECORD
  5
491
330
1
100
AcDbSymbolTableRecord
100
AcDbBlockTableRecord
  2
_D_45
340
0
  0
BLOCK_RECORD
  5
49C
330
1
100
AcDbSymbolTableRecord
100
AcDbBlockTableRecord
  2
_D_46
340
0
  0
BLOCK_RECORD
  5
4B2
330
1
100
AcDbSymbolTableRecord
100
AcDbBlockTableRecord
  2
_D_47
340
0
  0
BLOCK_RECORD
  5
4BB
330
1
100
AcDbSymbolTableRecord
100
AcDbBlockTableRecord
  2
_D_48
340
0
  0
BLOCK_RECORD
  5
4C4
330
1
100
AcDbSymbolTableRecord
100
AcDbBlockTableRecord
  2
_D_49
340
0
  0
BLOCK_RECORD
  5
4D9
330
1
100
AcDbSymbolTableRecord
100
AcDbBlockTableRecord
  2
_D_50
340
0
  0
BLOCK_RECORD
  5
4E5
330
1
100
AcDbSymbolTableRecord
100
AcDbBlockTableRecord
  2
_D_51
340
0
  0
BLOCK_RECORD
  5
4F8
330
1
100
AcDbSymbolTableRecord
100
AcDbBlockTableRecord
  2
SW_CENTERMARKSYMBOL_17
340
0
102
{BLKREFS
331
503
102
}
  0
BLOCK_RECORD
  5
50E
330
1
100
AcDbSymbolTableRecord
100
AcDbBlockTableRecord
  2
SW_CENTERMARKSYMBOL_18
340
0
102
{BLKREFS
331
519
102
}
  0
BLOCK_RECORD
  5
524
330
1
100
AcDbSymbolTableRecord
100
AcDbBlockTableRecord
  2
SW_CENTERMARKSYMBOL_19
340
0
102
{BLKREFS
331
52F
102
}
  0
BLOCK_RECORD
  5
53A
330
1
100
AcDbSymbolTableRecord
100
AcDbBlockTableRecord
  2
SW_CENTERMARKSYMBOL_20
340
0
102
{BLKREFS
331
545
102
}
  0
BLOCK_RECORD
  5
550
330
1
100
AcDbSymbolTableRecord
100
AcDbBlockTableRecord
  2
SW_CENTERMARKSYMBOL_21
340
0
102
{BLKREFS
331
55B
102
}
  0
BLOCK_RECORD
  5
566
330
1
100
AcDbSymbolTableRecord
100
AcDbBlockTableRecord
  2
SW_CENTERMARKSYMBOL_22
340
0
102
{BLKREFS
331
571
102
}
  0
BLOCK_RECORD
  5
574
330
1
100
AcDbSymbolTableRecord
100
AcDbBlockTableRecord
  2
SW_CENTERMARKSYMBOL_23
340
0
102
{BLKREFS
331
57F
102
}
  0
BLOCK_RECORD
  5
582
330
1
100
AcDbSymbolTableRecord
100
AcDbBlockTableRecord
  2
SW_CENTERMARKSYMBOL_24
340
0
102
{BLKREFS
331
58D
102
}
  0
BLOCK_RECORD
  5
590
330
1
100
AcDbSymbolTableRecord
100
AcDbBlockTableRecord
  2
SW_CENTERMARKSYMBOL_25
340
0
102
{BLKREFS
331
59B
102
}
  0
BLOCK_RECORD
  5
5A6
330
1
100
AcDbSymbolTableRecord
100
AcDbBlockTableRecord
  2
SW_CENTERMARKSYMBOL_26
340
0
102
{BLKREFS
331
5B1
102
}
  0
BLOCK_RECORD
  5
5BC
330
1
100
AcDbSymbolTableRecord
100
AcDbBlockTableRecord
  2
SW_CENTERMARKSYMBOL_27
340
0
102
{BLKREFS
331
5C7
102
}
  0
BLOCK_RECORD
  5
5D2
330
1
100
AcDbSymbolTableRecord
100
AcDbBlockTableRecord
  2
SW_CENTERMARKSYMBOL_28
340
0
102
{BLKREFS
331
5DD
102
}
  0
BLOCK_RECORD
  5
5E9
330
1
100
AcDbSymbolTableRecord
100
AcDbBlockTableRecord
  2
_D_52
340
0
  0
BLOCK_RECORD
  5
5F4
330
1
100
AcDbSymbolTableRecord
100
AcDbBlockTableRecord
  2
_D_53
340
0
  0
BLOCK_RECORD
  5
5FE
330
1
100
AcDbSymbolTableRecord
100
AcDbBlockTableRecord
  2
SW_CENTERMARKSYMBOL_29
340
0
102
{BLKREFS
331
609
102
}
  0
BLOCK_RECORD
  5
614
330
1
100
AcDbSymbolTableRecord
100
AcDbBlockTableRecord
  2
SW_CENTERMARKSYMBOL_30
340
0
102
{BLKREFS
331
61F
102
}
  0
BLOCK_RECORD
  5
62A
330
1
100
AcDbSymbolTableRecord
100
AcDbBlockTableRecord
  2
SW_CENTERMARKSYMBOL_31
340
0
102
{BLKREFS
331
635
102
}
  0
BLOCK_RECORD
  5
641
330
1
100
AcDbSymbolTableRecord
100
AcDbBlockTableRecord
  2
_D_54
340
0
  0
BLOCK_RECORD
  5
64D
330
1
100
AcDbSymbolTableRecord
100
AcDbBlockTableRecord
  2
_D_55
340
0
  0
BLOCK_RECORD
  5
658
330
1
100
AcDbSymbolTableRecord
100
AcDbBlockTableRecord
  2
_D_56
340
0
  0
BLOCK_RECORD
  5
663
330
1
100
AcDbSymbolTableRecord
100
AcDbBlockTableRecord
  2
_D_57
340
0
  0
BLOCK_RECORD
  5
66C
330
1
100
AcDbSymbolTableRecord
100
AcDbBlockTableRecord
  2
_D_58
340
0
  0
BLOCK_RECORD
  5
674
330
1
100
AcDbSymbolTableRecord
100
AcDbBlockTableRecord
  2
SW_CENTERMARKSYMBOL_32
340
0
102
{BLKREFS
331
67F
102
}
  0
BLOCK_RECORD
  5
68A
330
1
100
AcDbSymbolTableRecord
100
AcDbBlockTableRecord
  2
SW_CENTERMARKSYMBOL_33
340
0
102
{BLKREFS
331
695
102
}
  0
BLOCK_RECORD
  5
698
330
1
100
AcDbSymbolTableRecord
100
AcDbBlockTableRecord
  2
SW_CENTERMARKSYMBOL_34
340
0
102
{BLKREFS
331
6A3
102
}
  0
BLOCK_RECORD
  5
6A6
330
1
100
AcDbSymbolTableRecord
100
AcDbBlockTableRecord
  2
SW_CENTERMARKSYMBOL_35
340
0
102
{BLKREFS
331
6B1
102
}
  0
BLOCK_RECORD
  5
6B4
330
1
100
AcDbSymbolTableRecord
100
AcDbBlockTableRecord
  2
SW_CENTERMARKSYMBOL_36
340
0
102
{BLKREFS
331
6BF
102
}
  0
BLOCK_RECORD
  5
6C2
330
1
100
AcDbSymbolTableRecord
100
AcDbBlockTableRecord
  2
SW_CENTERMARKSYMBOL_37
340
0
102
{BLKREFS
331
6CD
102
}
  0
BLOCK_RECORD
  5
6D0
330
1
100
AcDbSymbolTableRecord
100
AcDbBlockTableRecord
  2
SW_CENTERMARKSYMBOL_38
340
0
102
{BLKREFS
331
6DB
102
}
  0
BLOCK_RECORD
  5
6E0
330
1
100
AcDbSymbolTableRecord
100
AcDbBlockTableRecord
  2
_D_59
340
0
  0
BLOCK_RECORD
  5
6E9
330
1
100
AcDbSymbolTableRecord
100
AcDbBlockTableRecord
  2
_D_60
340
0
  0
BLOCK_RECORD
  5
6F1
330
1
100
AcDbSymbolTableRecord
100
AcDbBlockTableRecord
  2
SW_CENTERMARKSYMBOL_39
340
0
102
{BLKREFS
331
6FC
102
}
  0
ENDTAB
  0
ENDSEC
  0
SECTION
  2
BLOCKS
  0
BLOCK
  5
20
330
1F
100
AcDbEntity
  8
0
100
AcDbBlockBegin
  2
*Model_Space
 70
     0
 10
0.0
 20
0.0
 30
0.0
  3
*Model_Space
  1

  0
ENDBLK
  5
21
330
1F
100
AcDbEntity
  8
0
100
AcDbBlockEnd
  0
BLOCK
  5
1C
330
1B
100
AcDbEntity
 67
     1
  8
0
100
AcDbBlockBegin
  2
*Paper_Space
 70
     0
 10
0.0
 20
0.0
 30
0.0
  3
*Paper_Space
  1

  0
ENDBLK
  5
1D
330
1B
100
AcDbEntity
 67
     1
  8
0
100
AcDbBlockEnd
  0
BLOCK
  5
75
330
74
100
AcDbEntity
  8
0
100
AcDbBlockBegin
  2
_D
 70
     0
 10
0.0
 20
0.0
 30
0.0
  3
_D
  1

  0
SOLID
  5
77
330
74
100
AcDbEntity
  8
0
  6
Continuous
 62
     7
370
    18
100
AcDbTrace
 10
0.8363045365
 20
2.9237361539
 30
0.0
 11
0.9260099244
 21
3.0199283748
 31
0.0
 12
0.8929484297
 22
3.0424436489
 32
0.0
 13
0.8929484297
 23
3.0424436489
 33
0.0
  0
LINE
  5
78
330
74
100
AcDbEntity
  8
0
  6
Continuous
 62
     7
370
     0
100
AcDbLine
 10
0.8363045365
 20
2.9237361539
 30
0.0
 11
1.1981847473
 21
3.455122122
 31
0.0
  0
LINE
  5
79
330
74
100
AcDbEntity
  8
0
  6
Continuous
 62
     7
370
     0
100
AcDbLine
 10
1.1981847473
 20
3.455122122
 30
0.0
 11
0.9481847473
 21
3.455122122
 31
0.0
  0
MTEXT
  5
7A
330
74
100
AcDbEntity
  8
0
  6
Continuous
 62
     7
370
    18
100
AcDbMText
 10
0.4364052461
 20
3.5160819811
 30
0.0
 40
0.125
 41
0.0
 71
     1
 72
     1
  1
%%c
  7
SLDTEXTSTYLE0
 73
     1
 44
1.0
  0
MTEXT
  5
7B
330
74
100
AcDbEntity
  8
0
  6
Continuous
 62
     7
370
    18
100
AcDbMText
 10
0.6249208667
 20
3.5179917034
 30
0.0
 40
0.125
 41
0.0
 71
     1
 72
     1
  1
.250
  7
SLDTEXTSTYLE0
 73
     1
 44
1.0
  0
ENDBLK
  5
76
330
74
100
AcDbEntity
  8
0
100
AcDbBlockEnd
  0
BLOCK
  5
7E
330
7D
100
AcDbEntity
  8
0
100
AcDbBlockBegin
  2
_D_1
 70
     0
 10
0.0
 20
0.0
 30
0.0
  3
_D_1
  1

  0
SOLID
  5
80
330
7D
100
AcDbEntity
  8
0
  6
Continuous
 62
     7
370
    18
100
AcDbTrace
 10
0.8539148019
 20
7.7316147504
 30
0.0
 11
0.9311954413
 21
7.6251830692
 31
0.0
 12
0.9596127957
 22
7.6533336281
 32
0.0
 13
0.9596127957
 23
7.6533336281
 33
0.0
  0
LINE
  5
81
330
7D
100
AcDbEntity
  8
0
  6
Continuous
 62
     7
370
     0
100
AcDbLine
 10
0.8539148019
 20
7.7316147504
 30
0.0
 11
1.1466171802
 21
7.4361383009
 31
0.0
  0
LINE
  5
82
330
7D
100
AcDbEntity
  8
0
  6
Continuous
 62
     7
370
     0
100
AcDbLine
 10
1.1466171802
 20
7.4361383009
 30
0.0
 11
0.8966171802
 21
7.4361383009
 31
0.0
  0
MTEXT
  5
83
330
7D
100
AcDbEntity
  8
0
  6
Continuous
 62
     7
370
    18
100
AcDbMText
 10
0.384837679
 20
7.49709816
 30
0.0
 40
0.125
 41
0.0
 71
     1
 72
     1
  1
%%c
  7
SLDTEXTSTYLE0
 73
     1
 44
1.0
  0
MTEXT
  5
84
330
7D
100
AcDbEntity
  8
0
  6
Continuous
 62
     7
370
    18
100
AcDbMText
 10
0.5733532996
 20
7.4990078823
 30
0.0
 40
0.125
 41
0.0
 71
     1
 72
     1
  1
.250
  7
SLDTEXTSTYLE0
 73
     1
 44
1.0
  0
ENDBLK
  5
7F
330
7D
100
AcDbEntity
  8
0
100
AcDbBlockEnd
  0
BLOCK
  5
88
330
87
100
AcDbEntity
  8
0
100
AcDbBlockBegin
  2
_D_2
 70
     0
 10
0.0
 20
0.0
 30
0.0
  3
_D_2
  1

  0
SOLID
  5
8A
330
87
100
AcDbEntity
  8
0
  6
Continuous
 62
     7
370
    18
100
AcDbTrace
 10
1.4043805189
 20
2.3204189828
 30
0.0
 11
1.3843805189
 21
2.1904189828
 31
0.0
 12
1.4243805189
 22
2.1904189828
 32
0.0
 13
1.4243805189
 23
2.1904189828
 33
0.0
  0
SOLID
  5
8B
330
87
100
AcDbEntity
  8
0
  6
Continuous
 62
     7
370
    18
100
AcDbTrace
 10
1.4043805189
 20
2.4454189828
 30
0.0
 11
1.4243805189
 21
2.5754189828
 31
0.0
 12
1.3843805189
 22
2.5754189828
 32
0.0
 13
1.3843805189
 23
2.5754189828
 33
0.0
  0
LINE
  5
8C
330
87
100
AcDbEntity
  8
0
  6
Continuous
 62
     7
370
     0
100
AcDbLine
 10
0.6909443051
 20
2.3204189828
 30
0.0
 11
1.5293805189
 21
2.3204189828
 31
0.0
  0
LINE
  5
8D
330
87
100
AcDbEntity
  8
0
  6
Continuous
 62
     7
370
     0
100
AcDbLine
 10
0.9409443051
 20
2.4454189828
 30
0.0
 11
1.5293805189
 21
2.4454189828
 31
0.0
  0
LINE
  5
8E
330
87
100
AcDbEntity
  8
0
  6
Continuous
 62
     7
370
     0
100
AcDbLine
 10
1.6543805189
 20
2.1170389466
 30
0.0
 11
1.4043805189
 21
2.1170389466
 31
0.0
  0
LINE
  5
8F
330
87
100
AcDbEntity
  8
0
  6
Continuous
 62
     7
370
     0
100
AcDbLine
 10
1.4043805189
 20
2.1170389466
 30
0.0
 11
1.4043805189
 21
2.3204189828
 31
0.0
  0
LINE
  5
90
330
87
100
AcDbEntity
  8
0
  6
Continuous
 62
     7
370
     0
100
AcDbLine
 10
1.4043805189
 20
2.4454189828
 30
0.0
 11
1.4043805189
 21
2.6954189828
 31
0.0
  0
MTEXT
  5
91
330
87
100
AcDbEntity
  8
0
  6
Continuous
 62
     7
370
    18
100
AcDbMText
 10
1.6543805189
 20
2.1789536749
 30
0.0
 40
0.125
 41
0.0
 71
     1
 72
     1
  1
.125
  7
SLDTEXTSTYLE0
 73
     1
 44
1.0
  0
ENDBLK
  5
89
330
87
100
AcDbEntity
  8
0
100
AcDbBlockEnd
  0
BLOCK
  5
95
330
94
100
AcDbEntity
  8
0
100
AcDbBlockBegin
  2
_D_3
 70
     0
 10
0.0
 20
0.0
 30
0.0
  3
_D_3
  1

  0
SOLID
  5
97
330
94
100
AcDbEntity
  8
0
  6
Continuous
 62
     7
370
    18
100
AcDbTrace
 10
0.6409443051
 20
1.9267181954
 30
0.0
 11
0.5109443051
 21
1.9467181954
 31
0.0
 12
0.5109443051
 22
1.9067181954
 32
0.0
 13
0.5109443051
 23
1.9067181954
 33
0.0
  0
SOLID
  5
98
330
94
100
AcDbEntity
  8
0
  6
Continuous
 62
     7
370
    18
100
AcDbTrace
 10
0.8909443051
 20
1.9267181954
 30
0.0
 11
1.0209443051
 21
1.9067181954
 31
0.0
 12
1.0209443051
 22
1.9467181954
 32
0.0
 13
1.0209443051
 23
1.9467181954
 33
0.0
  0
LINE
  5
99
330
94
100
AcDbEntity
  8
0
  6
Continuous
 62
     7
370
     0
100
AcDbLine
 10
0.6409443051
 20
2.2704189828
 30
0.0
 11
0.6409443051
 21
1.8017181954
 31
0.0
  0
LINE
  5
9A
330
94
100
AcDbEntity
  8
0
  6
Continuous
 62
     7
370
     0
100
AcDbLine
 10
0.8909443051
 20
2.2704189828
 30
0.0
 11
0.8909443051
 21
1.8017181954
 31
0.0
  0
LINE
  5
9B
330
94
100
AcDbEntity
  8
0
  6
Continuous
 62
     7
370
     0
100
AcDbLine
 10
0.6409443051
 20
1.9267181954
 30
0.0
 11
0.4758365248
 21
1.9267181954
 31
0.0
  0
LINE
  5
9C
330
94
100
AcDbEntity
  8
0
  6
Continuous
 62
     7
370
     0
100
AcDbLine
 10
0.8909443051
 20
1.9267181954
 30
0.0
 11
1.1409443051
 21
1.9267181954
 31
0.0
  0
MTEXT
  5
9D
330
94
100
AcDbEntity
  8
0
  6
Continuous
 62
     7
370
    18
100
AcDbMText
 10
0.1525726258
 20
1.9886329236
 30
0.0
 40
0.125
 41
0.0
 71
     1
 72
     1
  1
.250
  7
SLDTEXTSTYLE0
 73
     1
 44
1.0
  0
ENDBLK
  5
96
330
94
100
AcDbEntity
  8
0
100
AcDbBlockEnd
  0
BLOCK
  5
A0
330
9F
100
AcDbEntity
  8
0
100
AcDbBlockBegin
  2
_D_4
 70
     0
 10
0.0
 20
0.0
 30
0.0
  3
_D_4
  1

  0
SOLID
  5
A2
330
9F
100
AcDbEntity
  8
0
  6
Continuous
 62
     7
370
    18
100
AcDbTrace
 10
0.2659443051
 20
4.1078688525
 30
0.0
 11
0.3959443051
 21
4.0878688525
 31
0.0
 12
0.3959443051
 22
4.1278688525
 32
0.0
 13
0.3959443051
 23
4.1278688525
 33
0.0
  0
SOLID
  5
A3
330
9F
100
AcDbEntity
  8
0
  6
Continuous
 62
     7
370
    18
100
AcDbTrace
 10
1.2659443051
 20
4.1078688525
 30
0.0
 11
1.1359443051
 21
4.1278688525
 31
0.0
 12
1.1359443051
 22
4.0878688525
 32
0.0
 13
1.1359443051
 23
4.0878688525
 33
0.0
  0
LINE
  5
A4
330
9F
100
AcDbEntity
  8
0
  6
Continuous
 62
     7
370
     0
100
AcDbLine
 10
0.2659443051
 20
4.1078688525
 30
0.0
 11
0.5485575274
 21
4.1078688525
 31
0.0
  0
LINE
  5
A5
330
9F
100
AcDbEntity
  8
0
  6
Continuous
 62
     7
370
     0
100
AcDbLine
 10
1.2659443051
 20
4.1078688525
 30
0.0
 11
0.9641825194
 21
4.1078688525
 31
0.0
  0
MTEXT
  5
A6
330
9F
100
AcDbEntity
  8
0
  6
Continuous
 62
     7
370
    18
100
AcDbMText
 10
0.5485575274
 20
4.1697835807
 30
0.0
 40
0.125
 41
0.0
 71
     1
 72
     1
  1
1.000
  7
SLDTEXTSTYLE0
 73
     1
 44
1.0
  0
ENDBLK
  5
A1
330
9F
100
AcDbEntity
  8
0
100
AcDbBlockEnd
  0
BLOCK
  5
A9
330
A8
100
AcDbEntity
  8
0
100
AcDbBlockBegin
  2
_D_5
 70
     0
 10
0.0
 20
0.0
 30
0.0
  3
_D_5
  1

  0
SOLID
  5
AB
330
A8
100
AcDbEntity
  8
0
  6
Continuous
 62
     7
370
    18
100
AcDbTrace
 10
0.8912792676
 20
5.346440281
 30
0.0
 11
1.0212792676
 21
5.326440281
 31
0.0
 12
1.0212792676
 22
5.366440281
 32
0.0
 13
1.0212792676
 23
5.366440281
 33
0.0
  0
SOLID
  5
AC
330
A8
100
AcDbEntity
  8
0
  6
Continuous
 62
     7
370
    18
100
AcDbTrace
 10
0.6412792676
 20
5.346440281
 30
0.0
 11
0.5112792676
 21
5.366440281
 31
0.0
 12
0.5112792676
 22
5.326440281
 32
0.0
 13
0.5112792676
 23
5.326440281
 33
0.0
  0
LINE
  5
AD
330
A8
100
AcDbEntity
  8
0
  6
Continuous
 62
     7
370
     0
100
AcDbLine
 10
0.8912792676
 20
6.1404189828
 30
0.0
 11
0.8912792676
 21
5.221440281
 31
0.0
  0
LINE
  5
AE
330
A8
100
AcDbEntity
  8
0
  6
Continuous
 62
     7
370
     0
100
AcDbLine
 10
0.6412792676
 20
6.1404189828
 30
0.0
 11
0.6412792676
 21
5.221440281
 31
0.0
  0
LINE
  5
AF
330
A8
100
AcDbEntity
  8
0
  6
Continuous
 62
     7
370
     0
100
AcDbLine
 10
0.8912792676
 20
5.346440281
 30
0.0
 11
1.7723961536
 21
5.346440281
 31
0.0
  0
LINE
  5
B0
330
A8
100
AcDbEntity
  8
0
  6
Continuous
 62
     7
370
     0
100
AcDbLine
 10
0.6412792676
 20
5.346440281
 30
0.0
 11
0.3912792676
 21
5.346440281
 31
0.0
  0
MTEXT
  5
B1
330
A8
100
AcDbEntity
  8
0
  6
Continuous
 62
     7
370
    18
100
AcDbMText
 10
1.7723961536
 20
5.4083550093
 30
0.0
 40
0.125
 41
0.0
 71
     1
 72
     1
  1
.250
  7
SLDTEXTSTYLE0
 73
     1
 44
1.0
  0
ENDBLK
  5
AA
330
A8
100
AcDbEntity
  8
0
100
AcDbBlockEnd
  0
BLOCK
  5
B4
330
B3
100
AcDbEntity
  8
0
100
AcDbBlockBegin
  2
_D_6
 70
     0
 10
0.0
 20
0.0
 30
0.0
  3
_D_6
  1

  0
SOLID
  5
B6
330
B3
100
AcDbEntity
  8
0
  6
Continuous
 62
     7
370
    18
100
AcDbTrace
 10
1.6596450925
 20
6.3154189828
 30
0.0
 11
1.6796450925
 21
6.4454189828
 31
0.0
 12
1.6396450925
 22
6.4454189828
 32
0.0
 13
1.6396450925
 23
6.4454189828
 33
0.0
  0
SOLID
  5
B7
330
B3
100
AcDbEntity
  8
0
  6
Continuous
 62
     7
370
    18
100
AcDbTrace
 10
1.6596450925
 20
6.1904189828
 30
0.0
 11
1.6396450925
 21
6.0604189828
 31
0.0
 12
1.6796450925
 22
6.0604189828
 32
0.0
 13
1.6796450925
 23
6.0604189828
 33
0.0
  0
LINE
  5
B8
330
B3
100
AcDbEntity
  8
0
  6
Continuous
 62
     7
370
     0
100
AcDbLine
 10
0.9412792676
 20
6.3154189828
 30
0.0
 11
1.7846450925
 21
6.3154189828
 31
0.0
  0
LINE
  5
B9
330
B3
100
AcDbEntity
  8
0
  6
Continuous
 62
     7
370
     0
100
AcDbLine
 10
0.9412792676
 20
6.1904189828
 30
0.0
 11
1.7846450925
 21
6.1904189828
 31
0.0
  0
LINE
  5
BA
330
B3
100
AcDbEntity
  8
0
  6
Continuous
 62
     7
370
     0
100
AcDbLine
 10
1.9096450925
 20
6.848969555
 30
0.0
 11
1.6596450925
 21
6.848969555
 31
0.0
  0
LINE
  5
BB
330
B3
100
AcDbEntity
  8
0
  6
Continuous
 62
     7
370
     0
100
AcDbLine
 10
1.6596450925
 20
6.848969555
 30
0.0
 11
1.6596450925
 21
6.3154189828
 31
0.0
  0
LINE
  5
BC
330
B3
100
AcDbEntity
  8
0
  6
Continuous
 62
     7
370
     0
100
AcDbLine
 10
1.6596450925
 20
6.1904189828
 30
0.0
 11
1.6596450925
 21
5.9404189828
 31
0.0
  0
MTEXT
  5
BD
330
B3
100
AcDbEntity
  8
0
  6
Continuous
 62
     7
370
    18
100
AcDbMText
 10
1.9096450925
 20
6.9108842833
 30
0.0
 40
0.125
 41
0.0
 71
     1
 72
     1
  1
.125
  7
SLDTEXTSTYLE0
 73
     1
 44
1.0
  0
ENDBLK
  5
B5
330
B3
100
AcDbEntity
  8
0
100
AcDbBlockEnd
  0
BLOCK
  5
C0
330
BF
100
AcDbEntity
  8
0
100
AcDbBlockBegin
  2
_D_7
 70
     0
 10
0.0
 20
0.0
 30
0.0
  3
_D_7
  1

  0
SOLID
  5
C2
330
BF
100
AcDbEntity
  8
0
  6
Continuous
 62
     7
370
    18
100
AcDbTrace
 10
0.4416510539
 20
7.8204189828
 30
0.0
 11
0.4216510539
 21
7.6904189828
 31
0.0
 12
0.4616510539
 22
7.6904189828
 32
0.0
 13
0.4616510539
 23
7.6904189828
 33
0.0
  0
SOLID
  5
C3
330
BF
100
AcDbEntity
  8
0
  6
Continuous
 62
     7
370
    18
100
AcDbTrace
 10
0.4416510539
 20
8.3204189828
 30
0.0
 11
0.4616510539
 21
8.4504189828
 31
0.0
 12
0.4216510539
 22
8.4504189828
 32
0.0
 13
0.4216510539
 23
8.4504189828
 33
0.0
  0
LINE
  5
C4
330
BF
100
AcDbEntity
  8
0
  6
Continuous
 62
     7
370
     0
100
AcDbLine
 10
0.7159443051
 20
7.8204189828
 30
0.0
 11
0.3166510539
 21
7.8204189828
 31
0.0
  0
LINE
  5
C5
330
BF
100
AcDbEntity
  8
0
  6
Continuous
 62
     7
370
     0
100
AcDbLine
 10
0.4416510539
 20
7.8204189828
 30
0.0
 11
0.4416510539
 21
7.5704189828
 31
0.0
  0
LINE
  5
C6
330
BF
100
AcDbEntity
  8
0
  6
Continuous
 62
     7
370
     0
100
AcDbLine
 10
0.4416510539
 20
8.3204189828
 30
0.0
 11
0.4416510539
 21
8.5704189828
 31
0.0
  0
MTEXT
  5
C7
330
BF
100
AcDbEntity
  8
0
  6
Continuous
 62
     7
370
    18
100
AcDbMText
 10
0.2800191044
 20
8.0885423629
 30
0.0
 40
0.125
 41
0.0
 71
     1
 72
     1
  1
.500
  7
SLDTEXTSTYLE0
 73
     1
 44
1.0
  0
ENDBLK
  5
C1
330
BF
100
AcDbEntity
  8
0
100
AcDbBlockEnd
  0
BLOCK
  5
CA
330
C9
100
AcDbEntity
  8
0
100
AcDbBlockBegin
  2
_D_8
 70
     0
 10
0.0
 20
0.0
 30
0.0
  3
_D_8
  1

  0
SOLID
  5
CC
330
C9
100
AcDbEntity
  8
0
  6
Continuous
 62
     7
370
    18
100
AcDbTrace
 10
0.4416510539
 20
2.3204189828
 30
0.0
 11
0.4216510539
 21
2.1904189828
 31
0.0
 12
0.4616510539
 22
2.1904189828
 32
0.0
 13
0.4616510539
 23
2.1904189828
 33
0.0
  0
SOLID
  5
CD
330
C9
100
AcDbEntity
  8
0
  6
Continuous
 62
     7
370
    18
100
AcDbTrace
 10
0.4416510539
 20
2.8204189828
 30
0.0
 11
0.4616510539
 21
2.9504189828
 31
0.0
 12
0.4216510539
 22
2.9504189828
 32
0.0
 13
0.4216510539
 23
2.9504189828
 33
0.0
  0
LINE
  5
CE
330
C9
100
AcDbEntity
  8
0
  6
Continuous
 62
     7
370
     0
100
AcDbLine
 10
0.7159443051
 20
2.8204189828
 30
0.0
 11
0.3166510539
 21
2.8204189828
 31
0.0
  0
LINE
  5
CF
330
C9
100
AcDbEntity
  8
0
  6
Continuous
 62
     7
370
     0
100
AcDbLine
 10
0.4416510539
 20
2.3204189828
 30
0.0
 11
0.4416510539
 21
2.0704189828
 31
0.0
  0
LINE
  5
D0
330
C9
100
AcDbEntity
  8
0
  6
Continuous
 62
     7
370
     0
100
AcDbLine
 10
0.4416510539
 20
2.8204189828
 30
0.0
 11
0.4416510539
 21
3.0704189828
 31
0.0
  0
MTEXT
  5
D1
330
C9
100
AcDbEntity
  8
0
  6
Continuous
 62
     7
370
    18
100
AcDbMText
 10
0.2800191044
 20
2.6774065315
 30
0.0
 40
0.125
 41
0.0
 71
     1
 72
     1
  1
.500
  7
SLDTEXTSTYLE0
 73
     1
 44
1.0
  0
ENDBLK
  5
CB
330
C9
100
AcDbEntity
  8
0
100
AcDbBlockEnd
  0
BLOCK
  5
125
330
124
100
AcDbEntity
  8
0
100
AcDbBlockBegin
  2
_D_9
 70
     0
 10
0.0
 20
0.0
 30
0.0
  3
_D_9
  1

  0
SOLID
  5
127
330
124
100
AcDbEntity
  8
0
  6
Continuous
 62
     7
370
    18
100
AcDbTrace
 10
9.1704879903
 20
1.4353245066
 30
0.0
 11
9.0404879903
 21
1.4553245066
 31
0.0
 12
9.0404879903
 22
1.4153245066
 32
0.0
 13
9.0404879903
 23
1.4153245066
 33
0.0
  0
SOLID
  5
128
330
124
100
AcDbEntity
  8
0
  6
Continuous
 62
     7
370
    18
100
AcDbTrace
 10
0.1704879903
 20
1.4353245066
 30
0.0
 11
0.3004879903
 21
1.4153245066
 31
0.0
 12
0.3004879903
 22
1.4553245066
 32
0.0
 13
0.3004879903
 23
1.4553245066
 33
0.0
  0
LINE
  5
129
330
124
100
AcDbEntity
  8
0
  6
Continuous
 62
     7
370
     0
100
AcDbLine
 10
9.1704879903
 20
1.4419803833
 30
0.0
 11
9.1704879903
 21
1.3103245066
 31
0.0
  0
LINE
  5
12A
330
124
100
AcDbEntity
  8
0
  6
Continuous
 62
     7
370
     0
100
AcDbLine
 10
9.1704879903
 20
1.4353245066
 30
0.0
 11
5.6033225543
 21
1.4353245066
 31
0.0
  0
LINE
  5
12B
330
124
100
AcDbEntity
  8
0
  6
Continuous
 62
     7
370
     0
100
AcDbLine
 10
0.1704879903
 20
1.4353245066
 30
0.0
 11
5.1876975623
 21
1.4353245066
 31
0.0
  0
MTEXT
  5
12C
330
124
100
AcDbEntity
  8
0
  6
Continuous
 62
     7
370
    18
100
AcDbMText
 10
5.1876975623
 20
1.4972392349
 30
0.0
 40
0.125
 41
0.0
 71
     1
 72
     1
  1
9.000
  7
SLDTEXTSTYLE0
 73
     1
 44
1.0
  0
ENDBLK
  5
126
330
124
100
AcDbEntity
  8
0
100
AcDbBlockEnd
  0
BLOCK
  5
12F
330
12E
100
AcDbEntity
  8
0
100
AcDbBlockBegin
  2
_D_10
 70
     0
 10
0.0
 20
0.0
 30
0.0
  3
_D_10
  1

  0
SOLID
  5
131
330
12E
100
AcDbEntity
  8
0
  6
Continuous
 62
     7
370
    18
100
AcDbTrace
 10
3.2826710098
 20
1.0584803833
 30
0.0
 11
3.3026710098
 21
1.1884803833
 31
0.0
 12
3.2626710098
 22
1.1884803833
 32
0.0
 13
3.2626710098
 23
1.1884803833
 33
0.0
  0
SOLID
  5
132
330
12E
100
AcDbEntity
  8
0
  6
Continuous
 62
     7
370
    18
100
AcDbTrace
 10
3.2826710098
 20
1.8084803833
 30
0.0
 11
3.2626710098
 21
1.6784803833
 31
0.0
 12
3.3026710098
 22
1.6784803833
 32
0.0
 13
3.3026710098
 23
1.6784803833
 33
0.0
  0
LINE
  5
133
330
12E
100
AcDbEntity
  8
0
  6
Continuous
 62
     7
370
     0
100
AcDbLine
 10
3.2826710098
 20
1.0584803833
 30
0.0
 11
3.2826710098
 21
1.3407426332
 31
0.0
  0
LINE
  5
134
330
12E
100
AcDbEntity
  8
0
  6
Continuous
 62
     7
370
     0
100
AcDbLine
 10
3.2826710098
 20
1.8084803833
 30
0.0
 11
3.2826710098
 21
1.5391801392
 31
0.0
  0
MTEXT
  5
135
330
12E
100
AcDbEntity
  8
0
  6
Continuous
 62
     7
370
    18
100
AcDbMText
 10
3.1210390603
 20
1.5018761144
 30
0.0
 40
0.125
 41
0.0
 71
     1
 72
     1
  1
.750
  7
SLDTEXTSTYLE0
 73
     1
 44
1.0
  0
ENDBLK
  5
130
330
12E
100
AcDbEntity
  8
0
100
AcDbBlockEnd
  0
BLOCK
  5
138
330
137
100
AcDbEntity
  8
0
100
AcDbBlockBegin
  2
_D_11
 70
     0
 10
0.0
 20
0.0
 30
0.0
  3
_D_11
  1

  0
SOLID
  5
13A
330
137
100
AcDbEntity
  8
0
  6
Continuous
 62
     7
370
    18
100
AcDbTrace
 10
9.1704879903
 20
1.7073808327
 30
0.0
 11
9.3004879903
 21
1.6873808327
 31
0.0
 12
9.3004879903
 22
1.7273808327
 32
0.0
 13
9.3004879903
 23
1.7273808327
 33
0.0
  0
SOLID
  5
13B
330
137
100
AcDbEntity
  8
0
  6
Continuous
 62
     7
370
    18
100
AcDbTrace
 10
8.9204879903
 20
1.7073808327
 30
0.0
 11
8.7904879903
 21
1.7273808327
 31
0.0
 12
8.7904879903
 22
1.6873808327
 32
0.0
 13
8.7904879903
 23
1.6873808327
 33
0.0
  0
LINE
  5
13C
330
137
100
AcDbEntity
  8
0
  6
Continuous
 62
     7
370
     0
100
AcDbLine
 10
8.9204879903
 20
1.5419803833
 30
0.0
 11
8.9204879903
 21
1.8323808327
 31
0.0
  0
LINE
  5
13D
330
137
100
AcDbEntity
  8
0
  6
Continuous
 62
     7
370
     0
100
AcDbLine
 10
9.1704879903
 20
1.7073808327
 30
0.0
 11
9.4025568282
 21
1.7073808327
 31
0.0
  0
LINE
  5
13E
330
137
100
AcDbEntity
  8
0
  6
Continuous
 62
     7
370
     0
100
AcDbLine
 10
8.9204879903
 20
1.7073808327
 30
0.0
 11
8.6704879903
 21
1.7073808327
 31
0.0
  0
MTEXT
  5
13F
330
137
100
AcDbEntity
  8
0
  6
Continuous
 62
     7
370
    18
100
AcDbMText
 10
9.4025568282
 20
1.769295561
 30
0.0
 40
0.125
 41
0.0
 71
     1
 72
     1
  1
.250
  7
SLDTEXTSTYLE0
 73
     1
 44
1.0
  0
ENDBLK
  5
139
330
137
100
AcDbEntity
  8
0
100
AcDbBlockEnd
  0
BLOCK
  5
142
330
141
100
AcDbEntity
  8
0
100
AcDbBlockBegin
  2
_D_12
 70
     0
 10
0.0
 20
0.0
 30
0.0
  3
_D_12
  1

  0
SOLID
  5
144
330
141
100
AcDbEntity
  8
0
  6
Continuous
 62
     7
370
    18
100
AcDbTrace
 10
9.3560672224
 20
1.4919803833
 30
0.0
 11
9.3760672224
 21
1.6219803833
 31
0.0
 12
9.3360672224
 22
1.6219803833
 32
0.0
 13
9.3360672224
 23
1.6219803833
 33
0.0
  0
SOLID
  5
145
330
141
100
AcDbEntity
  8
0
  6
Continuous
 62
     7
370
    18
100
AcDbTrace
 10
9.3560672224
 20
1.3749803833
 30
0.0
 11
9.3360672224
 21
1.2449803833
 31
0.0
 12
9.3760672224
 22
1.2449803833
 32
0.0
 13
9.3760672224
 23
1.2449803833
 33
0.0
  0
LINE
  5
146
330
141
100
AcDbEntity
  8
0
  6
Continuous
 62
     7
370
     0
100
AcDbLine
 10
9.2204879903
 20
1.4919803833
 30
0.0
 11
9.4810672224
 21
1.4919803833
 31
0.0
  0
LINE
  5
147
330
141
100
AcDbEntity
  8
0
  6
Continuous
 62
     7
370
     0
100
AcDbLine
 10
9.2204879903
 20
1.3749803833
 30
0.0
 11
9.4810672224
 21
1.3749803833
 31
0.0
  0
LINE
  5
148
330
141
100
AcDbEntity
  8
0
  6
Continuous
 62
     7
370
     0
100
AcDbLine
 10
9.6060672224
 20
1.2094423771
 30
0.0
 11
9.3560672224
 21
1.2094423771
 31
0.0
  0
LINE
  5
149
330
141
100
AcDbEntity
  8
0
  6
Continuous
 62
     7
370
     0
100
AcDbLine
 10
9.3560672224
 20
1.2094423771
 30
0.0
 11
9.3560672224
 21
1.3749803833
 31
0.0
  0
LINE
  5
14A
330
141
100
AcDbEntity
  8
0
  6
Continuous
 62
     7
370
     0
100
AcDbLine
 10
9.3560672224
 20
1.4919803833
 30
0.0
 11
9.3560672224
 21
1.7419803833
 31
0.0
  0
MTEXT
  5
14B
330
141
100
AcDbEntity
  8
0
  6
Continuous
 62
     7
370
    18
100
AcDbMText
 10
9.6060672224
 20
1.2713571053
 30
0.0
 40
0.125
 41
0.0
 71
     1
 72
     1
  1
.117
  7
SLDTEXTSTYLE0
 73
     1
 44
1.0
  0
ENDBLK
  5
143
330
141
100
AcDbEntity
  8
0
100
AcDbBlockEnd
  0
BLOCK
  5
15C
330
15B
100
AcDbEntity
  8
0
100
AcDbBlockBegin
  2
_D_13
 70
     0
 10
0.0
 20
0.0
 30
0.0
  3
_D_13
  1

  0
SOLID
  5
15E
330
15B
100
AcDbEntity
  8
0
  6
Continuous
 62
     7
370
    18
100
AcDbTrace
 10
1.5573023112
 20
1.9256847072
 30
0.0
 11
1.6873023112
 21
1.9056847072
 31
0.0
 12
1.6873023112
 22
1.9456847072
 32
0.0
 13
1.6873023112
 23
1.9456847072
 33
0.0
  0
SOLID
  5
15F
330
15B
100
AcDbEntity
  8
0
  6
Continuous
 62
     7
370
    18
100
AcDbTrace
 10
2.5573023112
 20
1.9256847072
 30
0.0
 11
2.4273023112
 21
1.9456847072
 31
0.0
 12
2.4273023112
 22
1.9056847072
 32
0.0
 13
2.4273023112
 23
1.9056847072
 33
0.0
  0
LINE
  5
160
330
15B
100
AcDbEntity
  8
0
  6
Continuous
 62
     7
370
     0
100
AcDbLine
 10
1.5573023112
 20
2.2693854946
 30
0.0
 11
1.5573023112
 21
1.8006847072
 31
0.0
  0
LINE
  5
161
330
15B
100
AcDbEntity
  8
0
  6
Continuous
 62
     7
370
     0
100
AcDbLine
 10
2.5573023112
 20
2.2693854946
 30
0.0
 11
2.5573023112
 21
1.8006847072
 31
0.0
  0
LINE
  5
162
330
15B
100
AcDbEntity
  8
0
  6
Continuous
 62
     7
370
     0
100
AcDbLine
 10
1.5573023112
 20
1.9256847072
 30
0.0
 11
1.8658588342
 21
1.9256847072
 31
0.0
  0
LINE
  5
163
330
15B
100
AcDbEntity
  8
0
  6
Continuous
 62
     7
370
     0
100
AcDbLine
 10
2.5573023112
 20
1.9256847072
 30
0.0
 11
2.2814838262
 21
1.9256847072
 31
0.0
  0
MTEXT
  5
164
330
15B
100
AcDbEntity
  8
0
  6
Continuous
 62
     7
370
    18
100
AcDbMText
 10
1.8658588342
 20
1.9875994354
 30
0.0
 40
0.125
 41
0.0
 71
     1
 72
     1
  1
1.000
  7
SLDTEXTSTYLE0
 73
     1
 44
1.0
  0
ENDBLK
  5
15D
330
15B
100
AcDbEntity
  8
0
100
AcDbBlockEnd
  0
BLOCK
  5
167
330
166
100
AcDbEntity
  8
0
100
AcDbBlockBegin
  2
_D_14
 70
     0
 10
0.0
 20
0.0
 30
0.0
  3
_D_14
  1

  0
SOLID
  5
169
330
166
100
AcDbEntity
  8
0
  6
Continuous
 62
     7
370
    18
100
AcDbTrace
 10
2.2668679142
 20
8.3193854946
 30
0.0
 11
2.2468679142
 21
8.1893854946
 31
0.0
 12
2.2868679142
 22
8.1893854946
 32
0.0
 13
2.2868679142
 23
8.1893854946
 33
0.0
  0
SOLID
  5
16A
330
166
100
AcDbEntity
  8
0
  6
Continuous
 62
     7
370
    18
100
AcDbTrace
 10
2.2668679142
 20
2.3193854946
 30
0.0
 11
2.2868679142
 21
2.4493854946
 31
0.0
 12
2.2468679142
 22
2.4493854946
 32
0.0
 13
2.2468679142
 23
2.4493854946
 33
0.0
  0
LINE
  5
16B
330
166
100
AcDbEntity
  8
0
  6
Continuous
 62
     7
370
     0
100
AcDbLine
 10
2.2668679142
 20
8.3193854946
 30
0.0
 11
2.2668679142
 21
4.2117615237
 31
0.0
  0
LINE
  5
16C
330
166
100
AcDbEntity
  8
0
  6
Continuous
 62
     7
370
     0
100
AcDbLine
 10
2.2668679142
 20
2.3193854946
 30
0.0
 11
2.2668679142
 21
4.0133240178
 31
0.0
  0
MTEXT
  5
16D
330
166
100
AcDbEntity
  8
0
  6
Continuous
 62
     7
370
    18
100
AcDbMText
 10
2.0590554182
 20
4.174457499
 30
0.0
 40
0.125
 41
0.0
 71
     1
 72
     1
  1
6.000
  7
SLDTEXTSTYLE0
 73
     1
 44
1.0
  0
ENDBLK
  5
168
330
166
100
AcDbEntity
  8
0
100
AcDbBlockEnd
  0
BLOCK
  5
17C
330
17B
100
AcDbEntity
  8
0
100
AcDbBlockBegin
  2
_D_15
 70
     0
 10
0.0
 20
0.0
 30
0.0
  3
_D_15
  1

  0
SOLID
  5
17E
330
17B
100
AcDbEntity
  8
0
  6
Continuous
 62
     7
370
    18
100
AcDbTrace
 10
9.6443952678
 20
2.8219296271
 30
0.0
 11
9.5143952678
 21
2.8419296271
 31
0.0
 12
9.5143952678
 22
2.8019296271
 32
0.0
 13
9.5143952678
 23
2.8019296271
 33
0.0
  0
SOLID
  5
17F
330
17B
100
AcDbEntity
  8
0
  6
Continuous
 62
     7
370
    18
100
AcDbTrace
 10
5.8943952678
 20
2.8219296271
 30
0.0
 11
6.0243952678
 21
2.8019296271
 31
0.0
 12
6.0243952678
 22
2.8419296271
 32
0.0
 13
6.0243952678
 23
2.8419296271
 33
0.0
  0
LINE
  5
180
330
17B
100
AcDbEntity
  8
0
  6
Continuous
 62
     7
370
     0
100
AcDbLine
 10
9.6443952678
 20
2.8219296271
 30
0.0
 11
8.1360056248
 21
2.8219296271
 31
0.0
  0
LINE
  5
181
330
17B
100
AcDbEntity
  8
0
  6
Continuous
 62
     7
370
     0
100
AcDbLine
 10
5.8943952678
 20
2.8219296271
 30
0.0
 11
7.7203806328
 21
2.8219296271
 31
0.0
  0
MTEXT
  5
182
330
17B
100
AcDbEntity
  8
0
  6
Continuous
 62
     7
370
    18
100
AcDbMText
 10
7.7203806328
 20
2.8838443554
 30
0.0
 40
0.125
 41
0.0
 71
     1
 72
     1
  1
3.750
  7
SLDTEXTSTYLE0
 73
     1
 44
1.0
  0
ENDBLK
  5
17D
330
17B
100
AcDbEntity
  8
0
100
AcDbBlockEnd
  0
BLOCK
  5
185
330
184
100
AcDbEntity
  8
0
100
AcDbBlockBegin
  2
_D_16
 70
     0
 10
0.0
 20
0.0
 30
0.0
  3
_D_16
  1

  0
SOLID
  5
187
330
184
100
AcDbEntity
  8
0
  6
Continuous
 62
     7
370
    18
100
AcDbTrace
 10
5.7693952678
 20
2.5173628824
 30
0.0
 11
5.8993952678
 21
2.4973628824
 31
0.0
 12
5.8993952678
 22
2.5373628824
 32
0.0
 13
5.8993952678
 23
2.5373628824
 33
0.0
  0
SOLID
  5
188
330
184
100
AcDbEntity
  8
0
  6
Continuous
 62
     7
370
    18
100
AcDbTrace
 10
9.7693952678
 20
2.5173628824
 30
0.0
 11
9.6393952678
 21
2.5373628824
 31
0.0
 12
9.6393952678
 22
2.4973628824
 32
0.0
 13
9.6393952678
 23
2.4973628824
 33
0.0
  0
LINE
  5
189
330
184
100
AcDbEntity
  8
0
  6
Continuous
 62
     7
370
     0
100
AcDbLine
 10
5.7693952678
 20
2.5173628824
 30
0.0
 11
7.7203806328
 21
2.5173628824
 31
0.0
  0
LINE
  5
18A
330
184
100
AcDbEntity
  8
0
  6
Continuous
 62
     7
370
     0
100
AcDbLine
 10
9.7693952678
 20
2.5173628824
 30
0.0
 11
8.1360056248
 21
2.5173628824
 31
0.0
  0
MTEXT
  5
18B
330
184
100
AcDbEntity
  8
0
  6
Continuous
 62
     7
370
    18
100
AcDbMText
 10
7.7203806328
 20
2.5792776106
 30
0.0
 40
0.125
 41
0.0
 71
     1
 72
     1
  1
4.000
  7
SLDTEXTSTYLE0
 73
     1
 44
1.0
  0
ENDBLK
  5
186
330
184
100
AcDbEntity
  8
0
100
AcDbBlockEnd
  0
BLOCK
  5
18E
330
18D
100
AcDbEntity
  8
0
100
AcDbBlockBegin
  2
_D_17
 70
     0
 10
0.0
 20
0.0
 30
0.0
  3
_D_17
  1

  0
SOLID
  5
190
330
18D
100
AcDbEntity
  8
0
  6
Continuous
 62
     7
370
    18
100
AcDbTrace
 10
8.9332633864
 20
3.0174533625
 30
0.0
 11
8.9132633864
 21
2.8874533625
 31
0.0
 12
8.9532633864
 22
2.8874533625
 32
0.0
 13
8.9532633864
 23
2.8874533625
 33
0.0
  0
SOLID
  5
191
330
18D
100
AcDbEntity
  8
0
  6
Continuous
 62
     7
370
    18
100
AcDbTrace
 10
8.9332633864
 20
2.0174440705
 30
0.0
 11
8.9532633864
 21
2.1474440705
 31
0.0
 12
8.9132633864
 22
2.1474440705
 32
0.0
 13
8.9132633864
 23
2.1474440705
 33
0.0
  0
LINE
  5
192
330
18D
100
AcDbEntity
  8
0
  6
Continuous
 62
     7
370
     0
100
AcDbLine
 10
8.9332633864
 20
3.0174533625
 30
0.0
 11
8.9332633864
 21
2.464298263
 31
0.0
  0
LINE
  5
193
330
18D
100
AcDbEntity
  8
0
  6
Continuous
 62
     7
370
     0
100
AcDbLine
 10
8.9332633864
 20
2.0174440705
 30
0.0
 11
8.9332633864
 21
2.265860757
 31
0.0
  0
MTEXT
  5
194
330
18D
100
AcDbEntity
  8
0
  6
Continuous
 62
     7
370
    18
100
AcDbMText
 10
8.7254508904
 20
2.4269942383
 30
0.0
 40
0.125
 41
0.0
 71
     1
 72
     1
  1
1.000
  7
SLDTEXTSTYLE0
 73
     1
 44
1.0
  0
ENDBLK
  5
18F
330
18D
100
AcDbEntity
  8
0
100
AcDbBlockEnd
  0
BLOCK
  5
1A3
330
1A2
100
AcDbEntity
  8
0
100
AcDbBlockBegin
  2
_D_18
 70
     0
 10
0.0
 20
0.0
 30
0.0
  3
_D_18
  1

  0
SOLID
  5
1A5
330
1A2
100
AcDbEntity
  8
0
  6
Continuous
 62
     7
370
    18
100
AcDbTrace
 10
4.0259576637
 20
7.9965520716
 30
0.0
 11
4.0459576637
 21
8.1265520716
 31
0.0
 12
4.0059576637
 22
8.1265520716
 32
0.0
 13
4.0059576637
 23
8.1265520716
 33
0.0
  0
SOLID
  5
1A6
330
1A2
100
AcDbEntity
  8
0
  6
Continuous
 62
     7
370
    18
100
AcDbTrace
 10
4.0259576637
 20
7.7465497486
 30
0.0
 11
4.0059576637
 21
7.6165497486
 31
0.0
 12
4.0459576637
 22
7.6165497486
 32
0.0
 13
4.0459576637
 23
7.6165497486
 33
0.0
  0
LINE
  5
1A7
330
1A2
100
AcDbEntity
  8
0
  6
Continuous
 62
     7
370
     0
100
AcDbLine
 10
2.9031834342
 20
7.9965520716
 30
0.0
 11
4.1509576637
 21
7.9965520716
 31
0.0
  0
LINE
  5
1A8
330
1A2
100
AcDbEntity
  8
0
  6
Continuous
 62
     7
370
     0
100
AcDbLine
 10
2.9031834342
 20
7.7465497486
 30
0.0
 11
4.1509576637
 21
7.7465497486
 31
0.0
  0
LINE
  5
1A9
330
1A2
100
AcDbEntity
  8
0
  6
Continuous
 62
     7
370
     0
100
AcDbLine
 10
4.2759576637
 20
8.1885467758
 30
0.0
 11
4.0259576637
 21
8.1885467758
 31
0.0
  0
LINE
  5
1AA
330
1A2
100
AcDbEntity
  8
0
  6
Continuous
 62
     7
370
     0
100
AcDbLine
 10
4.0259576637
 20
8.1885467758
 30
0.0
 11
4.0259576637
 21
7.9965520716
 31
0.0
  0
LINE
  5
1AB
330
1A2
100
AcDbEntity
  8
0
  6
Continuous
 62
     7
370
     0
100
AcDbLine
 10
4.0259576637
 20
7.7465497486
 30
0.0
 11
4.0259576637
 21
7.4965497486
 31
0.0
  0
MTEXT
  5
1AC
330
1A2
100
AcDbEntity
  8
0
  6
Continuous
 62
     7
370
    18
100
AcDbMText
 10
4.2759576637
 20
8.2504615041
 30
0.0
 40
0.125
 41
0.0
 71
     1
 72
     1
  1
.250
  7
SLDTEXTSTYLE0
 73
     1
 44
1.0
  0
ENDBLK
  5
1A4
330
1A2
100
AcDbEntity
  8
0
100
AcDbBlockEnd
  0
BLOCK
  5
1AF
330
1AE
100
AcDbEntity
  8
0
100
AcDbBlockBegin
  2
_D_19
 70
     0
 10
0.0
 20
0.0
 30
0.0
  3
_D_19
  1

  0
SOLID
  5
1B1
330
1AE
100
AcDbEntity
  8
0
  6
Continuous
 62
     7
370
    18
100
AcDbTrace
 10
2.7281834342
 20
7.5691598232
 30
0.0
 11
2.5981834342
 21
7.5891598232
 31
0.0
 12
2.5981834342
 22
7.5491598232
 32
0.0
 13
2.5981834342
 23
7.5491598232
 33
0.0
  0
SOLID
  5
1B2
330
1AE
100
AcDbEntity
  8
0
  6
Continuous
 62
     7
370
    18
100
AcDbTrace
 10
2.8531834342
 20
7.5691598232
 30
0.0
 11
2.9831834342
 21
7.5491598232
 31
0.0
 12
2.9831834342
 22
7.5891598232
 32
0.0
 13
2.9831834342
 23
7.5891598232
 33
0.0
  0
LINE
  5
1B3
330
1AE
100
AcDbEntity
  8
0
  6
Continuous
 62
     7
370
     0
100
AcDbLine
 10
2.7281834342
 20
8.2797416681
 30
0.0
 11
2.7281834342
 21
7.4441598232
 31
0.0
  0
LINE
  5
1B4
330
1AE
100
AcDbEntity
  8
0
  6
Continuous
 62
     7
370
     0
100
AcDbLine
 10
2.7281834342
 20
7.5691598232
 30
0.0
 11
2.4781834342
 21
7.5691598232
 31
0.0
  0
LINE
  5
1B5
330
1AE
100
AcDbEntity
  8
0
  6
Continuous
 62
     7
370
     0
100
AcDbLine
 10
2.8531834342
 20
7.5691598232
 30
0.0
 11
4.2132080917
 21
7.5691598232
 31
0.0
  0
MTEXT
  5
1B6
330
1AE
100
AcDbEntity
  8
0
  6
Continuous
 62
     7
370
    18
100
AcDbMText
 10
4.2132080917
 20
7.6310745514
 30
0.0
 40
0.125
 41
0.0
 71
     1
 72
     1
  1
.125
  7
SLDTEXTSTYLE0
 73
     1
 44
1.0
  0
ENDBLK
  5
1B0
330
1AE
100
AcDbEntity
  8
0
100
AcDbBlockEnd
  0
BLOCK
  5
1C2
330
1C1
100
AcDbEntity
  8
0
100
AcDbBlockBegin
  2
SW_CENTERMARKSYMBOL_0
 70
     0
 10
0.0
 20
0.0
 30
0.0
  3
SW_CENTERMARKSYMBOL_0
  1

  0
LINE
  5
1C4
330
1C1
100
AcDbEntity
  8
0
  6
Continuous
 62
     0
370
    18
100
AcDbLine
 10
0.0
 20
0.0
 30
0.0
 11
0.0
 21
0.1
 31
0.0
  0
LINE
  5
1C5
330
1C1
100
AcDbEntity
  8
0
  6
Continuous
 62
     0
370
    18
100
AcDbLine
 10
0.0
 20
0.0
 30
0.0
 11
-0.1
 21
0.0
 31
0.0
  0
LINE
  5
1C6
330
1C1
100
AcDbEntity
  8
0
  6
Continuous
 62
     0
370
    18
100
AcDbLine
 10
0.0
 20
0.0
 30
0.0
 11
0.0
 21
-0.1
 31
0.0
  0
LINE
  5
1C7
330
1C1
100
AcDbEntity
  8
0
  6
Continuous
 62
     0
370
    18
100
AcDbLine
 10
0.0
 20
0.0
 30
0.0
 11
0.1
 21
0.0
 31
0.0
  0
LINE
  5
1C8
330
1C1
100
AcDbEntity
  8
0
  6
Continuous
 62
     0
370
    18
100
AcDbLine
 10
0.0
 20
0.2
 30
0.0
 11
0.0
 21
0.225
 31
0.0
  0
LINE
  5
1C9
330
1C1
100
AcDbEntity
  8
0
  6
Continuous
 62
     0
370
    18
100
AcDbLine
 10
-0.2
 20
0.0
 30
0.0
 11
-0.225
 21
0.0
 31
0.0
  0
LINE
  5
1CA
330
1C1
100
AcDbEntity
  8
0
  6
Continuous
 62
     0
370
    18
100
AcDbLine
 10
0.0
 20
-0.2
 30
0.0
 11
0.0
 21
-0.225
 31
0.0
  0
LINE
  5
1CB
330
1C1
100
AcDbEntity
  8
0
  6
Continuous
 62
     0
370
    18
100
AcDbLine
 10
0.2
 20
0.0
 30
0.0
 11
0.225
 21
0.0
 31
0.0
  0
ENDBLK
  5
1C3
330
1C1
100
AcDbEntity
  8
0
100
AcDbBlockEnd
  0
BLOCK
  5
1D8
330
1D7
100
AcDbEntity
  8
0
100
AcDbBlockBegin
  2
SW_CENTERMARKSYMBOL_1
 70
     0
 10
0.0
 20
0.0
 30
0.0
  3
SW_CENTERMARKSYMBOL_1
  1

  0
LINE
  5
1DA
330
1D7
100
AcDbEntity
  8
0
  6
Continuous
 62
     0
370
    18
100
AcDbLine
 10
0.0
 20
0.0
 30
0.0
 11
0.0
 21
0.1
 31
0.0
  0
LINE
  5
1DB
330
1D7
100
AcDbEntity
  8
0
  6
Continuous
 62
     0
370
    18
100
AcDbLine
 10
0.0
 20
0.0
 30
0.0
 11
-0.1
 21
0.0
 31
0.0
  0
LINE
  5
1DC
330
1D7
100
AcDbEntity
  8
0
  6
Continuous
 62
     0
370
    18
100
AcDbLine
 10
0.0
 20
0.0
 30
0.0
 11
0.0
 21
-0.1
 31
0.0
  0
LINE
  5
1DD
330
1D7
100
AcDbEntity
  8
0
  6
Continuous
 62
     0
370
    18
100
AcDbLine
 10
0.0
 20
0.0
 30
0.0
 11
0.1
 21
0.0
 31
0.0
  0
LINE
  5
1DE
330
1D7
100
AcDbEntity
  8
0
  6
Continuous
 62
     0
370
    18
100
AcDbLine
 10
0.0
 20
0.2
 30
0.0
 11
0.0
 21
0.225
 31
0.0
  0
LINE
  5
1DF
330
1D7
100
AcDbEntity
  8
0
  6
Continuous
 62
     0
370
    18
100
AcDbLine
 10
-0.2
 20
0.0
 30
0.0
 11
-0.225
 21
0.0
 31
0.0
  0
LINE
  5
1E0
330
1D7
100
AcDbEntity
  8
0
  6
Continuous
 62
     0
370
    18
100
AcDbLine
 10
0.0
 20
-0.2
 30
0.0
 11
0.0
 21
-0.225
 31
0.0
  0
LINE
  5
1E1
330
1D7
100
AcDbEntity
  8
0
  6
Continuous
 62
     0
370
    18
100
AcDbLine
 10
0.2
 20
0.0
 30
0.0
 11
0.225
 21
0.0
 31
0.0
  0
ENDBLK
  5
1D9
330
1D7
100
AcDbEntity
  8
0
100
AcDbBlockEnd
  0
BLOCK
  5
1EE
330
1ED
100
AcDbEntity
  8
0
100
AcDbBlockBegin
  2
SW_CENTERMARKSYMBOL_2
 70
     0
 10
0.0
 20
0.0
 30
0.0
  3
SW_CENTERMARKSYMBOL_2
  1

  0
LINE
  5
1F0
330
1ED
100
AcDbEntity
  8
0
  6
Continuous
 62
     0
370
    18
100
AcDbLine
 10
0.0
 20
0.0
 30
0.0
 11
0.0
 21
0.1
 31
0.0
  0
LINE
  5
1F1
330
1ED
100
AcDbEntity
  8
0
  6
Continuous
 62
     0
370
    18
100
AcDbLine
 10
0.0
 20
0.0
 30
0.0
 11
-0.1
 21
0.0
 31
0.0
  0
LINE
  5
1F2
330
1ED
100
AcDbEntity
  8
0
  6
Continuous
 62
     0
370
    18
100
AcDbLine
 10
0.0
 20
0.0
 30
0.0
 11
0.0
 21
-0.1
 31
0.0
  0
LINE
  5
1F3
330
1ED
100
AcDbEntity
  8
0
  6
Continuous
 62
     0
370
    18
100
AcDbLine
 10
0.0
 20
0.0
 30
0.0
 11
0.1
 21
0.0
 31
0.0
  0
LINE
  5
1F4
330
1ED
100
AcDbEntity
  8
0
  6
Continuous
 62
     0
370
    18
100
AcDbLine
 10
0.0
 20
0.2
 30
0.0
 11
0.0
 21
0.225
 31
0.0
  0
LINE
  5
1F5
330
1ED
100
AcDbEntity
  8
0
  6
Continuous
 62
     0
370
    18
100
AcDbLine
 10
-0.2
 20
0.0
 30
0.0
 11
-0.225
 21
0.0
 31
0.0
  0
LINE
  5
1F6
330
1ED
100
AcDbEntity
  8
0
  6
Continuous
 62
     0
370
    18
100
AcDbLine
 10
0.0
 20
-0.2
 30
0.0
 11
0.0
 21
-0.225
 31
0.0
  0
LINE
  5
1F7
330
1ED
100
AcDbEntity
  8
0
  6
Continuous
 62
     0
370
    18
100
AcDbLine
 10
0.2
 20
0.0
 30
0.0
 11
0.225
 21
0.0
 31
0.0
  0
ENDBLK
  5
1EF
330
1ED
100
AcDbEntity
  8
0
100
AcDbBlockEnd
  0
BLOCK
  5
204
330
203
100
AcDbEntity
  8
0
100
AcDbBlockBegin
  2
SW_CENTERMARKSYMBOL_3
 70
     0
 10
0.0
 20
0.0
 30
0.0
  3
SW_CENTERMARKSYMBOL_3
  1

  0
LINE
  5
206
330
203
100
AcDbEntity
  8
0
  6
Continuous
 62
     0
370
    18
100
AcDbLine
 10
0.0
 20
0.0
 30
0.0
 11
0.0
 21
0.1
 31
0.0
  0
LINE
  5
207
330
203
100
AcDbEntity
  8
0
  6
Continuous
 62
     0
370
    18
100
AcDbLine
 10
0.0
 20
0.0
 30
0.0
 11
-0.1
 21
0.0
 31
0.0
  0
LINE
  5
208
330
203
100
AcDbEntity
  8
0
  6
Continuous
 62
     0
370
    18
100
AcDbLine
 10
0.0
 20
0.0
 30
0.0
 11
0.0
 21
-0.1
 31
0.0
  0
LINE
  5
209
330
203
100
AcDbEntity
  8
0
  6
Continuous
 62
     0
370
    18
100
AcDbLine
 10
0.0
 20
0.0
 30
0.0
 11
0.1
 21
0.0
 31
0.0
  0
LINE
  5
20A
330
203
100
AcDbEntity
  8
0
  6
Continuous
 62
     0
370
    18
100
AcDbLine
 10
0.0
 20
0.2
 30
0.0
 11
0.0
 21
0.225
 31
0.0
  0
LINE
  5
20B
330
203
100
AcDbEntity
  8
0
  6
Continuous
 62
     0
370
    18
100
AcDbLine
 10
-0.2
 20
0.0
 30
0.0
 11
-0.225
 21
0.0
 31
0.0
  0
LINE
  5
20C
330
203
100
AcDbEntity
  8
0
  6
Continuous
 62
     0
370
    18
100
AcDbLine
 10
0.0
 20
-0.2
 30
0.0
 11
0.0
 21
-0.225
 31
0.0
  0
LINE
  5
20D
330
203
100
AcDbEntity
  8
0
  6
Continuous
 62
     0
370
    18
100
AcDbLine
 10
0.2
 20
0.0
 30
0.0
 11
0.225
 21
0.0
 31
0.0
  0
ENDBLK
  5
205
330
203
100
AcDbEntity
  8
0
100
AcDbBlockEnd
  0
BLOCK
  5
21A
330
219
100
AcDbEntity
  8
0
100
AcDbBlockBegin
  2
SW_CENTERMARKSYMBOL_4
 70
     0
 10
0.0
 20
0.0
 30
0.0
  3
SW_CENTERMARKSYMBOL_4
  1

  0
LINE
  5
21C
330
219
100
AcDbEntity
  8
0
  6
Continuous
 62
     0
370
    18
100
AcDbLine
 10
0.0
 20
0.0
 30
0.0
 11
0.0
 21
0.1
 31
0.0
  0
LINE
  5
21D
330
219
100
AcDbEntity
  8
0
  6
Continuous
 62
     0
370
    18
100
AcDbLine
 10
0.0
 20
0.0
 30
0.0
 11
-0.1
 21
0.0
 31
0.0
  0
LINE
  5
21E
330
219
100
AcDbEntity
  8
0
  6
Continuous
 62
     0
370
    18
100
AcDbLine
 10
0.0
 20
0.0
 30
0.0
 11
0.0
 21
-0.1
 31
0.0
  0
LINE
  5
21F
330
219
100
AcDbEntity
  8
0
  6
Continuous
 62
     0
370
    18
100
AcDbLine
 10
0.0
 20
0.0
 30
0.0
 11
0.1
 21
0.0
 31
0.0
  0
LINE
  5
220
330
219
100
AcDbEntity
  8
0
  6
Continuous
 62
     0
370
    18
100
AcDbLine
 10
0.0
 20
0.2
 30
0.0
 11
0.0
 21
0.225
 31
0.0
  0
LINE
  5
221
330
219
100
AcDbEntity
  8
0
  6
Continuous
 62
     0
370
    18
100
AcDbLine
 10
-0.2
 20
0.0
 30
0.0
 11
-0.225
 21
0.0
 31
0.0
  0
LINE
  5
222
330
219
100
AcDbEntity
  8
0
  6
Continuous
 62
     0
370
    18
100
AcDbLine
 10
0.0
 20
-0.2
 30
0.0
 11
0.0
 21
-0.225
 31
0.0
  0
LINE
  5
223
330
219
100
AcDbEntity
  8
0
  6
Continuous
 62
     0
370
    18
100
AcDbLine
 10
0.2
 20
0.0
 30
0.0
 11
0.225
 21
0.0
 31
0.0
  0
ENDBLK
  5
21B
330
219
100
AcDbEntity
  8
0
100
AcDbBlockEnd
  0
BLOCK
  5
230
330
22F
100
AcDbEntity
  8
0
100
AcDbBlockBegin
  2
SW_CENTERMARKSYMBOL_5
 70
     0
 10
0.0
 20
0.0
 30
0.0
  3
SW_CENTERMARKSYMBOL_5
  1

  0
LINE
  5
232
330
22F
100
AcDbEntity
  8
0
  6
Continuous
 62
     0
370
    18
100
AcDbLine
 10
0.0
 20
0.0
 30
0.0
 11
0.0
 21
0.1
 31
0.0
  0
LINE
  5
233
330
22F
100
AcDbEntity
  8
0
  6
Continuous
 62
     0
370
    18
100
AcDbLine
 10
0.0
 20
0.0
 30
0.0
 11
-0.1
 21
0.0
 31
0.0
  0
LINE
  5
234
330
22F
100
AcDbEntity
  8
0
  6
Continuous
 62
     0
370
    18
100
AcDbLine
 10
0.0
 20
0.0
 30
0.0
 11
0.0
 21
-0.1
 31
0.0
  0
LINE
  5
235
330
22F
100
AcDbEntity
  8
0
  6
Continuous
 62
     0
370
    18
100
AcDbLine
 10
0.0
 20
0.0
 30
0.0
 11
0.1
 21
0.0
 31
0.0
  0
LINE
  5
236
330
22F
100
AcDbEntity
  8
0
  6
Continuous
 62
     0
370
    18
100
AcDbLine
 10
0.0
 20
0.2
 30
0.0
 11
0.0
 21
0.225
 31
0.0
  0
LINE
  5
237
330
22F
100
AcDbEntity
  8
0
  6
Continuous
 62
     0
370
    18
100
AcDbLine
 10
-0.2
 20
0.0
 30
0.0
 11
-0.225
 21
0.0
 31
0.0
  0
LINE
  5
238
330
22F
100
AcDbEntity
  8
0
  6
Continuous
 62
     0
370
    18
100
AcDbLine
 10
0.0
 20
-0.2
 30
0.0
 11
0.0
 21
-0.225
 31
0.0
  0
LINE
  5
239
330
22F
100
AcDbEntity
  8
0
  6
Continuous
 62
     0
370
    18
100
AcDbLine
 10
0.2
 20
0.0
 30
0.0
 11
0.225
 21
0.0
 31
0.0
  0
ENDBLK
  5
231
330
22F
100
AcDbEntity
  8
0
100
AcDbBlockEnd
  0
BLOCK
  5
23E
330
23D
100
AcDbEntity
  8
0
100
AcDbBlockBegin
  2
SW_CENTERMARKSYMBOL_6
 70
     0
 10
0.0
 20
0.0
 30
0.0
  3
SW_CENTERMARKSYMBOL_6
  1

  0
LINE
  5
240
330
23D
100
AcDbEntity
  8
0
  6
Continuous
 62
     0
370
    18
100
AcDbLine
 10
0.0
 20
0.0
 30
0.0
 11
0.0
 21
0.1
 31
0.0
  0
LINE
  5
241
330
23D
100
AcDbEntity
  8
0
  6
Continuous
 62
     0
370
    18
100
AcDbLine
 10
0.0
 20
0.0
 30
0.0
 11
-0.1
 21
0.0
 31
0.0
  0
LINE
  5
242
330
23D
100
AcDbEntity
  8
0
  6
Continuous
 62
     0
370
    18
100
AcDbLine
 10
0.0
 20
0.0
 30
0.0
 11
0.0
 21
-0.1
 31
0.0
  0
LINE
  5
243
330
23D
100
AcDbEntity
  8
0
  6
Continuous
 62
     0
370
    18
100
AcDbLine
 10
0.0
 20
0.0
 30
0.0
 11
0.1
 21
0.0
 31
0.0
  0
LINE
  5
244
330
23D
100
AcDbEntity
  8
0
  6
Continuous
 62
     0
370
    18
100
AcDbLine
 10
0.0
 20
0.2
 30
0.0
 11
0.0
 21
0.725
 31
0.0
  0
LINE
  5
245
330
23D
100
AcDbEntity
  8
0
  6
Continuous
 62
     0
370
    18
100
AcDbLine
 10
-0.2
 20
0.0
 30
0.0
 11
-0.725
 21
0.0
 31
0.0
  0
LINE
  5
246
330
23D
100
AcDbEntity
  8
0
  6
Continuous
 62
     0
370
    18
100
AcDbLine
 10
0.0
 20
-0.2
 30
0.0
 11
0.0
 21
-0.725
 31
0.0
  0
LINE
  5
247
330
23D
100
AcDbEntity
  8
0
  6
Continuous
 62
     0
370
    18
100
AcDbLine
 10
0.2
 20
0.0
 30
0.0
 11
0.725
 21
0.0
 31
0.0
  0
ENDBLK
  5
23F
330
23D
100
AcDbEntity
  8
0
100
AcDbBlockEnd
  0
BLOCK
  5
24C
330
24B
100
AcDbEntity
  8
0
100
AcDbBlockBegin
  2
SW_CENTERMARKSYMBOL_7
 70
     0
 10
0.0
 20
0.0
 30
0.0
  3
SW_CENTERMARKSYMBOL_7
  1

  0
LINE
  5
24E
330
24B
100
AcDbEntity
  8
0
  6
Continuous
 62
     0
370
    18
100
AcDbLine
 10
0.0
 20
0.0
 30
0.0
 11
0.0
 21
0.1
 31
0.0
  0
LINE
  5
24F
330
24B
100
AcDbEntity
  8
0
  6
Continuous
 62
     0
370
    18
100
AcDbLine
 10
0.0
 20
0.0
 30
0.0
 11
-0.1
 21
0.0
 31
0.0
  0
LINE
  5
250
330
24B
100
AcDbEntity
  8
0
  6
Continuous
 62
     0
370
    18
100
AcDbLine
 10
0.0
 20
0.0
 30
0.0
 11
0.0
 21
-0.1
 31
0.0
  0
LINE
  5
251
330
24B
100
AcDbEntity
  8
0
  6
Continuous
 62
     0
370
    18
100
AcDbLine
 10
0.0
 20
0.0
 30
0.0
 11
0.1
 21
0.0
 31
0.0
  0
LINE
  5
252
330
24B
100
AcDbEntity
  8
0
  6
Continuous
 62
     0
370
    18
100
AcDbLine
 10
0.0
 20
0.2
 30
0.0
 11
0.0
 21
0.725
 31
0.0
  0
LINE
  5
253
330
24B
100
AcDbEntity
  8
0
  6
Continuous
 62
     0
370
    18
100
AcDbLine
 10
-0.2
 20
0.0
 30
0.0
 11
-0.725
 21
0.0
 31
0.0
  0
LINE
  5
254
330
24B
100
AcDbEntity
  8
0
  6
Continuous
 62
     0
370
    18
100
AcDbLine
 10
0.0
 20
-0.2
 30
0.0
 11
0.0
 21
-0.725
 31
0.0
  0
LINE
  5
255
330
24B
100
AcDbEntity
  8
0
  6
Continuous
 62
     0
370
    18
100
AcDbLine
 10
0.2
 20
0.0
 30
0.0
 11
0.725
 21
0.0
 31
0.0
  0
ENDBLK
  5
24D
330
24B
100
AcDbEntity
  8
0
100
AcDbBlockEnd
  0
BLOCK
  5
25A
330
259
100
AcDbEntity
  8
0
100
AcDbBlockBegin
  2
SW_CENTERMARKSYMBOL_8
 70
     0
 10
0.0
 20
0.0
 30
0.0
  3
SW_CENTERMARKSYMBOL_8
  1

  0
LINE
  5
25C
330
259
100
AcDbEntity
  8
0
  6
Continuous
 62
     0
370
    18
100
AcDbLine
 10
0.0
 20
0.0
 30
0.0
 11
0.0
 21
0.1
 31
0.0
  0
LINE
  5
25D
330
259
100
AcDbEntity
  8
0
  6
Continuous
 62
     0
370
    18
100
AcDbLine
 10
0.0
 20
0.0
 30
0.0
 11
-0.1
 21
0.0
 31
0.0
  0
LINE
  5
25E
330
259
100
AcDbEntity
  8
0
  6
Continuous
 62
     0
370
    18
100
AcDbLine
 10
0.0
 20
0.0
 30
0.0
 11
0.0
 21
-0.1
 31
0.0
  0
LINE
  5
25F
330
259
100
AcDbEntity
  8
0
  6
Continuous
 62
     0
370
    18
100
AcDbLine
 10
0.0
 20
0.0
 30
0.0
 11
0.1
 21
0.0
 31
0.0
  0
LINE
  5
260
330
259
100
AcDbEntity
  8
0
  6
Continuous
 62
     0
370
    18
100
AcDbLine
 10
0.0
 20
0.2
 30
0.0
 11
0.0
 21
0.725
 31
0.0
  0
LINE
  5
261
330
259
100
AcDbEntity
  8
0
  6
Continuous
 62
     0
370
    18
100
AcDbLine
 10
-0.2
 20
0.0
 30
0.0
 11
-0.725
 21
0.0
 31
0.0
  0
LINE
  5
262
330
259
100
AcDbEntity
  8
0
  6
Continuous
 62
     0
370
    18
100
AcDbLine
 10
0.0
 20
-0.2
 30
0.0
 11
0.0
 21
-0.725
 31
0.0
  0
LINE
  5
263
330
259
100
AcDbEntity
  8
0
  6
Continuous
 62
     0
370
    18
100
AcDbLine
 10
0.2
 20
0.0
 30
0.0
 11
0.725
 21
0.0
 31
0.0
  0
ENDBLK
  5
25B
330
259
100
AcDbEntity
  8
0
100
AcDbBlockEnd
  0
BLOCK
  5
270
330
26F
100
AcDbEntity
  8
0
100
AcDbBlockBegin
  2
SW_CENTERMARKSYMBOL_9
 70
     0
 10
0.0
 20
0.0
 30
0.0
  3
SW_CENTERMARKSYMBOL_9
  1

  0
LINE
  5
272
330
26F
100
AcDbEntity
  8
0
  6
Continuous
 62
     0
370
    18
100
AcDbLine
 10
0.0
 20
0.0
 30
0.0
 11
0.0
 21
0.1
 31
0.0
  0
LINE
  5
273
330
26F
100
AcDbEntity
  8
0
  6
Continuous
 62
     0
370
    18
100
AcDbLine
 10
0.0
 20
0.0
 30
0.0
 11
-0.1
 21
0.0
 31
0.0
  0
LINE
  5
274
330
26F
100
AcDbEntity
  8
0
  6
Continuous
 62
     0
370
    18
100
AcDbLine
 10
0.0
 20
0.0
 30
0.0
 11
0.0
 21
-0.1
 31
0.0
  0
LINE
  5
275
330
26F
100
AcDbEntity
  8
0
  6
Continuous
 62
     0
370
    18
100
AcDbLine
 10
0.0
 20
0.0
 30
0.0
 11
0.1
 21
0.0
 31
0.0
  0
LINE
  5
276
330
26F
100
AcDbEntity
  8
0
  6
Continuous
 62
     0
370
    18
100
AcDbLine
 10
0.0
 20
0.2
 30
0.0
 11
0.0
 21
0.225
 31
0.0
  0
LINE
  5
277
330
26F
100
AcDbEntity
  8
0
  6
Continuous
 62
     0
370
    18
100
AcDbLine
 10
-0.2
 20
0.0
 30
0.0
 11
-0.225
 21
0.0
 31
0.0
  0
LINE
  5
278
330
26F
100
AcDbEntity
  8
0
  6
Continuous
 62
     0
370
    18
100
AcDbLine
 10
0.0
 20
-0.2
 30
0.0
 11
0.0
 21
-0.225
 31
0.0
  0
LINE
  5
279
330
26F
100
AcDbEntity
  8
0
  6
Continuous
 62
     0
370
    18
100
AcDbLine
 10
0.2
 20
0.0
 30
0.0
 11
0.225
 21
0.0
 31
0.0
  0
ENDBLK
  5
271
330
26F
100
AcDbEntity
  8
0
100
AcDbBlockEnd
  0
BLOCK
  5
286
330
285
100
AcDbEntity
  8
0
100
AcDbBlockBegin
  2
SW_CENTERMARKSYMBOL_10
 70
     0
 10
0.0
 20
0.0
 30
0.0
  3
SW_CENTERMARKSYMBOL_10
  1

  0
LINE
  5
288
330
285
100
AcDbEntity
  8
0
  6
Continuous
 62
     0
370
    18
100
AcDbLine
 10
0.0
 20
0.0
 30
0.0
 11
0.0
 21
0.1
 31
0.0
  0
LINE
  5
289
330
285
100
AcDbEntity
  8
0
  6
Continuous
 62
     0
370
    18
100
AcDbLine
 10
0.0
 20
0.0
 30
0.0
 11
-0.1
 21
0.0
 31
0.0
  0
LINE
  5
28A
330
285
100
AcDbEntity
  8
0
  6
Continuous
 62
     0
370
    18
100
AcDbLine
 10
0.0
 20
0.0
 30
0.0
 11
0.0
 21
-0.1
 31
0.0
  0
LINE
  5
28B
330
285
100
AcDbEntity
  8
0
  6
Continuous
 62
     0
370
    18
100
AcDbLine
 10
0.0
 20
0.0
 30
0.0
 11
0.1
 21
0.0
 31
0.0
  0
LINE
  5
28C
330
285
100
AcDbEntity
  8
0
  6
Continuous
 62
     0
370
    18
100
AcDbLine
 10
0.0
 20
0.2
 30
0.0
 11
0.0
 21
0.225
 31
0.0
  0
LINE
  5
28D
330
285
100
AcDbEntity
  8
0
  6
Continuous
 62
     0
370
    18
100
AcDbLine
 10
-0.2
 20
0.0
 30
0.0
 11
-0.225
 21
0.0
 31
0.0
  0
LINE
  5
28E
330
285
100
AcDbEntity
  8
0
  6
Continuous
 62
     0
370
    18
100
AcDbLine
 10
0.0
 20
-0.2
 30
0.0
 11
0.0
 21
-0.225
 31
0.0
  0
LINE
  5
28F
330
285
100
AcDbEntity
  8
0
  6
Continuous
 62
     0
370
    18
100
AcDbLine
 10
0.2
 20
0.0
 30
0.0
 11
0.225
 21
0.0
 31
0.0
  0
ENDBLK
  5
287
330
285
100
AcDbEntity
  8
0
100
AcDbBlockEnd
  0
BLOCK
  5
29C
330
29B
100
AcDbEntity
  8
0
100
AcDbBlockBegin
  2
SW_CENTERMARKSYMBOL_11
 70
     0
 10
0.0
 20
0.0
 30
0.0
  3
SW_CENTERMARKSYMBOL_11
  1

  0
LINE
  5
29E
330
29B
100
AcDbEntity
  8
0
  6
Continuous
 62
     0
370
    18
100
AcDbLine
 10
0.0
 20
0.0
 30
0.0
 11
0.0
 21
0.1
 31
0.0
  0
LINE
  5
29F
330
29B
100
AcDbEntity
  8
0
  6
Continuous
 62
     0
370
    18
100
AcDbLine
 10
0.0
 20
0.0
 30
0.0
 11
-0.1
 21
0.0
 31
0.0
  0
LINE
  5
2A0
330
29B
100
AcDbEntity
  8
0
  6
Continuous
 62
     0
370
    18
100
AcDbLine
 10
0.0
 20
0.0
 30
0.0
 11
0.0
 21
-0.1
 31
0.0
  0
LINE
  5
2A1
330
29B
100
AcDbEntity
  8
0
  6
Continuous
 62
     0
370
    18
100
AcDbLine
 10
0.0
 20
0.0
 30
0.0
 11
0.1
 21
0.0
 31
0.0
  0
LINE
  5
2A2
330
29B
100
AcDbEntity
  8
0
  6
Continuous
 62
     0
370
    18
100
AcDbLine
 10
0.0
 20
0.2
 30
0.0
 11
0.0
 21
0.225
 31
0.0
  0
LINE
  5
2A3
330
29B
100
AcDbEntity
  8
0
  6
Continuous
 62
     0
370
    18
100
AcDbLine
 10
-0.2
 20
0.0
 30
0.0
 11
-0.225
 21
0.0
 31
0.0
  0
LINE
  5
2A4
330
29B
100
AcDbEntity
  8
0
  6
Continuous
 62
     0
370
    18
100
AcDbLine
 10
0.0
 20
-0.2
 30
0.0
 11
0.0
 21
-0.225
 31
0.0
  0
LINE
  5
2A5
330
29B
100
AcDbEntity
  8
0
  6
Continuous
 62
     0
370
    18
100
AcDbLine
 10
0.2
 20
0.0
 30
0.0
 11
0.225
 21
0.0
 31
0.0
  0
ENDBLK
  5
29D
330
29B
100
AcDbEntity
  8
0
100
AcDbBlockEnd
  0
BLOCK
  5
2B3
330
2B2
100
AcDbEntity
  8
0
100
AcDbBlockBegin
  2
_D_20
 70
     0
 10
0.0
 20
0.0
 30
0.0
  3
_D_20
  1

  0
SOLID
  5
2B5
330
2B2
100
AcDbEntity
  8
0
  6
Continuous
 62
     7
370
    18
100
AcDbTrace
 10
9.6654135533
 20
3.4758428997
 30
0.0
 11
9.5354135533
 21
3.4958428997
 31
0.0
 12
9.5354135533
 22
3.4558428997
 32
0.0
 13
9.5354135533
 23
3.4558428997
 33
0.0
  0
SOLID
  5
2B6
330
2B2
100
AcDbEntity
  8
0
  6
Continuous
 62
     7
370
    18
100
AcDbTrace
 10
9.8554540884
 20
3.4758428997
 30
0.0
 11
9.9854540884
 21
3.4558428997
 31
0.0
 12
9.9854540884
 22
3.4958428997
 32
0.0
 13
9.9854540884
 23
3.4958428997
 33
0.0
  0
LINE
  5
2B7
330
2B2
100
AcDbEntity
  8
0
  6
Continuous
 62
     7
370
     0
100
AcDbLine
 10
9.6654135533
 20
4.0557641595
 30
0.0
 11
9.6654135533
 21
3.3508428997
 31
0.0
  0
LINE
  5
2B8
330
2B2
100
AcDbEntity
  8
0
  6
Continuous
 62
     7
370
     0
100
AcDbLine
 10
9.8554540884
 20
4.0557641595
 30
0.0
 11
9.8554540884
 21
3.3508428997
 31
0.0
  0
LINE
  5
2B9
330
2B2
100
AcDbEntity
  8
0
  6
Continuous
 62
     7
370
     0
100
AcDbLine
 10
9.6654135533
 20
3.4758428997
 30
0.0
 11
9.3329709128
 21
3.4758428997
 31
0.0
  0
LINE
  5
2BA
330
2B2
100
AcDbEntity
  8
0
  6
Continuous
 62
     7
370
     0
100
AcDbLine
 10
9.8554540884
 20
3.4758428997
 30
0.0
 11
10.1054540884
 21
3.4758428997
 31
0.0
  0
MTEXT
  5
2BB
330
2B2
100
AcDbEntity
  8
0
  6
Continuous
 62
     7
370
    18
100
AcDbMText
 10
9.0097070138
 20
3.5377576279
 30
0.0
 40
0.125
 41
0.0
 71
     1
 72
     1
  1
.190
  7
SLDTEXTSTYLE0
 73
     1
 44
1.0
  0
ENDBLK
  5
2B4
330
2B2
100
AcDbEntity
  8
0
100
AcDbBlockEnd
  0
BLOCK
  5
2BD
330
2BC
100
AcDbEntity
  8
0
100
AcDbBlockBegin
  2
SW_CENTERMARKSYMBOL_12
 70
     0
 10
0.0
 20
0.0
 30
0.0
  3
SW_CENTERMARKSYMBOL_12
  1

  0
LINE
  5
2BF
330
2BC
100
AcDbEntity
  8
0
  6
Continuous
 62
     0
370
    18
100
AcDbLine
 10
0.0
 20
0.0
 30
0.0
 11
0.0
 21
0.1
 31
0.0
  0
LINE
  5
2C0
330
2BC
100
AcDbEntity
  8
0
  6
Continuous
 62
     0
370
    18
100
AcDbLine
 10
0.0
 20
0.0
 30
0.0
 11
-0.1
 21
0.0
 31
0.0
  0
LINE
  5
2C1
330
2BC
100
AcDbEntity
  8
0
  6
Continuous
 62
     0
370
    18
100
AcDbLine
 10
0.0
 20
0.0
 30
0.0
 11
0.0
 21
-0.1
 31
0.0
  0
LINE
  5
2C2
330
2BC
100
AcDbEntity
  8
0
  6
Continuous
 62
     0
370
    18
100
AcDbLine
 10
0.0
 20
0.0
 30
0.0
 11
0.1
 21
0.0
 31
0.0
  0
LINE
  5
2C3
330
2BC
100
AcDbEntity
  8
0
  6
Continuous
 62
     0
370
    18
100
AcDbLine
 10
0.0
 20
0.2
 30
0.0
 11
0.0
 21
0.225
 31
0.0
  0
LINE
  5
2C4
330
2BC
100
AcDbEntity
  8
0
  6
Continuous
 62
     0
370
    18
100
AcDbLine
 10
-0.2
 20
0.0
 30
0.0
 11
-0.225
 21
0.0
 31
0.0
  0
LINE
  5
2C5
330
2BC
100
AcDbEntity
  8
0
  6
Continuous
 62
     0
370
    18
100
AcDbLine
 10
0.0
 20
-0.2
 30
0.0
 11
0.0
 21
-0.225
 31
0.0
  0
LINE
  5
2C6
330
2BC
100
AcDbEntity
  8
0
  6
Continuous
 62
     0
370
    18
100
AcDbLine
 10
0.2
 20
0.0
 30
0.0
 11
0.225
 21
0.0
 31
0.0
  0
ENDBLK
  5
2BE
330
2BC
100
AcDbEntity
  8
0
100
AcDbBlockEnd
  0
BLOCK
  5
2D3
330
2D2
100
AcDbEntity
  8
0
100
AcDbBlockBegin
  2
SW_CENTERMARKSYMBOL_13
 70
     0
 10
0.0
 20
0.0
 30
0.0
  3
SW_CENTERMARKSYMBOL_13
  1

  0
LINE
  5
2D5
330
2D2
100
AcDbEntity
  8
0
  6
Continuous
 62
     0
370
    18
100
AcDbLine
 10
0.0
 20
0.0
 30
0.0
 11
0.0
 21
0.1
 31
0.0
  0
LINE
  5
2D6
330
2D2
100
AcDbEntity
  8
0
  6
Continuous
 62
     0
370
    18
100
AcDbLine
 10
0.0
 20
0.0
 30
0.0
 11
-0.1
 21
0.0
 31
0.0
  0
LINE
  5
2D7
330
2D2
100
AcDbEntity
  8
0
  6
Continuous
 62
     0
370
    18
100
AcDbLine
 10
0.0
 20
0.0
 30
0.0
 11
0.0
 21
-0.1
 31
0.0
  0
LINE
  5
2D8
330
2D2
100
AcDbEntity
  8
0
  6
Continuous
 62
     0
370
    18
100
AcDbLine
 10
0.0
 20
0.0
 30
0.0
 11
0.1
 21
0.0
 31
0.0
  0
LINE
  5
2D9
330
2D2
100
AcDbEntity
  8
0
  6
Continuous
 62
     0
370
    18
100
AcDbLine
 10
0.0
 20
0.2
 30
0.0
 11
0.0
 21
0.225
 31
0.0
  0
LINE
  5
2DA
330
2D2
100
AcDbEntity
  8
0
  6
Continuous
 62
     0
370
    18
100
AcDbLine
 10
-0.2
 20
0.0
 30
0.0
 11
-0.225
 21
0.0
 31
0.0
  0
LINE
  5
2DB
330
2D2
100
AcDbEntity
  8
0
  6
Continuous
 62
     0
370
    18
100
AcDbLine
 10
0.0
 20
-0.2
 30
0.0
 11
0.0
 21
-0.225
 31
0.0
  0
LINE
  5
2DC
330
2D2
100
AcDbEntity
  8
0
  6
Continuous
 62
     0
370
    18
100
AcDbLine
 10
0.2
 20
0.0
 30
0.0
 11
0.225
 21
0.0
 31
0.0
  0
ENDBLK
  5
2D4
330
2D2
100
AcDbEntity
  8
0
100
AcDbBlockEnd
  0
BLOCK
  5
2E9
330
2E8
100
AcDbEntity
  8
0
100
AcDbBlockBegin
  2
SW_CENTERMARKSYMBOL_14
 70
     0
 10
0.0
 20
0.0
 30
0.0
  3
SW_CENTERMARKSYMBOL_14
  1

  0
LINE
  5
2EB
330
2E8
100
AcDbEntity
  8
0
  6
Continuous
 62
     0
370
    18
100
AcDbLine
 10
0.0
 20
0.0
 30
0.0
 11
0.0
 21
0.1
 31
0.0
  0
LINE
  5
2EC
330
2E8
100
AcDbEntity
  8
0
  6
Continuous
 62
     0
370
    18
100
AcDbLine
 10
0.0
 20
0.0
 30
0.0
 11
-0.1
 21
0.0
 31
0.0
  0
LINE
  5
2ED
330
2E8
100
AcDbEntity
  8
0
  6
Continuous
 62
     0
370
    18
100
AcDbLine
 10
0.0
 20
0.0
 30
0.0
 11
0.0
 21
-0.1
 31
0.0
  0
LINE
  5
2EE
330
2E8
100
AcDbEntity
  8
0
  6
Continuous
 62
     0
370
    18
100
AcDbLine
 10
0.0
 20
0.0
 30
0.0
 11
0.1
 21
0.0
 31
0.0
  0
LINE
  5
2EF
330
2E8
100
AcDbEntity
  8
0
  6
Continuous
 62
     0
370
    18
100
AcDbLine
 10
0.0
 20
0.2
 30
0.0
 11
0.0
 21
0.225
 31
0.0
  0
LINE
  5
2F0
330
2E8
100
AcDbEntity
  8
0
  6
Continuous
 62
     0
370
    18
100
AcDbLine
 10
-0.2
 20
0.0
 30
0.0
 11
-0.225
 21
0.0
 31
0.0
  0
LINE
  5
2F1
330
2E8
100
AcDbEntity
  8
0
  6
Continuous
 62
     0
370
    18
100
AcDbLine
 10
0.0
 20
-0.2
 30
0.0
 11
0.0
 21
-0.225
 31
0.0
  0
LINE
  5
2F2
330
2E8
100
AcDbEntity
  8
0
  6
Continuous
 62
     0
370
    18
100
AcDbLine
 10
0.2
 20
0.0
 30
0.0
 11
0.225
 21
0.0
 31
0.0
  0
ENDBLK
  5
2EA
330
2E8
100
AcDbEntity
  8
0
100
AcDbBlockEnd
  0
BLOCK
  5
300
330
2FF
100
AcDbEntity
  8
0
100
AcDbBlockBegin
  2
_D_21
 70
     0
 10
0.0
 20
0.0
 30
0.0
  3
_D_21
  1

  0
SOLID
  5
302
330
2FF
100
AcDbEntity
  8
0
  6
Continuous
 62
     7
370
    18
100
AcDbTrace
 10
7.6201077144
 20
4.3532509672
 30
0.0
 11
7.6401077144
 21
4.4832509672
 31
0.0
 12
7.6001077144
 22
4.4832509672
 32
0.0
 13
7.6001077144
 23
4.4832509672
 33
0.0
  0
SOLID
  5
303
330
2FF
100
AcDbEntity
  8
0
  6
Continuous
 62
     7
370
    18
100
AcDbTrace
 10
7.6201077144
 20
4.1032509672
 30
0.0
 11
7.6001077144
 21
3.9732509672
 31
0.0
 12
7.6401077144
 22
3.9732509672
 32
0.0
 13
7.6401077144
 23
3.9732509672
 33
0.0
  0
LINE
  5
304
330
2FF
100
AcDbEntity
  8
0
  6
Continuous
 62
     7
370
     0
100
AcDbLine
 10
8.0972787761
 20
4.3532509672
 30
0.0
 11
7.4951077144
 21
4.3532509672
 31
0.0
  0
LINE
  5
305
330
2FF
100
AcDbEntity
  8
0
  6
Continuous
 62
     7
370
     0
100
AcDbLine
 10
7.9043193112
 20
4.1032509672
 30
0.0
 11
7.4951077144
 21
4.1032509672
 31
0.0
  0
LINE
  5
306
330
2FF
100
AcDbEntity
  8
0
  6
Continuous
 62
     7
370
     0
100
AcDbLine
 10
7.3701077144
 20
3.8398925745
 30
0.0
 11
7.6201077144
 21
3.8398925745
 31
0.0
  0
LINE
  5
307
330
2FF
100
AcDbEntity
  8
0
  6
Continuous
 62
     7
370
     0
100
AcDbLine
 10
7.6201077144
 20
3.8398925745
 30
0.0
 11
7.6201077144
 21
4.1032509672
 31
0.0
  0
LINE
  5
308
330
2FF
100
AcDbEntity
  8
0
  6
Continuous
 62
     7
370
     0
100
AcDbLine
 10
7.6201077144
 20
4.3532509672
 30
0.0
 11
7.6201077144
 21
4.6032509672
 31
0.0
  0
MTEXT
  5
309
330
2FF
100
AcDbEntity
  8
0
  6
Continuous
 62
     7
370
    18
100
AcDbMText
 10
7.0468438155
 20
3.9018073027
 30
0.0
 40
0.125
 41
0.0
 71
     1
 72
     1
  1
.250
  7
SLDTEXTSTYLE0
 73
     1
 44
1.0
  0
ENDBLK
  5
301
330
2FF
100
AcDbEntity
  8
0
100
AcDbBlockEnd
  0
BLOCK
  5
30C
330
30B
100
AcDbEntity
  8
0
100
AcDbBlockBegin
  2
_D_22
 70
     0
 10
0.0
 20
0.0
 30
0.0
  3
_D_22
  1

  0
SOLID
  5
30E
330
30B
100
AcDbEntity
  8
0
  6
Continuous
 62
     7
370
    18
100
AcDbTrace
 10
8.2642787761
 20
3.6074916727
 30
0.0
 11
8.3942787761
 21
3.5874916727
 31
0.0
 12
8.3942787761
 22
3.6274916727
 32
0.0
 13
8.3942787761
 23
3.6274916727
 33
0.0
  0
SOLID
  5
30F
330
30B
100
AcDbEntity
  8
0
  6
Continuous
 62
     7
370
    18
100
AcDbTrace
 10
8.1472787761
 20
3.6074916727
 30
0.0
 11
8.0172787761
 21
3.6274916727
 31
0.0
 12
8.0172787761
 22
3.5874916727
 32
0.0
 13
8.0172787761
 23
3.5874916727
 33
0.0
  0
LINE
  5
310
330
30B
100
AcDbEntity
  8
0
  6
Continuous
 62
     7
370
     0
100
AcDbLine
 10
8.2642787761
 20
4.0532509672
 30
0.0
 11
8.2642787761
 21
3.4824916727
 31
0.0
  0
LINE
  5
311
330
30B
100
AcDbEntity
  8
0
  6
Continuous
 62
     7
370
     0
100
AcDbLine
 10
8.1472787761
 20
4.0532509672
 30
0.0
 11
8.1472787761
 21
3.4824916727
 31
0.0
  0
LINE
  5
312
330
30B
100
AcDbEntity
  8
0
  6
Continuous
 62
     7
370
     0
100
AcDbLine
 10
8.2642787761
 20
3.6074916727
 30
0.0
 11
8.5142787761
 21
3.6074916727
 31
0.0
  0
LINE
  5
313
330
30B
100
AcDbEntity
  8
0
  6
Continuous
 62
     7
370
     0
100
AcDbLine
 10
8.1472787761
 20
3.6074916727
 30
0.0
 11
7.4860300008
 21
3.6074916727
 31
0.0
  0
MTEXT
  5
314
330
30B
100
AcDbEntity
  8
0
  6
Continuous
 62
     7
370
    18
100
AcDbMText
 10
7.1627661019
 20
3.6694064009
 30
0.0
 40
0.125
 41
0.0
 71
     1
 72
     1
  1
.117
  7
SLDTEXTSTYLE0
 73
     1
 44
1.0
  0
ENDBLK
  5
30D
330
30B
100
AcDbEntity
  8
0
100
AcDbBlockEnd
  0
BLOCK
  5
318
330
317
100
AcDbEntity
  8
0
100
AcDbBlockBegin
  2
_D_23
 70
     0
 10
0.0
 20
0.0
 30
0.0
  3
_D_23
  1

  0
SOLID
  5
31A
330
317
100
AcDbEntity
  8
0
  6
Continuous
 62
     7
370
    18
100
AcDbTrace
 10
8.0127843764
 20
5.013919473
 30
0.0
 11
7.9260396907
 21
5.1127898908
 31
0.0
 12
7.9003327298
 22
5.0821443012
 32
0.0
 13
7.9003327298
 23
5.0821443012
 33
0.0
  0
LINE
  5
31B
330
317
100
AcDbEntity
  8
0
  6
Continuous
 62
     7
370
     0
100
AcDbLine
 10
8.0127843764
 20
5.013919473
 30
0.0
 11
7.3918154397
 21
5.5348174036
 31
0.0
  0
LINE
  5
31C
330
317
100
AcDbEntity
  8
0
  6
Continuous
 62
     7
370
     0
100
AcDbLine
 10
7.3918154397
 20
5.5348174036
 30
0.0
 11
7.1418154397
 21
5.5348174036
 31
0.0
  0
MTEXT
  5
31D
330
317
100
AcDbEntity
  8
0
  6
Continuous
 62
     7
370
    18
100
AcDbMText
 10
6.6300359385
 20
5.5957772627
 30
0.0
 40
0.125
 41
0.0
 71
     1
 72
     1
  1
%%c
  7
SLDTEXTSTYLE0
 73
     1
 44
1.0
  0
MTEXT
  5
31E
330
317
100
AcDbEntity
  8
0
  6
Continuous
 62
     7
370
    18
100
AcDbMText
 10
6.8185515591
 20
5.597686985
 30
0.0
 40
0.125
 41
0.0
 71
     1
 72
     1
  1
.500
  7
SLDTEXTSTYLE0
 73
     1
 44
1.0
  0
ENDBLK
  5
319
330
317
100
AcDbEntity
  8
0
100
AcDbBlockEnd
  0
BLOCK
  5
321
330
320
100
AcDbEntity
  8
0
100
AcDbBlockBegin
  2
_D_24
 70
     0
 10
0.0
 20
0.0
 30
0.0
  3
_D_24
  1

  0
SOLID
  5
323
330
320
100
AcDbEntity
  8
0
  6
Continuous
 62
     7
370
    18
100
AcDbTrace
 10
8.090872289
 20
4.9057369001
 30
0.0
 11
7.9812851351
 21
4.9784737939
 31
0.0
 12
7.9644896366
 22
4.9421707468
 32
0.0
 13
7.9644896366
 23
4.9421707468
 33
0.0
  0
LINE
  5
324
330
320
100
AcDbEntity
  8
0
  6
Continuous
 62
     7
370
     0
100
AcDbLine
 10
8.090872289
 20
4.9057369001
 30
0.0
 11
7.537497448
 21
5.1617541512
 31
0.0
  0
LINE
  5
325
330
320
100
AcDbEntity
  8
0
  6
Continuous
 62
     7
370
     0
100
AcDbLine
 10
7.537497448
 20
5.1617541512
 30
0.0
 11
7.287497448
 21
5.1617541512
 31
0.0
  0
MTEXT
  5
326
330
320
100
AcDbEntity
  8
0
  6
Continuous
 62
     7
370
    18
100
AcDbMText
 10
6.7757179468
 20
5.2227140103
 30
0.0
 40
0.125
 41
0.0
 71
     1
 72
     1
  1
%%c
  7
SLDTEXTSTYLE0
 73
     1
 44
1.0
  0
MTEXT
  5
327
330
320
100
AcDbEntity
  8
0
  6
Continuous
 62
     7
370
    18
100
AcDbMText
 10
6.9642335673
 20
5.2246237326
 30
0.0
 40
0.125
 41
0.0
 71
     1
 72
     1
  1
.250
  7
SLDTEXTSTYLE0
 73
     1
 44
1.0
  0
ENDBLK
  5
322
330
320
100
AcDbEntity
  8
0
100
AcDbBlockEnd
  0
BLOCK
  5
32A
330
329
100
AcDbEntity
  8
0
100
AcDbBlockBegin
  2
_D_25
 70
     0
 10
0.0
 20
0.0
 30
0.0
  3
_D_25
  1

  0
SOLID
  5
32C
330
329
100
AcDbEntity
  8
0
  6
Continuous
 62
     7
370
    18
100
AcDbTrace
 10
7.3243980513
 20
4.8532509672
 30
0.0
 11
7.3043980513
 21
4.7232509672
 31
0.0
 12
7.3443980513
 22
4.7232509672
 32
0.0
 13
7.3443980513
 23
4.7232509672
 33
0.0
  0
SOLID
  5
32D
330
329
100
AcDbEntity
  8
0
  6
Continuous
 62
     7
370
    18
100
AcDbTrace
 10
7.3243980513
 20
4.1032509672
 30
0.0
 11
7.3443980513
 21
4.2332509672
 31
0.0
 12
7.3043980513
 22
4.2332509672
 32
0.0
 13
7.3043980513
 23
4.2332509672
 33
0.0
  0
LINE
  5
32E
330
329
100
AcDbEntity
  8
0
  6
Continuous
 62
     7
370
     0
100
AcDbLine
 10
7.9043193112
 20
4.8532509672
 30
0.0
 11
7.1993980513
 21
4.8532509672
 31
0.0
  0
LINE
  5
32F
330
329
100
AcDbEntity
  8
0
  6
Continuous
 62
     7
370
     0
100
AcDbLine
 10
7.9043193112
 20
4.1032509672
 30
0.0
 11
7.1993980513
 21
4.1032509672
 31
0.0
  0
LINE
  5
330
330
329
100
AcDbEntity
  8
0
  6
Continuous
 62
     7
370
     0
100
AcDbLine
 10
7.3243980513
 20
4.8532509672
 30
0.0
 11
7.3243980513
 21
4.6250077718
 31
0.0
  0
LINE
  5
331
330
329
100
AcDbEntity
  8
0
  6
Continuous
 62
     7
370
     0
100
AcDbLine
 10
7.3243980513
 20
4.1032509672
 30
0.0
 11
7.3243980513
 21
4.4265702658
 31
0.0
  0
MTEXT
  5
332
330
329
100
AcDbEntity
  8
0
  6
Continuous
 62
     7
370
    18
100
AcDbMText
 10
7.1627661019
 20
4.587703747
 30
0.0
 40
0.125
 41
0.0
 71
     1
 72
     1
  1
.750
  7
SLDTEXTSTYLE0
 73
     1
 44
1.0
  0
ENDBLK
  5
32B
330
329
100
AcDbEntity
  8
0
100
AcDbBlockEnd
  0
BLOCK
  5
334
330
333
100
AcDbEntity
  8
0
100
AcDbBlockBegin
  2
SW_CENTERMARKSYMBOL_15
 70
     0
 10
0.0
 20
0.0
 30
0.0
  3
SW_CENTERMARKSYMBOL_15
  1

  0
LINE
  5
336
330
333
100
AcDbEntity
  8
0
  6
Continuous
 62
     0
370
    18
100
AcDbLine
 10
0.0
 20
0.0
 30
0.0
 11
0.0
 21
0.1
 31
0.0
  0
LINE
  5
337
330
333
100
AcDbEntity
  8
0
  6
Continuous
 62
     0
370
    18
100
AcDbLine
 10
0.0
 20
0.0
 30
0.0
 11
-0.1
 21
0.0
 31
0.0
  0
LINE
  5
338
330
333
100
AcDbEntity
  8
0
  6
Continuous
 62
     0
370
    18
100
AcDbLine
 10
0.0
 20
0.0
 30
0.0
 11
0.0
 21
-0.1
 31
0.0
  0
LINE
  5
339
330
333
100
AcDbEntity
  8
0
  6
Continuous
 62
     0
370
    18
100
AcDbLine
 10
0.0
 20
0.0
 30
0.0
 11
0.1
 21
0.0
 31
0.0
  0
LINE
  5
33A
330
333
100
AcDbEntity
  8
0
  6
Continuous
 62
     0
370
    18
100
AcDbLine
 10
0.0
 20
0.2
 30
0.0
 11
0.0
 21
0.225
 31
0.0
  0
LINE
  5
33B
330
333
100
AcDbEntity
  8
0
  6
Continuous
 62
     0
370
    18
100
AcDbLine
 10
-0.2
 20
0.0
 30
0.0
 11
-0.225
 21
0.0
 31
0.0
  0
LINE
  5
33C
330
333
100
AcDbEntity
  8
0
  6
Continuous
 62
     0
370
    18
100
AcDbLine
 10
0.0
 20
-0.2
 30
0.0
 11
0.0
 21
-0.225
 31
0.0
  0
LINE
  5
33D
330
333
100
AcDbEntity
  8
0
  6
Continuous
 62
     0
370
    18
100
AcDbLine
 10
0.2
 20
0.0
 30
0.0
 11
0.225
 21
0.0
 31
0.0
  0
ENDBLK
  5
335
330
333
100
AcDbEntity
  8
0
100
AcDbBlockEnd
  0
BLOCK
  5
34B
330
34A
100
AcDbEntity
  8
0
100
AcDbBlockBegin
  2
_D_26
 70
     0
 10
0.0
 20
0.0
 30
0.0
  3
_D_26
  1

  0
SOLID
  5
34D
330
34A
100
AcDbEntity
  8
0
  6
Continuous
 62
     7
370
    18
100
AcDbTrace
 10
8.6716621856
 20
3.6915464003
 30
0.0
 11
8.5416621856
 21
3.7115464003
 31
0.0
 12
8.5416621856
 22
3.6715464003
 32
0.0
 13
8.5416621856
 23
3.6715464003
 33
0.0
  0
SOLID
  5
34E
330
34A
100
AcDbEntity
  8
0
  6
Continuous
 62
     7
370
    18
100
AcDbTrace
 10
9.1716621856
 20
3.6915464003
 30
0.0
 11
9.3016621856
 21
3.6715464003
 31
0.0
 12
9.3016621856
 22
3.7115464003
 32
0.0
 13
9.3016621856
 23
3.7115464003
 33
0.0
  0
LINE
  5
34F
330
34A
100
AcDbEntity
  8
0
  6
Continuous
 62
     7
370
     0
100
AcDbLine
 10
8.6716621856
 20
4.0352471877
 30
0.0
 11
8.6716621856
 21
3.5665464003
 31
0.0
  0
LINE
  5
350
330
34A
100
AcDbEntity
  8
0
  6
Continuous
 62
     7
370
     0
100
AcDbLine
 10
9.1716621856
 20
4.0352471877
 30
0.0
 11
9.1716621856
 21
3.5665464003
 31
0.0
  0
LINE
  5
351
330
34A
100
AcDbEntity
  8
0
  6
Continuous
 62
     7
370
     0
100
AcDbLine
 10
8.6716621856
 20
3.6915464003
 30
0.0
 11
8.4216621856
 21
3.6915464003
 31
0.0
  0
LINE
  5
352
330
34A
100
AcDbEntity
  8
0
  6
Continuous
 62
     7
370
     0
100
AcDbLine
 10
9.1716621856
 20
3.6915464003
 30
0.0
 11
9.4216621856
 21
3.6915464003
 31
0.0
  0
MTEXT
  5
353
330
34A
100
AcDbEntity
  8
0
  6
Continuous
 62
     7
370
    18
100
AcDbMText
 10
8.7386315349
 20
3.7534611286
 30
0.0
 40
0.125
 41
0.0
 71
     1
 72
     1
  1
.500
  7
SLDTEXTSTYLE0
 73
     1
 44
1.0
  0
ENDBLK
  5
34C
330
34A
100
AcDbEntity
  8
0
100
AcDbBlockEnd
  0
BLOCK
  5
355
330
354
100
AcDbEntity
  8
0
100
AcDbBlockBegin
  2
SW_CENTERMARKSYMBOL_16
 70
     0
 10
0.0
 20
0.0
 30
0.0
  3
SW_CENTERMARKSYMBOL_16
  1

  0
LINE
  5
357
330
354
100
AcDbEntity
  8
0
  6
Continuous
 62
     0
370
    18
100
AcDbLine
 10
0.0
 20
0.0
 30
0.0
 11
0.0
 21
0.1
 31
0.0
  0
LINE
  5
358
330
354
100
AcDbEntity
  8
0
  6
Continuous
 62
     0
370
    18
100
AcDbLine
 10
0.0
 20
0.0
 30
0.0
 11
-0.1
 21
0.0
 31
0.0
  0
LINE
  5
359
330
354
100
AcDbEntity
  8
0
  6
Continuous
 62
     0
370
    18
100
AcDbLine
 10
0.0
 20
0.0
 30
0.0
 11
0.0
 21
-0.1
 31
0.0
  0
LINE
  5
35A
330
354
100
AcDbEntity
  8
0
  6
Continuous
 62
     0
370
    18
100
AcDbLine
 10
0.0
 20
0.0
 30
0.0
 11
0.1
 21
0.0
 31
0.0
  0
LINE
  5
35B
330
354
100
AcDbEntity
  8
0
  6
Continuous
 62
     0
370
    18
100
AcDbLine
 10
0.0
 20
0.2
 30
0.0
 11
0.0
 21
0.225
 31
0.0
  0
LINE
  5
35C
330
354
100
AcDbEntity
  8
0
  6
Continuous
 62
     0
370
    18
100
AcDbLine
 10
-0.2
 20
0.0
 30
0.0
 11
-0.225
 21
0.0
 31
0.0
  0
LINE
  5
35D
330
354
100
AcDbEntity
  8
0
  6
Continuous
 62
     0
370
    18
100
AcDbLine
 10
0.0
 20
-0.2
 30
0.0
 11
0.0
 21
-0.225
 31
0.0
  0
LINE
  5
35E
330
354
100
AcDbEntity
  8
0
  6
Continuous
 62
     0
370
    18
100
AcDbLine
 10
0.2
 20
0.0
 30
0.0
 11
0.225
 21
0.0
 31
0.0
  0
ENDBLK
  5
356
330
354
100
AcDbEntity
  8
0
100
AcDbBlockEnd
  0
BLOCK
  5
375
330
374
100
AcDbEntity
  8
0
100
AcDbBlockBegin
  2
_D_27
 70
     0
 10
0.0
 20
0.0
 30
0.0
  3
_D_27
  1

  0
SOLID
  5
377
330
374
100
AcDbEntity
  8
0
  6
Continuous
 62
     7
370
    18
100
AcDbTrace
 10
0.8363045365
 20
2.9237361539
 30
0.0
 11
0.9260099244
 21
3.0199283748
 31
0.0
 12
0.8929484297
 22
3.0424436489
 32
0.0
 13
0.8929484297
 23
3.0424436489
 33
0.0
  0
LINE
  5
378
330
374
100
AcDbEntity
  8
0
  6
Continuous
 62
     7
370
     0
100
AcDbLine
 10
0.8363045365
 20
2.9237361539
 30
0.0
 11
1.1981847473
 21
3.455122122
 31
0.0
  0
LINE
  5
379
330
374
100
AcDbEntity
  8
0
  6
Continuous
 62
     7
370
     0
100
AcDbLine
 10
1.1981847473
 20
3.455122122
 30
0.0
 11
0.9481847473
 21
3.455122122
 31
0.0
  0
MTEXT
  5
37A
330
374
100
AcDbEntity
  8
0
  6
Continuous
 62
     7
370
    18
100
AcDbMText
 10
0.4364052461
 20
3.5160819811
 30
0.0
 40
0.125
 41
0.0
 71
     1
 72
     1
  1
%%c
  7
SLDTEXTSTYLE0
 73
     1
 44
1.0
  0
MTEXT
  5
37B
330
374
100
AcDbEntity
  8
0
  6
Continuous
 62
     7
370
    18
100
AcDbMText
 10
0.6249208667
 20
3.5179917034
 30
0.0
 40
0.125
 41
0.0
 71
     1
 72
     1
  1
.250
  7
SLDTEXTSTYLE0
 73
     1
 44
1.0
  0
ENDBLK
  5
376
330
374
100
AcDbEntity
  8
0
100
AcDbBlockEnd
  0
BLOCK
  5
37E
330
37D
100
AcDbEntity
  8
0
100
AcDbBlockBegin
  2
_D_28
 70
     0
 10
0.0
 20
0.0
 30
0.0
  3
_D_28
  1

  0
SOLID
  5
380
330
37D
100
AcDbEntity
  8
0
  6
Continuous
 62
     7
370
    18
100
AcDbTrace
 10
0.8539148019
 20
7.7316147504
 30
0.0
 11
0.9311954413
 21
7.6251830692
 31
0.0
 12
0.9596127957
 22
7.6533336281
 32
0.0
 13
0.9596127957
 23
7.6533336281
 33
0.0
  0
LINE
  5
381
330
37D
100
AcDbEntity
  8
0
  6
Continuous
 62
     7
370
     0
100
AcDbLine
 10
0.8539148019
 20
7.7316147504
 30
0.0
 11
1.1466171802
 21
7.4361383009
 31
0.0
  0
LINE
  5
382
330
37D
100
AcDbEntity
  8
0
  6
Continuous
 62
     7
370
     0
100
AcDbLine
 10
1.1466171802
 20
7.4361383009
 30
0.0
 11
0.8966171802
 21
7.4361383009
 31
0.0
  0
MTEXT
  5
383
330
37D
100
AcDbEntity
  8
0
  6
Continuous
 62
     7
370
    18
100
AcDbMText
 10
0.384837679
 20
7.49709816
 30
0.0
 40
0.125
 41
0.0
 71
     1
 72
     1
  1
%%c
  7
SLDTEXTSTYLE0
 73
     1
 44
1.0
  0
MTEXT
  5
384
330
37D
100
AcDbEntity
  8
0
  6
Continuous
 62
     7
370
    18
100
AcDbMText
 10
0.5733532996
 20
7.4990078823
 30
0.0
 40
0.125
 41
0.0
 71
     1
 72
     1
  1
.250
  7
SLDTEXTSTYLE0
 73
     1
 44
1.0
  0
ENDBLK
  5
37F
330
37D
100
AcDbEntity
  8
0
100
AcDbBlockEnd
  0
BLOCK
  5
387
330
386
100
AcDbEntity
  8
0
100
AcDbBlockBegin
  2
_D_29
 70
     0
 10
0.0
 20
0.0
 30
0.0
  3
_D_29
  1

  0
SOLID
  5
389
330
386
100
AcDbEntity
  8
0
  6
Continuous
 62
     7
370
    18
100
AcDbTrace
 10
0.9002790751
 20
2.3204189828
 30
0.0
 11
0.8802790751
 21
2.1904189828
 31
0.0
 12
0.9202790751
 22
2.1904189828
 32
0.0
 13
0.9202790751
 23
2.1904189828
 33
0.0
  0
SOLID
  5
38A
330
386
100
AcDbEntity
  8
0
  6
Continuous
 62
     7
370
    18
100
AcDbTrace
 10
0.9002790751
 20
2.4454189828
 30
0.0
 11
0.9202790751
 21
2.5754189828
 31
0.0
 12
0.8802790751
 22
2.5754189828
 32
0.0
 13
0.8802790751
 23
2.5754189828
 33
0.0
  0
LINE
  5
38B
330
386
100
AcDbEntity
  8
0
  6
Continuous
 62
     7
370
     0
100
AcDbLine
 10
0.6909443051
 20
2.3204189828
 30
0.0
 11
1.0252790751
 21
2.3204189828
 31
0.0
  0
LINE
  5
38C
330
386
100
AcDbEntity
  8
0
  6
Continuous
 62
     7
370
     0
100
AcDbLine
 10
0.9409443051
 20
2.4454189828
 30
0.0
 11
1.0252790751
 21
2.4454189828
 31
0.0
  0
LINE
  5
38D
330
386
100
AcDbEntity
  8
0
  6
Continuous
 62
     7
370
     0
100
AcDbLine
 10
1.1502790751
 20
2.7491297866
 30
0.0
 11
0.9002790751
 21
2.7491297866
 31
0.0
  0
LINE
  5
38E
330
386
100
AcDbEntity
  8
0
  6
Continuous
 62
     7
370
     0
100
AcDbLine
 10
0.9002790751
 20
2.7491297866
 30
0.0
 11
0.9002790751
 21
2.4454189828
 31
0.0
  0
LINE
  5
38F
330
386
100
AcDbEntity
  8
0
  6
Continuous
 62
     7
370
     0
100
AcDbLine
 10
0.9002790751
 20
2.3204189828
 30
0.0
 11
0.9002790751
 21
2.0704189828
 31
0.0
  0
MTEXT
  5
390
330
386
100
AcDbEntity
  8
0
  6
Continuous
 62
     7
370
    18
100
AcDbMText
 10
1.1502790751
 20
2.8110445149
 30
0.0
 40
0.125
 41
0.0
 71
     1
 72
     1
  1
.125
  7
SLDTEXTSTYLE0
 73
     1
 44
1.0
  0
ENDBLK
  5
388
330
386
100
AcDbEntity
  8
0
100
AcDbBlockEnd
  0
BLOCK
  5
393
330
392
100
AcDbEntity
  8
0
100
AcDbBlockBegin
  2
_D_30
 70
     0
 10
0.0
 20
0.0
 30
0.0
  3
_D_30
  1

  0
SOLID
  5
395
330
392
100
AcDbEntity
  8
0
  6
Continuous
 62
     7
370
    18
100
AcDbTrace
 10
0.6409443051
 20
2.1684113266
 30
0.0
 11
0.5109443051
 21
2.1884113266
 31
0.0
 12
0.5109443051
 22
2.1484113266
 32
0.0
 13
0.5109443051
 23
2.1484113266
 33
0.0
  0
SOLID
  5
396
330
392
100
AcDbEntity
  8
0
  6
Continuous
 62
     7
370
    18
100
AcDbTrace
 10
0.8909443051
 20
2.1684113266
 30
0.0
 11
1.0209443051
 21
2.1484113266
 31
0.0
 12
1.0209443051
 22
2.1884113266
 32
0.0
 13
1.0209443051
 23
2.1884113266
 33
0.0
  0
LINE
  5
397
330
392
100
AcDbEntity
  8
0
  6
Continuous
 62
     7
370
     0
100
AcDbLine
 10
0.6409443051
 20
2.2704189828
 30
0.0
 11
0.6409443051
 21
2.0434113266
 31
0.0
  0
LINE
  5
398
330
392
100
AcDbEntity
  8
0
  6
Continuous
 62
     7
370
     0
100
AcDbLine
 10
0.8909443051
 20
2.2704189828
 30
0.0
 11
0.8909443051
 21
2.0434113266
 31
0.0
  0
LINE
  5
399
330
392
100
AcDbEntity
  8
0
  6
Continuous
 62
     7
370
     0
100
AcDbLine
 10
0.6409443051
 20
2.1684113266
 30
0.0
 11
0.3795520793
 21
2.1684113266
 31
0.0
  0
LINE
  5
39A
330
392
100
AcDbEntity
  8
0
  6
Continuous
 62
     7
370
     0
100
AcDbLine
 10
0.8909443051
 20
2.1684113266
 30
0.0
 11
1.1409443051
 21
2.1684113266
 31
0.0
  0
MTEXT
  5
39B
330
392
100
AcDbEntity
  8
0
  6
Continuous
 62
     7
370
    18
100
AcDbMText
 10
0.0562881804
 20
2.2303260548
 30
0.0
 40
0.125
 41
0.0
 71
     1
 72
     1
  1
.250
  7
SLDTEXTSTYLE0
 73
     1
 44
1.0
  0
ENDBLK
  5
394
330
392
100
AcDbEntity
  8
0
100
AcDbBlockEnd
  0
BLOCK
  5
39E
330
39D
100
AcDbEntity
  8
0
100
AcDbBlockBegin
  2
_D_31
 70
     0
 10
0.0
 20
0.0
 30
0.0
  3
_D_31
  1

  0
SOLID
  5
3A0
330
39D
100
AcDbEntity
  8
0
  6
Continuous
 62
     7
370
    18
100
AcDbTrace
 10
0.2659443051
 20
4.1078688525
 30
0.0
 11
0.3959443051
 21
4.0878688525
 31
0.0
 12
0.3959443051
 22
4.1278688525
 32
0.0
 13
0.3959443051
 23
4.1278688525
 33
0.0
  0
SOLID
  5
3A1
330
39D
100
AcDbEntity
  8
0
  6
Continuous
 62
     7
370
    18
100
AcDbTrace
 10
1.2659443051
 20
4.1078688525
 30
0.0
 11
1.1359443051
 21
4.1278688525
 31
0.0
 12
1.1359443051
 22
4.0878688525
 32
0.0
 13
1.1359443051
 23
4.0878688525
 33
0.0
  0
LINE
  5
3A2
330
39D
100
AcDbEntity
  8
0
  6
Continuous
 62
     7
370
     0
100
AcDbLine
 10
0.2659443051
 20
4.1078688525
 30
0.0
 11
0.5485575274
 21
4.1078688525
 31
0.0
  0
LINE
  5
3A3
330
39D
100
AcDbEntity
  8
0
  6
Continuous
 62
     7
370
     0
100
AcDbLine
 10
1.2659443051
 20
4.1078688525
 30
0.0
 11
0.9641825194
 21
4.1078688525
 31
0.0
  0
MTEXT
  5
3A4
330
39D
100
AcDbEntity
  8
0
  6
Continuous
 62
     7
370
    18
100
AcDbMText
 10
0.5485575274
 20
4.1697835807
 30
0.0
 40
0.125
 41
0.0
 71
     1
 72
     1
  1
1.000
  7
SLDTEXTSTYLE0
 73
     1
 44
1.0
  0
ENDBLK
  5
39F
330
39D
100
AcDbEntity
  8
0
100
AcDbBlockEnd
  0
BLOCK
  5
3A7
330
3A6
100
AcDbEntity
  8
0
100
AcDbBlockBegin
  2
_D_32
 70
     0
 10
0.0
 20
0.0
 30
0.0
  3
_D_32
  1

  0
SOLID
  5
3A9
330
3A6
100
AcDbEntity
  8
0
  6
Continuous
 62
     7
370
    18
100
AcDbTrace
 10
0.8912792676
 20
5.346440281
 30
0.0
 11
1.0212792676
 21
5.326440281
 31
0.0
 12
1.0212792676
 22
5.366440281
 32
0.0
 13
1.0212792676
 23
5.366440281
 33
0.0
  0
SOLID
  5
3AA
330
3A6
100
AcDbEntity
  8
0
  6
Continuous
 62
     7
370
    18
100
AcDbTrace
 10
0.6412792676
 20
5.346440281
 30
0.0
 11
0.5112792676
 21
5.366440281
 31
0.0
 12
0.5112792676
 22
5.326440281
 32
0.0
 13
0.5112792676
 23
5.326440281
 33
0.0
  0
LINE
  5
3AB
330
3A6
100
AcDbEntity
  8
0
  6
Continuous
 62
     7
370
     0
100
AcDbLine
 10
0.8912792676
 20
6.1404189828
 30
0.0
 11
0.8912792676
 21
5.221440281
 31
0.0
  0
LINE
  5
3AC
330
3A6
100
AcDbEntity
  8
0
  6
Continuous
 62
     7
370
     0
100
AcDbLine
 10
0.6412792676
 20
6.1404189828
 30
0.0
 11
0.6412792676
 21
5.221440281
 31
0.0
  0
LINE
  5
3AD
330
3A6
100
AcDbEntity
  8
0
  6
Continuous
 62
     7
370
     0
100
AcDbLine
 10
0.8912792676
 20
5.346440281
 30
0.0
 11
1.7723961536
 21
5.346440281
 31
0.0
  0
LINE
  5
3AE
330
3A6
100
AcDbEntity
  8
0
  6
Continuous
 62
     7
370
     0
100
AcDbLine
 10
0.6412792676
 20
5.346440281
 30
0.0
 11
0.3912792676
 21
5.346440281
 31
0.0
  0
MTEXT
  5
3AF
330
3A6
100
AcDbEntity
  8
0
  6
Continuous
 62
     7
370
    18
100
AcDbMText
 10
1.7723961536
 20
5.4083550093
 30
0.0
 40
0.125
 41
0.0
 71
     1
 72
     1
  1
.250
  7
SLDTEXTSTYLE0
 73
     1
 44
1.0
  0
ENDBLK
  5
3A8
330
3A6
100
AcDbEntity
  8
0
100
AcDbBlockEnd
  0
BLOCK
  5
3B2
330
3B1
100
AcDbEntity
  8
0
100
AcDbBlockBegin
  2
_D_33
 70
     0
 10
0.0
 20
0.0
 30
0.0
  3
_D_33
  1

  0
SOLID
  5
3B4
330
3B1
100
AcDbEntity
  8
0
  6
Continuous
 62
     7
370
    18
100
AcDbTrace
 10
1.5037291489
 20
6.3154189828
 30
0.0
 11
1.5237291489
 21
6.4454189828
 31
0.0
 12
1.4837291489
 22
6.4454189828
 32
0.0
 13
1.4837291489
 23
6.4454189828
 33
0.0
  0
SOLID
  5
3B5
330
3B1
100
AcDbEntity
  8
0
  6
Continuous
 62
     7
370
    18
100
AcDbTrace
 10
1.5037291489
 20
6.1904189828
 30
0.0
 11
1.4837291489
 21
6.0604189828
 31
0.0
 12
1.5237291489
 22
6.0604189828
 32
0.0
 13
1.5237291489
 23
6.0604189828
 33
0.0
  0
LINE
  5
3B6
330
3B1
100
AcDbEntity
  8
0
  6
Continuous
 62
     7
370
     0
100
AcDbLine
 10
0.9412792676
 20
6.3154189828
 30
0.0
 11
1.6287291489
 21
6.3154189828
 31
0.0
  0
LINE
  5
3B7
330
3B1
100
AcDbEntity
  8
0
  6
Continuous
 62
     7
370
     0
100
AcDbLine
 10
0.9412792676
 20
6.1904189828
 30
0.0
 11
1.6287291489
 21
6.1904189828
 31
0.0
  0
LINE
  5
3B8
330
3B1
100
AcDbEntity
  8
0
  6
Continuous
 62
     7
370
     0
100
AcDbLine
 10
1.7537291489
 20
6.7922728483
 30
0.0
 11
1.5037291489
 21
6.7922728483
 31
0.0
  0
LINE
  5
3B9
330
3B1
100
AcDbEntity
  8
0
  6
Continuous
 62
     7
370
     0
100
AcDbLine
 10
1.5037291489
 20
6.7922728483
 30
0.0
 11
1.5037291489
 21
6.3154189828
 31
0.0
  0
LINE
  5
3BA
330
3B1
100
AcDbEntity
  8
0
  6
Continuous
 62
     7
370
     0
100
AcDbLine
 10
1.5037291489
 20
6.1904189828
 30
0.0
 11
1.5037291489
 21
5.9404189828
 31
0.0
  0
MTEXT
  5
3BB
330
3B1
100
AcDbEntity
  8
0
  6
Continuous
 62
     7
370
    18
100
AcDbMText
 10
1.7537291489
 20
6.8541875765
 30
0.0
 40
0.125
 41
0.0
 71
     1
 72
     1
  1
.125
  7
SLDTEXTSTYLE0
 73
     1
 44
1.0
  0
ENDBLK
  5
3B3
330
3B1
100
AcDbEntity
  8
0
100
AcDbBlockEnd
  0
BLOCK
  5
3BE
330
3BD
100
AcDbEntity
  8
0
100
AcDbBlockBegin
  2
_D_34
 70
     0
 10
0.0
 20
0.0
 30
0.0
  3
_D_34
  1

  0
SOLID
  5
3C0
330
3BD
100
AcDbEntity
  8
0
  6
Continuous
 62
     7
370
    18
100
AcDbTrace
 10
0.4416510539
 20
7.8204189828
 30
0.0
 11
0.4216510539
 21
7.6904189828
 31
0.0
 12
0.4616510539
 22
7.6904189828
 32
0.0
 13
0.4616510539
 23
7.6904189828
 33
0.0
  0
SOLID
  5
3C1
330
3BD
100
AcDbEntity
  8
0
  6
Continuous
 62
     7
370
    18
100
AcDbTrace
 10
0.4416510539
 20
8.3204189828
 30
0.0
 11
0.4616510539
 21
8.4504189828
 31
0.0
 12
0.4216510539
 22
8.4504189828
 32
0.0
 13
0.4216510539
 23
8.4504189828
 33
0.0
  0
LINE
  5
3C2
330
3BD
100
AcDbEntity
  8
0
  6
Continuous
 62
     7
370
     0
100
AcDbLine
 10
0.7159443051
 20
7.8204189828
 30
0.0
 11
0.3166510539
 21
7.8204189828
 31
0.0
  0
LINE
  5
3C3
330
3BD
100
AcDbEntity
  8
0
  6
Continuous
 62
     7
370
     0
100
AcDbLine
 10
0.4416510539
 20
7.8204189828
 30
0.0
 11
0.4416510539
 21
7.5704189828
 31
0.0
  0
LINE
  5
3C4
330
3BD
100
AcDbEntity
  8
0
  6
Continuous
 62
     7
370
     0
100
AcDbLine
 10
0.4416510539
 20
8.3204189828
 30
0.0
 11
0.4416510539
 21
8.5704189828
 31
0.0
  0
MTEXT
  5
3C5
330
3BD
100
AcDbEntity
  8
0
  6
Continuous
 62
     7
370
    18
100
AcDbMText
 10
0.2800191044
 20
8.0885423629
 30
0.0
 40
0.125
 41
0.0
 71
     1
 72
     1
  1
.500
  7
SLDTEXTSTYLE0
 73
     1
 44
1.0
  0
ENDBLK
  5
3BF
330
3BD
100
AcDbEntity
  8
0
100
AcDbBlockEnd
  0
BLOCK
  5
3C8
330
3C7
100
AcDbEntity
  8
0
100
AcDbBlockBegin
  2
_D_35
 70
     0
 10
0.0
 20
0.0
 30
0.0
  3
_D_35
  1

  0
SOLID
  5
3CA
330
3C7
100
AcDbEntity
  8
0
  6
Continuous
 62
     7
370
    18
100
AcDbTrace
 10
0.4416510539
 20
2.3204189828
 30
0.0
 11
0.4216510539
 21
2.1904189828
 31
0.0
 12
0.4616510539
 22
2.1904189828
 32
0.0
 13
0.4616510539
 23
2.1904189828
 33
0.0
  0
SOLID
  5
3CB
330
3C7
100
AcDbEntity
  8
0
  6
Continuous
 62
     7
370
    18
100
AcDbTrace
 10
0.4416510539
 20
2.8204189828
 30
0.0
 11
0.4616510539
 21
2.9504189828
 31
0.0
 12
0.4216510539
 22
2.9504189828
 32
0.0
 13
0.4216510539
 23
2.9504189828
 33
0.0
  0
LINE
  5
3CC
330
3C7
100
AcDbEntity
  8
0
  6
Continuous
 62
     7
370
     0
100
AcDbLine
 10
0.7159443051
 20
2.8204189828
 30
0.0
 11
0.3166510539
 21
2.8204189828
 31
0.0
  0
LINE
  5
3CD
330
3C7
100
AcDbEntity
  8
0
  6
Continuous
 62
     7
370
     0
100
AcDbLine
 10
0.4416510539
 20
2.3204189828
 30
0.0
 11
0.4416510539
 21
2.0704189828
 31
0.0
  0
LINE
  5
3CE
330
3C7
100
AcDbEntity
  8
0
  6
Continuous
 62
     7
370
     0
100
AcDbLine
 10
0.4416510539
 20
2.8204189828
 30
0.0
 11
0.4416510539
 21
3.0704189828
 31
0.0
  0
MTEXT
  5
3CF
330
3C7
100
AcDbEntity
  8
0
  6
Continuous
 62
     7
370
    18
100
AcDbMText
 10
0.2800191044
 20
2.6774065315
 30
0.0
 40
0.125
 41
0.0
 71
     1
 72
     1
  1
.500
  7
SLDTEXTSTYLE0
 73
     1
 44
1.0
  0
ENDBLK
  5
3C9
330
3C7
100
AcDbEntity
  8
0
100
AcDbBlockEnd
  0
BLOCK
  5
3FB
330
3FA
100
AcDbEntity
  8
0
100
AcDbBlockBegin
  2
_D_36
 70
     0
 10
0.0
 20
0.0
 30
0.0
  3
_D_36
  1

  0
SOLID
  5
3FD
330
3FA
100
AcDbEntity
  8
0
  6
Continuous
 62
     7
370
    18
100
AcDbTrace
 10
1.9319731206
 20
0.8342744765
 30
0.0
 11
2.0619731206
 21
0.8142744765
 31
0.0
 12
2.0619731206
 22
0.8542744765
 32
0.0
 13
2.0619731206
 23
0.8542744765
 33
0.0
  0
SOLID
  5
3FE
330
3FA
100
AcDbEntity
  8
0
  6
Continuous
 62
     7
370
    18
100
AcDbTrace
 10
1.8149731206
 20
0.8342744765
 30
0.0
 11
1.6849731206
 21
0.8542744765
 31
0.0
 12
1.6849731206
 22
0.8142744765
 32
0.0
 13
1.6849731206
 23
0.8142744765
 33
0.0
  0
LINE
  5
3FF
330
3FA
100
AcDbEntity
  8
0
  6
Continuous
 62
     7
370
     0
100
AcDbLine
 10
1.9319731206
 20
0.8342744765
 30
0.0
 11
3.272510198
 21
0.8342744765
 31
0.0
  0
LINE
  5
400
330
3FA
100
AcDbEntity
  8
0
  6
Continuous
 62
     7
370
     0
100
AcDbLine
 10
1.8149731206
 20
0.8342744765
 30
0.0
 11
1.5649731206
 21
0.8342744765
 31
0.0
  0
MTEXT
  5
401
330
3FA
100
AcDbEntity
  8
0
  6
Continuous
 62
     7
370
    18
100
AcDbMText
 10
3.272510198
 20
0.8961892048
 30
0.0
 40
0.125
 41
0.0
 71
     1
 72
     1
  1
.12
  7
SLDTEXTSTYLE0
 73
     1
 44
1.0
  0
ENDBLK
  5
3FC
330
3FA
100
AcDbEntity
  8
0
100
AcDbBlockEnd
  0
BLOCK
  5
404
330
403
100
AcDbEntity
  8
0
100
AcDbBlockBegin
  2
_D_37
 70
     0
 10
0.0
 20
0.0
 30
0.0
  3
_D_37
  1

  0
SOLID
  5
406
330
403
100
AcDbEntity
  8
0
  6
Continuous
 62
     7
370
    18
100
AcDbTrace
 10
3.3879615826
 20
0.3409538041
 30
0.0
 11
3.3679615826
 21
0.2109538041
 31
0.0
 12
3.4079615826
 22
0.2109538041
 32
0.0
 13
3.4079615826
 23
0.2109538041
 33
0.0
  0
SOLID
  5
407
330
403
100
AcDbEntity
  8
0
  6
Continuous
 62
     7
370
    18
100
AcDbTrace
 10
3.3879615826
 20
0.5356235984
 30
0.0
 11
3.4079615826
 21
0.6656235984
 31
0.0
 12
3.3679615826
 22
0.6656235984
 32
0.0
 13
3.3679615826
 23
0.6656235984
 33
0.0
  0
LINE
  5
408
330
403
100
AcDbEntity
  8
0
  6
Continuous
 62
     7
370
     0
100
AcDbLine
 10
1.9819731206
 20
0.3409538041
 30
0.0
 11
3.5129615826
 21
0.3409538041
 31
0.0
  0
LINE
  5
409
330
403
100
AcDbEntity
  8
0
  6
Continuous
 62
     7
370
     0
100
AcDbLine
 10
1.9819731206
 20
0.5356235984
 30
0.0
 11
3.5129615826
 21
0.5356235984
 31
0.0
  0
LINE
  5
40A
330
403
100
AcDbEntity
  8
0
  6
Continuous
 62
     7
370
     0
100
AcDbLine
 10
3.3879615826
 20
0.3409538041
 30
0.0
 11
3.3879615826
 21
0.0909538041
 31
0.0
  0
LINE
  5
40B
330
403
100
AcDbEntity
  8
0
  6
Continuous
 62
     7
370
     0
100
AcDbLine
 10
3.3879615826
 20
0.5356235984
 30
0.0
 11
3.3879615826
 21
0.7856235984
 31
0.0
  0
MTEXT
  5
40C
330
403
100
AcDbEntity
  8
0
  6
Continuous
 62
     7
370
    18
100
AcDbMText
 10
3.272510198
 20
0.493956988
 30
0.0
 40
0.125
 41
0.0
 71
     1
 72
     1
  1
.19
  7
SLDTEXTSTYLE0
 73
     1
 44
1.0
  0
ENDBLK
  5
405
330
403
100
AcDbEntity
  8
0
100
AcDbBlockEnd
  0
BLOCK
  5
40F
330
40E
100
AcDbEntity
  8
0
100
AcDbBlockBegin
  2
_D_38
 70
     0
 10
0.0
 20
0.0
 30
0.0
  3
_D_38
  1

  0
SOLID
  5
411
330
40E
100
AcDbEntity
  8
0
  6
Continuous
 62
     7
370
    18
100
AcDbTrace
 10
7.0826948308
 20
0.6526235984
 30
0.0
 11
7.1026948308
 21
0.7826235984
 31
0.0
 12
7.0626948308
 22
0.7826235984
 32
0.0
 13
7.0626948308
 23
0.7826235984
 33
0.0
  0
SOLID
  5
412
330
40E
100
AcDbEntity
  8
0
  6
Continuous
 62
     7
370
    18
100
AcDbTrace
 10
7.0826948308
 20
0.5356235984
 30
0.0
 11
7.0626948308
 21
0.4056235984
 31
0.0
 12
7.1026948308
 22
0.4056235984
 32
0.0
 13
7.1026948308
 23
0.4056235984
 33
0.0
  0
LINE
  5
413
330
40E
100
AcDbEntity
  8
0
  6
Continuous
 62
     7
370
     0
100
AcDbLine
 10
0.7639731206
 20
0.6526235984
 30
0.0
 11
7.2076948308
 21
0.6526235984
 31
0.0
  0
LINE
  5
414
330
40E
100
AcDbEntity
  8
0
  6
Continuous
 62
     7
370
     0
100
AcDbLine
 10
0.7639731206
 20
0.5356235984
 30
0.0
 11
7.2076948308
 21
0.5356235984
 31
0.0
  0
LINE
  5
415
330
40E
100
AcDbEntity
  8
0
  6
Continuous
 62
     7
370
     0
100
AcDbLine
 10
7.3326948308
 20
1.6360300515
 30
0.0
 11
7.0826948308
 21
1.6360300515
 31
0.0
  0
LINE
  5
416
330
40E
100
AcDbEntity
  8
0
  6
Continuous
 62
     7
370
     0
100
AcDbLine
 10
7.0826948308
 20
1.6360300515
 30
0.0
 11
7.0826948308
 21
0.6526235984
 31
0.0
  0
LINE
  5
417
330
40E
100
AcDbEntity
  8
0
  6
Continuous
 62
     7
370
     0
100
AcDbLine
 10
7.0826948308
 20
0.5356235984
 30
0.0
 11
7.0826948308
 21
0.2856235984
 31
0.0
  0
MTEXT
  5
418
330
40E
100
AcDbEntity
  8
0
  6
Continuous
 62
     7
370
    18
100
AcDbMText
 10
7.3326948308
 20
1.6979447797
 30
0.0
 40
0.125
 41
0.0
 71
     1
 72
     1
  1
.12
  7
SLDTEXTSTYLE0
 73
     1
 44
1.0
  0
ENDBLK
  5
410
330
40E
100
AcDbEntity
  8
0
100
AcDbBlockEnd
  0
BLOCK
  5
41C
330
41B
100
AcDbEntity
  8
0
100
AcDbBlockBegin
  2
_D_39
 70
     0
 10
0.0
 20
0.0
 30
0.0
  3
_D_39
  1

  0
SOLID
  5
41E
330
41B
100
AcDbEntity
  8
0
  6
Continuous
 62
     7
370
    18
100
AcDbTrace
 10
0.6139731206
 20
1.0236649002
 30
0.0
 11
0.4839731206
 21
1.0436649002
 31
0.0
 12
0.4839731206
 22
1.0036649002
 32
0.0
 13
0.4839731206
 23
1.0036649002
 33
0.0
  0
SOLID
  5
41F
330
41B
100
AcDbEntity
  8
0
  6
Continuous
 62
     7
370
    18
100
AcDbTrace
 10
0.7139731206
 20
1.0236649002
 30
0.0
 11
0.8439731206
 21
1.0036649002
 31
0.0
 12
0.8439731206
 22
1.0436649002
 32
0.0
 13
0.8439731206
 23
1.0436649002
 33
0.0
  0
LINE
  5
420
330
41B
100
AcDbEntity
  8
0
  6
Continuous
 62
     7
370
     0
100
AcDbLine
 10
0.6139731206
 20
1.0191235984
 30
0.0
 11
0.6139731206
 21
1.1486649002
 31
0.0
  0
LINE
  5
421
330
41B
100
AcDbEntity
  8
0
  6
Continuous
 62
     7
370
     0
100
AcDbLine
 10
0.7139731206
 20
0.5856235984
 30
0.0
 11
0.7139731206
 21
1.1486649002
 31
0.0
  0
LINE
  5
422
330
41B
100
AcDbEntity
  8
0
  6
Continuous
 62
     7
370
     0
100
AcDbLine
 10
0.6139731206
 20
1.0236649002
 30
0.0
 11
0.3764811271
 21
1.0236649002
 31
0.0
  0
LINE
  5
423
330
41B
100
AcDbEntity
  8
0
  6
Continuous
 62
     7
370
     0
100
AcDbLine
 10
0.7139731206
 20
1.0236649002
 30
0.0
 11
0.9639731206
 21
1.0236649002
 31
0.0
  0
MTEXT
  5
424
330
41B
100
AcDbEntity
  8
0
  6
Continuous
 62
     7
370
    18
100
AcDbMText
 10
0.1455783578
 20
1.0855796285
 30
0.0
 40
0.125
 41
0.0
 71
     1
 72
     1
  1
.10
  7
SLDTEXTSTYLE0
 73
     1
 44
1.0
  0
ENDBLK
  5
41D
330
41B
100
AcDbEntity
  8
0
100
AcDbBlockEnd
  0
BLOCK
  5
44F
330
44E
100
AcDbEntity
  8
0
100
AcDbBlockBegin
  2
_D_40
 70
     0
 10
0.0
 20
0.0
 30
0.0
  3
_D_40
  1

  0
SOLID
  5
451
330
44E
100
AcDbEntity
  8
0
  6
Continuous
 62
     7
370
    18
100
AcDbTrace
 10
9.6224002576
 20
1.5815613821
 30
0.0
 11
9.4924002576
 21
1.6015613821
 31
0.0
 12
9.4924002576
 22
1.5615613821
 32
0.0
 13
9.4924002576
 23
1.5615613821
 33
0.0
  0
SOLID
  5
452
330
44E
100
AcDbEntity
  8
0
  6
Continuous
 62
     7
370
    18
100
AcDbTrace
 10
0.6224002576
 20
1.5815613821
 30
0.0
 11
0.7524002576
 21
1.5615613821
 31
0.0
 12
0.7524002576
 22
1.6015613821
 32
0.0
 13
0.7524002576
 23
1.6015613821
 33
0.0
  0
LINE
  5
453
330
44E
100
AcDbEntity
  8
0
  6
Continuous
 62
     7
370
     0
100
AcDbLine
 10
9.6224002576
 20
1.5882172588
 30
0.0
 11
9.6224002576
 21
1.4565613821
 31
0.0
  0
LINE
  5
454
330
44E
100
AcDbEntity
  8
0
  6
Continuous
 62
     7
370
     0
100
AcDbLine
 10
9.6224002576
 20
1.5815613821
 30
0.0
 11
6.0552348216
 21
1.5815613821
 31
0.0
  0
LINE
  5
455
330
44E
100
AcDbEntity
  8
0
  6
Continuous
 62
     7
370
     0
100
AcDbLine
 10
0.6224002576
 20
1.5815613821
 30
0.0
 11
5.6396098296
 21
1.5815613821
 31
0.0
  0
MTEXT
  5
456
330
44E
100
AcDbEntity
  8
0
  6
Continuous
 62
     7
370
    18
100
AcDbMText
 10
5.6396098296
 20
1.6434761103
 30
0.0
 40
0.125
 41
0.0
 71
     1
 72
     1
  1
9.000
  7
SLDTEXTSTYLE0
 73
     1
 44
1.0
  0
ENDBLK
  5
450
330
44E
100
AcDbEntity
  8
0
100
AcDbBlockEnd
  0
BLOCK
  5
459
330
458
100
AcDbEntity
  8
0
100
AcDbBlockBegin
  2
_D_41
 70
     0
 10
0.0
 20
0.0
 30
0.0
  3
_D_41
  1

  0
SOLID
  5
45B
330
458
100
AcDbEntity
  8
0
  6
Continuous
 62
     7
370
    18
100
AcDbTrace
 10
3.7345832771
 20
1.2047172588
 30
0.0
 11
3.7545832771
 21
1.3347172588
 31
0.0
 12
3.7145832771
 22
1.3347172588
 32
0.0
 13
3.7145832771
 23
1.3347172588
 33
0.0
  0
SOLID
  5
45C
330
458
100
AcDbEntity
  8
0
  6
Continuous
 62
     7
370
    18
100
AcDbTrace
 10
3.7345832771
 20
1.9547172588
 30
0.0
 11
3.7145832771
 21
1.8247172588
 31
0.0
 12
3.7545832771
 22
1.8247172588
 32
0.0
 13
3.7545832771
 23
1.8247172588
 33
0.0
  0
LINE
  5
45D
330
458
100
AcDbEntity
  8
0
  6
Continuous
 62
     7
370
     0
100
AcDbLine
 10
3.7345832771
 20
1.2047172588
 30
0.0
 11
3.7345832771
 21
1.4869795086
 31
0.0
  0
LINE
  5
45E
330
458
100
AcDbEntity
  8
0
  6
Continuous
 62
     7
370
     0
100
AcDbLine
 10
3.7345832771
 20
1.9547172588
 30
0.0
 11
3.7345832771
 21
1.6854170146
 31
0.0
  0
MTEXT
  5
45F
330
458
100
AcDbEntity
  8
0
  6
Continuous
 62
     7
370
    18
100
AcDbMText
 10
3.5729513276
 20
1.6481129898
 30
0.0
 40
0.125
 41
0.0
 71
     1
 72
     1
  1
.750
  7
SLDTEXTSTYLE0
 73
     1
 44
1.0
  0
ENDBLK
  5
45A
330
458
100
AcDbEntity
  8
0
100
AcDbBlockEnd
  0
BLOCK
  5
462
330
461
100
AcDbEntity
  8
0
100
AcDbBlockBegin
  2
_D_42
 70
     0
 10
0.0
 20
0.0
 30
0.0
  3
_D_42
  1

  0
SOLID
  5
464
330
461
100
AcDbEntity
  8
0
  6
Continuous
 62
     7
370
    18
100
AcDbTrace
 10
9.6224002576
 20
1.805970713
 30
0.0
 11
9.7524002576
 21
1.785970713
 31
0.0
 12
9.7524002576
 22
1.825970713
 32
0.0
 13
9.7524002576
 23
1.825970713
 33
0.0
  0
SOLID
  5
465
330
461
100
AcDbEntity
  8
0
  6
Continuous
 62
     7
370
    18
100
AcDbTrace
 10
9.3724002576
 20
1.805970713
 30
0.0
 11
9.2424002576
 21
1.825970713
 31
0.0
 12
9.2424002576
 22
1.785970713
 32
0.0
 13
9.2424002576
 23
1.785970713
 33
0.0
  0
LINE
  5
466
330
461
100
AcDbEntity
  8
0
  6
Continuous
 62
     7
370
     0
100
AcDbLine
 10
9.3724002576
 20
1.6882172588
 30
0.0
 11
9.3724002576
 21
1.930970713
 31
0.0
  0
LINE
  5
467
330
461
100
AcDbEntity
  8
0
  6
Continuous
 62
     7
370
     0
100
AcDbLine
 10
9.6224002576
 20
1.805970713
 30
0.0
 11
9.8724002576
 21
1.805970713
 31
0.0
  0
LINE
  5
468
330
461
100
AcDbEntity
  8
0
  6
Continuous
 62
     7
370
     0
100
AcDbLine
 10
9.3724002576
 20
1.805970713
 30
0.0
 11
9.0056169127
 21
1.805970713
 31
0.0
  0
MTEXT
  5
469
330
461
100
AcDbEntity
  8
0
  6
Continuous
 62
     7
370
    18
100
AcDbMText
 10
8.6823530137
 20
1.8678854412
 30
0.0
 40
0.125
 41
0.0
 71
     1
 72
     1
  1
.250
  7
SLDTEXTSTYLE0
 73
     1
 44
1.0
  0
ENDBLK
  5
463
330
461
100
AcDbEntity
  8
0
100
AcDbBlockEnd
  0
BLOCK
  5
46C
330
46B
100
AcDbEntity
  8
0
100
AcDbBlockBegin
  2
_D_43
 70
     0
 10
0.0
 20
0.0
 30
0.0
  3
_D_43
  1

  0
SOLID
  5
46E
330
46B
100
AcDbEntity
  8
0
  6
Continuous
 62
     7
370
    18
100
AcDbTrace
 10
8.2546874464
 20
1.6382172588
 30
0.0
 11
8.2746874464
 21
1.7682172588
 31
0.0
 12
8.2346874464
 22
1.7682172588
 32
0.0
 13
8.2346874464
 23
1.7682172588
 33
0.0
  0
SOLID
  5
46F
330
46B
100
AcDbEntity
  8
0
  6
Continuous
 62
     7
370
    18
100
AcDbTrace
 10
8.2546874464
 20
1.5212172588
 30
0.0
 11
8.2346874464
 21
1.3912172588
 31
0.0
 12
8.2746874464
 22
1.3912172588
 32
0.0
 13
8.2746874464
 23
1.3912172588
 33
0.0
  0
LINE
  5
470
330
46B
100
AcDbEntity
  8
0
  6
Continuous
 62
     7
370
     0
100
AcDbLine
 10
9.3224002576
 20
1.6382172588
 30
0.0
 11
8.1296874464
 21
1.6382172588
 31
0.0
  0
LINE
  5
471
330
46B
100
AcDbEntity
  8
0
  6
Continuous
 62
     7
370
     0
100
AcDbLine
 10
9.3224002576
 20
1.5212172588
 30
0.0
 11
8.1296874464
 21
1.5212172588
 31
0.0
  0
LINE
  5
472
330
46B
100
AcDbEntity
  8
0
  6
Continuous
 62
     7
370
     0
100
AcDbLine
 10
8.0046874464
 20
1.3842674496
 30
0.0
 11
8.2546874464
 21
1.3842674496
 31
0.0
  0
LINE
  5
473
330
46B
100
AcDbEntity
  8
0
  6
Continuous
 62
     7
370
     0
100
AcDbLine
 10
8.2546874464
 20
1.3842674496
 30
0.0
 11
8.2546874464
 21
1.5212172588
 31
0.0
  0
LINE
  5
474
330
46B
100
AcDbEntity
  8
0
  6
Continuous
 62
     7
370
     0
100
AcDbLine
 10
8.2546874464
 20
1.6382172588
 30
0.0
 11
8.2546874464
 21
1.8882172588
 31
0.0
  0
MTEXT
  5
475
330
46B
100
AcDbEntity
  8
0
  6
Continuous
 62
     7
370
    18
100
AcDbMText
 10
7.6814235474
 20
1.4461821779
 30
0.0
 40
0.125
 41
0.0
 71
     1
 72
     1
  1
.117
  7
SLDTEXTSTYLE0
 73
     1
 44
1.0
  0
ENDBLK
  5
46D
330
46B
100
AcDbEntity
  8
0
100
AcDbBlockEnd
  0
BLOCK
  5
479
330
478
100
AcDbEntity
  8
0
100
AcDbBlockBegin
  2
_D_44
 70
     0
 10
0.0
 20
0.0
 30
0.0
  3
_D_44
  1

  0
SOLID
  5
47B
330
478
100
AcDbEntity
  8
0
  6
Continuous
 62
     7
370
    18
100
AcDbTrace
 10
0.2980259893
 20
1.9547172588
 30
0.0
 11
0.2780259893
 21
1.8247172588
 31
0.0
 12
0.3180259893
 22
1.8247172588
 32
0.0
 13
0.3180259893
 23
1.8247172588
 33
0.0
  0
SOLID
  5
47C
330
478
100
AcDbEntity
  8
0
  6
Continuous
 62
     7
370
    18
100
AcDbTrace
 10
0.2980259893
 20
1.2047172588
 30
0.0
 11
0.3180259893
 21
1.3347172588
 31
0.0
 12
0.2780259893
 22
1.3347172588
 32
0.0
 13
0.2780259893
 23
1.3347172588
 33
0.0
  0
LINE
  5
47D
330
478
100
AcDbEntity
  8
0
  6
Continuous
 62
     7
370
     0
100
AcDbLine
 10
0.5724002576
 20
1.9547172588
 30
0.0
 11
0.1730259893
 21
1.9547172588
 31
0.0
  0
LINE
  5
47E
330
478
100
AcDbEntity
  8
0
  6
Continuous
 62
     7
370
     0
100
AcDbLine
 10
0.5724002576
 20
1.2047172588
 30
0.0
 11
0.1730259893
 21
1.2047172588
 31
0.0
  0
LINE
  5
47F
330
478
100
AcDbEntity
  8
0
  6
Continuous
 62
     7
370
     0
100
AcDbLine
 10
0.2980259893
 20
1.9547172588
 30
0.0
 11
0.2980259893
 21
1.6672510362
 31
0.0
  0
LINE
  5
480
330
478
100
AcDbEntity
  8
0
  6
Continuous
 62
     7
370
     0
100
AcDbLine
 10
0.2980259893
 20
1.2047172588
 30
0.0
 11
0.2980259893
 21
1.4688135302
 31
0.0
  0
MTEXT
  5
481
330
478
100
AcDbEntity
  8
0
  6
Continuous
 62
     7
370
    18
100
AcDbMText
 10
0.1825746046
 20
1.6299470115
 30
0.0
 40
0.125
 41
0.0
 71
     1
 72
     1
  1
.75
  7
SLDTEXTSTYLE0
 73
     1
 44
1.0
  0
ENDBLK
  5
47A
330
478
100
AcDbEntity
  8
0
100
AcDbBlockEnd
  0
BLOCK
  5
492
330
491
100
AcDbEntity
  8
0
100
AcDbBlockBegin
  2
_D_45
 70
     0
 10
0.0
 20
0.0
 30
0.0
  3
_D_45
  1

  0
SOLID
  5
494
330
491
100
AcDbEntity
  8
0
  6
Continuous
 62
     7
370
    18
100
AcDbTrace
 10
1.5573023112
 20
2.0548268217
 30
0.0
 11
1.6873023112
 21
2.0348268217
 31
0.0
 12
1.6873023112
 22
2.0748268217
 32
0.0
 13
1.6873023112
 23
2.0748268217
 33
0.0
  0
SOLID
  5
495
330
491
100
AcDbEntity
  8
0
  6
Continuous
 62
     7
370
    18
100
AcDbTrace
 10
2.5573023112
 20
2.0548268217
 30
0.0
 11
2.4273023112
 21
2.0748268217
 31
0.0
 12
2.4273023112
 22
2.0348268217
 32
0.0
 13
2.4273023112
 23
2.0348268217
 33
0.0
  0
LINE
  5
496
330
491
100
AcDbEntity
  8
0
  6
Continuous
 62
     7
370
     0
100
AcDbLine
 10
1.5573023112
 20
2.2693854946
 30
0.0
 11
1.5573023112
 21
1.9298268217
 31
0.0
  0
LINE
  5
497
330
491
100
AcDbEntity
  8
0
  6
Continuous
 62
     7
370
     0
100
AcDbLine
 10
2.5573023112
 20
2.2693854946
 30
0.0
 11
2.5573023112
 21
1.9298268217
 31
0.0
  0
LINE
  5
498
330
491
100
AcDbEntity
  8
0
  6
Continuous
 62
     7
370
     0
100
AcDbLine
 10
1.5573023112
 20
2.0548268217
 30
0.0
 11
1.8712810246
 21
2.0548268217
 31
0.0
  0
LINE
  5
499
330
491
100
AcDbEntity
  8
0
  6
Continuous
 62
     7
370
     0
100
AcDbLine
 10
2.5573023112
 20
2.0548268217
 30
0.0
 11
2.2869060166
 21
2.0548268217
 31
0.0
  0
MTEXT
  5
49A
330
491
100
AcDbEntity
  8
0
  6
Continuous
 62
     7
370
    18
100
AcDbMText
 10
1.8712810246
 20
2.11674155
 30
0.0
 40
0.125
 41
0.0
 71
     1
 72
     1
  1
1.000
  7
SLDTEXTSTYLE0
 73
     1
 44
1.0
  0
ENDBLK
  5
493
330
491
100
AcDbEntity
  8
0
100
AcDbBlockEnd
  0
BLOCK
  5
49D
330
49C
100
AcDbEntity
  8
0
100
AcDbBlockBegin
  2
_D_46
 70
     0
 10
0.0
 20
0.0
 30
0.0
  3
_D_46
  1

  0
SOLID
  5
49F
330
49C
100
AcDbEntity
  8
0
  6
Continuous
 62
     7
370
    18
100
AcDbTrace
 10
2.2668679142
 20
8.3193854946
 30
0.0
 11
2.2468679142
 21
8.1893854946
 31
0.0
 12
2.2868679142
 22
8.1893854946
 32
0.0
 13
2.2868679142
 23
8.1893854946
 33
0.0
  0
SOLID
  5
4A0
330
49C
100
AcDbEntity
  8
0
  6
Continuous
 62
     7
370
    18
100
AcDbTrace
 10
2.2668679142
 20
2.3193854946
 30
0.0
 11
2.2868679142
 21
2.4493854946
 31
0.0
 12
2.2468679142
 22
2.4493854946
 32
0.0
 13
2.2468679142
 23
2.4493854946
 33
0.0
  0
LINE
  5
4A1
330
49C
100
AcDbEntity
  8
0
  6
Continuous
 62
     7
370
     0
100
AcDbLine
 10
2.2668679142
 20
8.3193854946
 30
0.0
 11
2.2668679142
 21
4.2117615237
 31
0.0
  0
LINE
  5
4A2
330
49C
100
AcDbEntity
  8
0
  6
Continuous
 62
     7
370
     0
100
AcDbLine
 10
2.2668679142
 20
2.3193854946
 30
0.0
 11
2.2668679142
 21
4.0133240178
 31
0.0
  0
MTEXT
  5
4A3
330
49C
100
AcDbEntity
  8
0
  6
Continuous
 62
     7
370
    18
100
AcDbMText
 10
2.0590554182
 20
4.174457499
 30
0.0
 40
0.125
 41
0.0
 71
     1
 72
     1
  1
6.000
  7
SLDTEXTSTYLE0
 73
     1
 44
1.0
  0
ENDBLK
  5
49E
330
49C
100
AcDbEntity
  8
0
100
AcDbBlockEnd
  0
BLOCK
  5
4B3
330
4B2
100
AcDbEntity
  8
0
100
AcDbBlockBegin
  2
_D_47
 70
     0
 10
0.0
 20
0.0
 30
0.0
  3
_D_47
  1

  0
SOLID
  5
4B5
330
4B2
100
AcDbEntity
  8
0
  6
Continuous
 62
     7
370
    18
100
AcDbTrace
 10
8.3072945737
 20
7.1670010807
 30
0.0
 11
8.1772945737
 21
7.1870010807
 31
0.0
 12
8.1772945737
 22
7.1470010807
 32
0.0
 13
8.1772945737
 23
7.1470010807
 33
0.0
  0
SOLID
  5
4B6
330
4B2
100
AcDbEntity
  8
0
  6
Continuous
 62
     7
370
    18
100
AcDbTrace
 10
7.3072852817
 20
7.1670010807
 30
0.0
 11
7.4372852817
 21
7.1470010807
 31
0.0
 12
7.4372852817
 22
7.1870010807
 32
0.0
 13
7.4372852817
 23
7.1870010807
 33
0.0
  0
LINE
  5
4B7
330
4B2
100
AcDbEntity
  8
0
  6
Continuous
 62
     7
370
     0
100
AcDbLine
 10
8.3072945737
 20
7.1670010807
 30
0.0
 11
7.8096451211
 21
7.1670010807
 31
0.0
  0
LINE
  5
4B8
330
4B2
100
AcDbEntity
  8
0
  6
Continuous
 62
     7
370
     0
100
AcDbLine
 10
7.3072852817
 20
7.1670010807
 30
0.0
 11
7.4863812221
 21
7.1670010807
 31
0.0
  0
MTEXT
  5
4B9
330
4B2
100
AcDbEntity
  8
0
  6
Continuous
 62
     7
370
    18
100
AcDbMText
 10
7.4863812221
 20
7.2289158089
 30
0.0
 40
0.125
 41
0.0
 71
     1
 72
     1
  1
1.00
  7
SLDTEXTSTYLE0
 73
     1
 44
1.0
  0
ENDBLK
  5
4B4
330
4B2
100
AcDbEntity
  8
0
100
AcDbBlockEnd
  0
BLOCK
  5
4BC
330
4BB
100
AcDbEntity
  8
0
100
AcDbBlockBegin
  2
_D_48
 70
     0
 10
0.0
 20
0.0
 30
0.0
  3
_D_48
  1

  0
SOLID
  5
4BE
330
4BB
100
AcDbEntity
  8
0
  6
Continuous
 62
     7
370
    18
100
AcDbTrace
 10
7.7710877597
 20
8.3022453724
 30
0.0
 11
7.7510877597
 21
8.1722453724
 31
0.0
 12
7.7910877597
 22
8.1722453724
 32
0.0
 13
7.7910877597
 23
8.1722453724
 33
0.0
  0
SOLID
  5
4BF
330
4BB
100
AcDbEntity
  8
0
  6
Continuous
 62
     7
370
    18
100
AcDbTrace
 10
7.7710877597
 20
4.3022453724
 30
0.0
 11
7.7910877597
 21
4.4322453724
 31
0.0
 12
7.7510877597
 22
4.4322453724
 32
0.0
 13
7.7510877597
 23
4.4322453724
 33
0.0
  0
LINE
  5
4C0
330
4BB
100
AcDbEntity
  8
0
  6
Continuous
 62
     7
370
     0
100
AcDbLine
 10
7.7710877597
 20
8.3022453724
 30
0.0
 11
7.7710877597
 21
6.1216261646
 31
0.0
  0
LINE
  5
4C1
330
4BB
100
AcDbEntity
  8
0
  6
Continuous
 62
     7
370
     0
100
AcDbLine
 10
7.7710877597
 20
4.3022453724
 30
0.0
 11
7.7710877597
 21
5.9231886586
 31
0.0
  0
MTEXT
  5
4C2
330
4BB
100
AcDbEntity
  8
0
  6
Continuous
 62
     7
370
    18
100
AcDbMText
 10
7.6094558102
 20
6.0843221398
 30
0.0
 40
0.125
 41
0.0
 71
     1
 72
     1
  1
4.00
  7
SLDTEXTSTYLE0
 73
     1
 44
1.0
  0
ENDBLK
  5
4BD
330
4BB
100
AcDbEntity
  8
0
100
AcDbBlockEnd
  0
BLOCK
  5
4C5
330
4C4
100
AcDbEntity
  8
0
100
AcDbBlockBegin
  2
_D_49
 70
     0
 10
0.0
 20
0.0
 30
0.0
  3
_D_49
  1

  0
SOLID
  5
4C7
330
4C4
100
AcDbEntity
  8
0
  6
Continuous
 62
     7
370
    18
100
AcDbTrace
 10
8.1033891475
 20
8.1772453724
 30
0.0
 11
8.0833891475
 21
8.0472453724
 31
0.0
 12
8.1233891475
 22
8.0472453724
 32
0.0
 13
8.1233891475
 23
8.0472453724
 33
0.0
  0
SOLID
  5
4C8
330
4C4
100
AcDbEntity
  8
0
  6
Continuous
 62
     7
370
    18
100
AcDbTrace
 10
8.1033891475
 20
4.4272453724
 30
0.0
 11
8.1233891475
 21
4.5572453724
 31
0.0
 12
8.0833891475
 22
4.5572453724
 32
0.0
 13
8.0833891475
 23
4.5572453724
 33
0.0
  0
LINE
  5
4C9
330
4C4
100
AcDbEntity
  8
0
  6
Continuous
 62
     7
370
     0
100
AcDbLine
 10
8.1033891475
 20
8.1772453724
 30
0.0
 11
8.1033891475
 21
5.8016322356
 31
0.0
  0
LINE
  5
4CA
330
4C4
100
AcDbEntity
  8
0
  6
Continuous
 62
     7
370
     0
100
AcDbLine
 10
8.1033891475
 20
4.4272453724
 30
0.0
 11
8.1033891475
 21
5.6031947296
 31
0.0
  0
MTEXT
  5
4CB
330
4C4
100
AcDbEntity
  8
0
  6
Continuous
 62
     7
370
    18
100
AcDbMText
 10
7.941757198
 20
5.7643282108
 30
0.0
 40
0.125
 41
0.0
 71
     1
 72
     1
  1
3.75
  7
SLDTEXTSTYLE0
 73
     1
 44
1.0
  0
ENDBLK
  5
4C6
330
4C4
100
AcDbEntity
  8
0
100
AcDbBlockEnd
  0
BLOCK
  5
4DA
330
4D9
100
AcDbEntity
  8
0
100
AcDbBlockBegin
  2
_D_50
 70
     0
 10
0.0
 20
0.0
 30
0.0
  3
_D_50
  1

  0
SOLID
  5
4DC
330
4D9
100
AcDbEntity
  8
0
  6
Continuous
 62
     7
370
    18
100
AcDbTrace
 10
4.2228640032
 20
7.8820787788
 30
0.0
 11
4.2428640032
 21
8.0120787788
 31
0.0
 12
4.2028640032
 22
8.0120787788
 32
0.0
 13
4.2028640032
 23
8.0120787788
 33
0.0
  0
SOLID
  5
4DD
330
4D9
100
AcDbEntity
  8
0
  6
Continuous
 62
     7
370
    18
100
AcDbTrace
 10
4.2228640032
 20
7.6320764558
 30
0.0
 11
4.2028640032
 21
7.5020764558
 31
0.0
 12
4.2428640032
 22
7.5020764558
 32
0.0
 13
4.2428640032
 23
7.5020764558
 33
0.0
  0
LINE
  5
4DE
330
4D9
100
AcDbEntity
  8
0
  6
Continuous
 62
     7
370
     0
100
AcDbLine
 10
3.1000897736
 20
7.8820787788
 30
0.0
 11
4.3478640032
 21
7.8820787788
 31
0.0
  0
LINE
  5
4DF
330
4D9
100
AcDbEntity
  8
0
  6
Continuous
 62
     7
370
     0
100
AcDbLine
 10
3.1000897736
 20
7.6320764558
 30
0.0
 11
4.3478640032
 21
7.6320764558
 31
0.0
  0
LINE
  5
4E0
330
4D9
100
AcDbEntity
  8
0
  6
Continuous
 62
     7
370
     0
100
AcDbLine
 10
4.4728640032
 20
8.0740734831
 30
0.0
 11
4.2228640032
 21
8.0740734831
 31
0.0
  0
LINE
  5
4E1
330
4D9
100
AcDbEntity
  8
0
  6
Continuous
 62
     7
370
     0
100
AcDbLine
 10
4.2228640032
 20
8.0740734831
 30
0.0
 11
4.2228640032
 21
7.8820787788
 31
0.0
  0
LINE
  5
4E2
330
4D9
100
AcDbEntity
  8
0
  6
Continuous
 62
     7
370
     0
100
AcDbLine
 10
4.2228640032
 20
7.6320764558
 30
0.0
 11
4.2228640032
 21
7.3820764558
 31
0.0
  0
MTEXT
  5
4E3
330
4D9
100
AcDbEntity
  8
0
  6
Continuous
 62
     7
370
    18
100
AcDbMText
 10
4.4728640032
 20
8.1359882114
 30
0.0
 40
0.125
 41
0.0
 71
     1
 72
     1
  1
.250
  7
SLDTEXTSTYLE0
 73
     1
 44
1.0
  0
ENDBLK
  5
4DB
330
4D9
100
AcDbEntity
  8
0
100
AcDbBlockEnd
  0
BLOCK
  5
4E6
330
4E5
100
AcDbEntity
  8
0
100
AcDbBlockBegin
  2
_D_51
 70
     0
 10
0.0
 20
0.0
 30
0.0
  3
_D_51
  1

  0
SOLID
  5
4E8
330
4E5
100
AcDbEntity
  8
0
  6
Continuous
 62
     7
370
    18
100
AcDbTrace
 10
2.9250897736
 20
7.4546865304
 30
0.0
 11
2.7950897736
 21
7.4746865304
 31
0.0
 12
2.7950897736
 22
7.4346865304
 32
0.0
 13
2.7950897736
 23
7.4346865304
 33
0.0
  0
SOLID
  5
4E9
330
4E5
100
AcDbEntity
  8
0
  6
Continuous
 62
     7
370
    18
100
AcDbTrace
 10
3.0500897736
 20
7.4546865304
 30
0.0
 11
3.1800897736
 21
7.4346865304
 31
0.0
 12
3.1800897736
 22
7.4746865304
 32
0.0
 13
3.1800897736
 23
7.4746865304
 33
0.0
  0
LINE
  5
4EA
330
4E5
100
AcDbEntity
  8
0
  6
Continuous
 62
     7
370
     0
100
AcDbLine
 10
2.9250897736
 20
8.1652683754
 30
0.0
 11
2.9250897736
 21
7.3296865304
 31
0.0
  0
LINE
  5
4EB
330
4E5
100
AcDbEntity
  8
0
  6
Continuous
 62
     7
370
     0
100
AcDbLine
 10
2.9250897736
 20
7.4546865304
 30
0.0
 11
2.6750897736
 21
7.4546865304
 31
0.0
  0
LINE
  5
4EC
330
4E5
100
AcDbEntity
  8
0
  6
Continuous
 62
     7
370
     0
100
AcDbLine
 10
3.0500897736
 20
7.4546865304
 30
0.0
 11
4.4101144312
 21
7.4546865304
 31
0.0
  0
MTEXT
  5
4ED
330
4E5
100
AcDbEntity
  8
0
  6
Continuous
 62
     7
370
    18
100
AcDbMText
 10
4.4101144312
 20
7.5166012587
 30
0.0
 40
0.125
 41
0.0
 71
     1
 72
     1
  1
.125
  7
SLDTEXTSTYLE0
 73
     1
 44
1.0
  0
ENDBLK
  5
4E7
330
4E5
100
AcDbEntity
  8
0
100
AcDbBlockEnd
  0
BLOCK
  5
4F9
330
4F8
100
AcDbEntity
  8
0
100
AcDbBlockBegin
  2
SW_CENTERMARKSYMBOL_17
 70
     0
 10
0.0
 20
0.0
 30
0.0
  3
SW_CENTERMARKSYMBOL_17
  1

  0
LINE
  5
4FB
330
4F8
100
AcDbEntity
  8
0
  6
Continuous
 62
     0
370
    18
100
AcDbLine
 10
0.0
 20
0.0
 30
0.0
 11
-0.1
 21
0.0
 31
0.0
  0
LINE
  5
4FC
330
4F8
100
AcDbEntity
  8
0
  6
Continuous
 62
     0
370
    18
100
AcDbLine
 10
0.0
 20
0.0
 30
0.0
 11
0.0
 21
-0.1
 31
0.0
  0
LINE
  5
4FD
330
4F8
100
AcDbEntity
  8
0
  6
Continuous
 62
     0
370
    18
100
AcDbLine
 10
0.0
 20
0.0
 30
0.0
 11
0.1
 21
0.0
 31
0.0
  0
LINE
  5
4FE
330
4F8
100
AcDbEntity
  8
0
  6
Continuous
 62
     0
370
    18
100
AcDbLine
 10
0.0
 20
0.0
 30
0.0
 11
0.0
 21
0.1
 31
0.0
  0
LINE
  5
4FF
330
4F8
100
AcDbEntity
  8
0
  6
Continuous
 62
     0
370
    18
100
AcDbLine
 10
-0.2
 20
0.0
 30
0.0
 11
-0.225
 21
0.0
 31
0.0
  0
LINE
  5
500
330
4F8
100
AcDbEntity
  8
0
  6
Continuous
 62
     0
370
    18
100
AcDbLine
 10
0.0
 20
-0.2
 30
0.0
 11
0.0
 21
-0.225
 31
0.0
  0
LINE
  5
501
330
4F8
100
AcDbEntity
  8
0
  6
Continuous
 62
     0
370
    18
100
AcDbLine
 10
0.2
 20
0.0
 30
0.0
 11
0.225
 21
0.0
 31
0.0
  0
LINE
  5
502
330
4F8
100
AcDbEntity
  8
0
  6
Continuous
 62
     0
370
    18
100
AcDbLine
 10
0.0
 20
0.2
 30
0.0
 11
0.0
 21
0.225
 31
0.0
  0
ENDBLK
  5
4FA
330
4F8
100
AcDbEntity
  8
0
100
AcDbBlockEnd
  0
BLOCK
  5
50F
330
50E
100
AcDbEntity
  8
0
100
AcDbBlockBegin
  2
SW_CENTERMARKSYMBOL_18
 70
     0
 10
0.0
 20
0.0
 30
0.0
  3
SW_CENTERMARKSYMBOL_18
  1

  0
LINE
  5
511
330
50E
100
AcDbEntity
  8
0
  6
Continuous
 62
     0
370
    18
100
AcDbLine
 10
0.0
 20
0.0
 30
0.0
 11
-0.1
 21
0.0
 31
0.0
  0
LINE
  5
512
330
50E
100
AcDbEntity
  8
0
  6
Continuous
 62
     0
370
    18
100
AcDbLine
 10
0.0
 20
0.0
 30
0.0
 11
0.0
 21
-0.1
 31
0.0
  0
LINE
  5
513
330
50E
100
AcDbEntity
  8
0
  6
Continuous
 62
     0
370
    18
100
AcDbLine
 10
0.0
 20
0.0
 30
0.0
 11
0.1
 21
0.0
 31
0.0
  0
LINE
  5
514
330
50E
100
AcDbEntity
  8
0
  6
Continuous
 62
     0
370
    18
100
AcDbLine
 10
0.0
 20
0.0
 30
0.0
 11
0.0
 21
0.1
 31
0.0
  0
LINE
  5
515
330
50E
100
AcDbEntity
  8
0
  6
Continuous
 62
     0
370
    18
100
AcDbLine
 10
-0.2
 20
0.0
 30
0.0
 11
-0.225
 21
0.0
 31
0.0
  0
LINE
  5
516
330
50E
100
AcDbEntity
  8
0
  6
Continuous
 62
     0
370
    18
100
AcDbLine
 10
0.0
 20
-0.2
 30
0.0
 11
0.0
 21
-0.225
 31
0.0
  0
LINE
  5
517
330
50E
100
AcDbEntity
  8
0
  6
Continuous
 62
     0
370
    18
100
AcDbLine
 10
0.2
 20
0.0
 30
0.0
 11
0.225
 21
0.0
 31
0.0
  0
LINE
  5
518
330
50E
100
AcDbEntity
  8
0
  6
Continuous
 62
     0
370
    18
100
AcDbLine
 10
0.0
 20
0.2
 30
0.0
 11
0.0
 21
0.225
 31
0.0
  0
ENDBLK
  5
510
330
50E
100
AcDbEntity
  8
0
100
AcDbBlockEnd
  0
BLOCK
  5
525
330
524
100
AcDbEntity
  8
0
100
AcDbBlockBegin
  2
SW_CENTERMARKSYMBOL_19
 70
     0
 10
0.0
 20
0.0
 30
0.0
  3
SW_CENTERMARKSYMBOL_19
  1

  0
LINE
  5
527
330
524
100
AcDbEntity
  8
0
  6
Continuous
 62
     0
370
    18
100
AcDbLine
 10
0.0
 20
0.0
 30
0.0
 11
0.0
 21
0.1
 31
0.0
  0
LINE
  5
528
330
524
100
AcDbEntity
  8
0
  6
Continuous
 62
     0
370
    18
100
AcDbLine
 10
0.0
 20
0.0
 30
0.0
 11
-0.1
 21
0.0
 31
0.0
  0
LINE
  5
529
330
524
100
AcDbEntity
  8
0
  6
Continuous
 62
     0
370
    18
100
AcDbLine
 10
0.0
 20
0.0
 30
0.0
 11
0.0
 21
-0.1
 31
0.0
  0
LINE
  5
52A
330
524
100
AcDbEntity
  8
0
  6
Continuous
 62
     0
370
    18
100
AcDbLine
 10
0.0
 20
0.0
 30
0.0
 11
0.1
 21
0.0
 31
0.0
  0
LINE
  5
52B
330
524
100
AcDbEntity
  8
0
  6
Continuous
 62
     0
370
    18
100
AcDbLine
 10
0.0
 20
0.2
 30
0.0
 11
0.0
 21
0.225
 31
0.0
  0
LINE
  5
52C
330
524
100
AcDbEntity
  8
0
  6
Continuous
 62
     0
370
    18
100
AcDbLine
 10
-0.2
 20
0.0
 30
0.0
 11
-0.225
 21
0.0
 31
0.0
  0
LINE
  5
52D
330
524
100
AcDbEntity
  8
0
  6
Continuous
 62
     0
370
    18
100
AcDbLine
 10
0.0
 20
-0.2
 30
0.0
 11
0.0
 21
-0.225
 31
0.0
  0
LINE
  5
52E
330
524
100
AcDbEntity
  8
0
  6
Continuous
 62
     0
370
    18
100
AcDbLine
 10
0.2
 20
0.0
 30
0.0
 11
0.225
 21
0.0
 31
0.0
  0
ENDBLK
  5
526
330
524
100
AcDbEntity
  8
0
100
AcDbBlockEnd
  0
BLOCK
  5
53B
330
53A
100
AcDbEntity
  8
0
100
AcDbBlockBegin
  2
SW_CENTERMARKSYMBOL_20
 70
     0
 10
0.0
 20
0.0
 30
0.0
  3
SW_CENTERMARKSYMBOL_20
  1

  0
LINE
  5
53D
330
53A
100
AcDbEntity
  8
0
  6
Continuous
 62
     0
370
    18
100
AcDbLine
 10
0.0
 20
0.0
 30
0.0
 11
-0.1
 21
0.0
 31
0.0
  0
LINE
  5
53E
330
53A
100
AcDbEntity
  8
0
  6
Continuous
 62
     0
370
    18
100
AcDbLine
 10
0.0
 20
0.0
 30
0.0
 11
0.0
 21
-0.1
 31
0.0
  0
LINE
  5
53F
330
53A
100
AcDbEntity
  8
0
  6
Continuous
 62
     0
370
    18
100
AcDbLine
 10
0.0
 20
0.0
 30
0.0
 11
0.1
 21
0.0
 31
0.0
  0
LINE
  5
540
330
53A
100
AcDbEntity
  8
0
  6
Continuous
 62
     0
370
    18
100
AcDbLine
 10
0.0
 20
0.0
 30
0.0
 11
0.0
 21
0.1
 31
0.0
  0
LINE
  5
541
330
53A
100
AcDbEntity
  8
0
  6
Continuous
 62
     0
370
    18
100
AcDbLine
 10
-0.2
 20
0.0
 30
0.0
 11
-0.225
 21
0.0
 31
0.0
  0
LINE
  5
542
330
53A
100
AcDbEntity
  8
0
  6
Continuous
 62
     0
370
    18
100
AcDbLine
 10
0.0
 20
-0.2
 30
0.0
 11
0.0
 21
-0.225
 31
0.0
  0
LINE
  5
543
330
53A
100
AcDbEntity
  8
0
  6
Continuous
 62
     0
370
    18
100
AcDbLine
 10
0.2
 20
0.0
 30
0.0
 11
0.225
 21
0.0
 31
0.0
  0
LINE
  5
544
330
53A
100
AcDbEntity
  8
0
  6
Continuous
 62
     0
370
    18
100
AcDbLine
 10
0.0
 20
0.2
 30
0.0
 11
0.0
 21
0.225
 31
0.0
  0
ENDBLK
  5
53C
330
53A
100
AcDbEntity
  8
0
100
AcDbBlockEnd
  0
BLOCK
  5
551
330
550
100
AcDbEntity
  8
0
100
AcDbBlockBegin
  2
SW_CENTERMARKSYMBOL_21
 70
     0
 10
0.0
 20
0.0
 30
0.0
  3
SW_CENTERMARKSYMBOL_21
  1

  0
LINE
  5
553
330
550
100
AcDbEntity
  8
0
  6
Continuous
 62
     0
370
    18
100
AcDbLine
 10
0.0
 20
0.0
 30
0.0
 11
0.0
 21
0.1
 31
0.0
  0
LINE
  5
554
330
550
100
AcDbEntity
  8
0
  6
Continuous
 62
     0
370
    18
100
AcDbLine
 10
0.0
 20
0.0
 30
0.0
 11
-0.1
 21
0.0
 31
0.0
  0
LINE
  5
555
330
550
100
AcDbEntity
  8
0
  6
Continuous
 62
     0
370
    18
100
AcDbLine
 10
0.0
 20
0.0
 30
0.0
 11
0.0
 21
-0.1
 31
0.0
  0
LINE
  5
556
330
550
100
AcDbEntity
  8
0
  6
Continuous
 62
     0
370
    18
100
AcDbLine
 10
0.0
 20
0.0
 30
0.0
 11
0.1
 21
0.0
 31
0.0
  0
LINE
  5
557
330
550
100
AcDbEntity
  8
0
  6
Continuous
 62
     0
370
    18
100
AcDbLine
 10
0.0
 20
0.2
 30
0.0
 11
0.0
 21
0.225
 31
0.0
  0
LINE
  5
558
330
550
100
AcDbEntity
  8
0
  6
Continuous
 62
     0
370
    18
100
AcDbLine
 10
-0.2
 20
0.0
 30
0.0
 11
-0.225
 21
0.0
 31
0.0
  0
LINE
  5
559
330
550
100
AcDbEntity
  8
0
  6
Continuous
 62
     0
370
    18
100
AcDbLine
 10
0.0
 20
-0.2
 30
0.0
 11
0.0
 21
-0.225
 31
0.0
  0
LINE
  5
55A
330
550
100
AcDbEntity
  8
0
  6
Continuous
 62
     0
370
    18
100
AcDbLine
 10
0.2
 20
0.0
 30
0.0
 11
0.225
 21
0.0
 31
0.0
  0
ENDBLK
  5
552
330
550
100
AcDbEntity
  8
0
100
AcDbBlockEnd
  0
BLOCK
  5
567
330
566
100
AcDbEntity
  8
0
100
AcDbBlockBegin
  2
SW_CENTERMARKSYMBOL_22
 70
     0
 10
0.0
 20
0.0
 30
0.0
  3
SW_CENTERMARKSYMBOL_22
  1

  0
LINE
  5
569
330
566
100
AcDbEntity
  8
0
  6
Continuous
 62
     0
370
    18
100
AcDbLine
 10
0.0
 20
0.0
 30
0.0
 11
0.0
 21
0.1
 31
0.0
  0
LINE
  5
56A
330
566
100
AcDbEntity
  8
0
  6
Continuous
 62
     0
370
    18
100
AcDbLine
 10
0.0
 20
0.0
 30
0.0
 11
-0.1
 21
0.0
 31
0.0
  0
LINE
  5
56B
330
566
100
AcDbEntity
  8
0
  6
Continuous
 62
     0
370
    18
100
AcDbLine
 10
0.0
 20
0.0
 30
0.0
 11
0.0
 21
-0.1
 31
0.0
  0
LINE
  5
56C
330
566
100
AcDbEntity
  8
0
  6
Continuous
 62
     0
370
    18
100
AcDbLine
 10
0.0
 20
0.0
 30
0.0
 11
0.1
 21
0.0
 31
0.0
  0
LINE
  5
56D
330
566
100
AcDbEntity
  8
0
  6
Continuous
 62
     0
370
    18
100
AcDbLine
 10
0.0
 20
0.2
 30
0.0
 11
0.0
 21
0.225
 31
0.0
  0
LINE
  5
56E
330
566
100
AcDbEntity
  8
0
  6
Continuous
 62
     0
370
    18
100
AcDbLine
 10
-0.2
 20
0.0
 30
0.0
 11
-0.225
 21
0.0
 31
0.0
  0
LINE
  5
56F
330
566
100
AcDbEntity
  8
0
  6
Continuous
 62
     0
370
    18
100
AcDbLine
 10
0.0
 20
-0.2
 30
0.0
 11
0.0
 21
-0.225
 31
0.0
  0
LINE
  5
570
330
566
100
AcDbEntity
  8
0
  6
Continuous
 62
     0
370
    18
100
AcDbLine
 10
0.2
 20
0.0
 30
0.0
 11
0.225
 21
0.0
 31
0.0
  0
ENDBLK
  5
568
330
566
100
AcDbEntity
  8
0
100
AcDbBlockEnd
  0
BLOCK
  5
575
330
574
100
AcDbEntity
  8
0
100
AcDbBlockBegin
  2
SW_CENTERMARKSYMBOL_23
 70
     0
 10
0.0
 20
0.0
 30
0.0
  3
SW_CENTERMARKSYMBOL_23
  1

  0
LINE
  5
577
330
574
100
AcDbEntity
  8
0
  6
Continuous
 62
     0
370
    18
100
AcDbLine
 10
0.0
 20
0.0
 30
0.0
 11
0.0
 21
0.1
 31
0.0
  0
LINE
  5
578
330
574
100
AcDbEntity
  8
0
  6
Continuous
 62
     0
370
    18
100
AcDbLine
 10
0.0
 20
0.0
 30
0.0
 11
-0.1
 21
0.0
 31
0.0
  0
LINE
  5
579
330
574
100
AcDbEntity
  8
0
  6
Continuous
 62
     0
370
    18
100
AcDbLine
 10
0.0
 20
0.0
 30
0.0
 11
0.0
 21
-0.1
 31
0.0
  0
LINE
  5
57A
330
574
100
AcDbEntity
  8
0
  6
Continuous
 62
     0
370
    18
100
AcDbLine
 10
0.0
 20
0.0
 30
0.0
 11
0.1
 21
0.0
 31
0.0
  0
LINE
  5
57B
330
574
100
AcDbEntity
  8
0
  6
Continuous
 62
     0
370
    18
100
AcDbLine
 10
0.0
 20
0.2
 30
0.0
 11
0.0
 21
0.725
 31
0.0
  0
LINE
  5
57C
330
574
100
AcDbEntity
  8
0
  6
Continuous
 62
     0
370
    18
100
AcDbLine
 10
-0.2
 20
0.0
 30
0.0
 11
-0.725
 21
0.0
 31
0.0
  0
LINE
  5
57D
330
574
100
AcDbEntity
  8
0
  6
Continuous
 62
     0
370
    18
100
AcDbLine
 10
0.0
 20
-0.2
 30
0.0
 11
0.0
 21
-0.725
 31
0.0
  0
LINE
  5
57E
330
574
100
AcDbEntity
  8
0
  6
Continuous
 62
     0
370
    18
100
AcDbLine
 10
0.2
 20
0.0
 30
0.0
 11
0.725
 21
0.0
 31
0.0
  0
ENDBLK
  5
576
330
574
100
AcDbEntity
  8
0
100
AcDbBlockEnd
  0
BLOCK
  5
583
330
582
100
AcDbEntity
  8
0
100
AcDbBlockBegin
  2
SW_CENTERMARKSYMBOL_24
 70
     0
 10
0.0
 20
0.0
 30
0.0
  3
SW_CENTERMARKSYMBOL_24
  1

  0
LINE
  5
585
330
582
100
AcDbEntity
  8
0
  6
Continuous
 62
     0
370
    18
100
AcDbLine
 10
0.0
 20
0.0
 30
0.0
 11
0.0
 21
0.1
 31
0.0
  0
LINE
  5
586
330
582
100
AcDbEntity
  8
0
  6
Continuous
 62
     0
370
    18
100
AcDbLine
 10
0.0
 20
0.0
 30
0.0
 11
-0.1
 21
0.0
 31
0.0
  0
LINE
  5
587
330
582
100
AcDbEntity
  8
0
  6
Continuous
 62
     0
370
    18
100
AcDbLine
 10
0.0
 20
0.0
 30
0.0
 11
0.0
 21
-0.1
 31
0.0
  0
LINE
  5
588
330
582
100
AcDbEntity
  8
0
  6
Continuous
 62
     0
370
    18
100
AcDbLine
 10
0.0
 20
0.0
 30
0.0
 11
0.1
 21
0.0
 31
0.0
  0
LINE
  5
589
330
582
100
AcDbEntity
  8
0
  6
Continuous
 62
     0
370
    18
100
AcDbLine
 10
0.0
 20
0.2
 30
0.0
 11
0.0
 21
0.725
 31
0.0
  0
LINE
  5
58A
330
582
100
AcDbEntity
  8
0
  6
Continuous
 62
     0
370
    18
100
AcDbLine
 10
-0.2
 20
0.0
 30
0.0
 11
-0.725
 21
0.0
 31
0.0
  0
LINE
  5
58B
330
582
100
AcDbEntity
  8
0
  6
Continuous
 62
     0
370
    18
100
AcDbLine
 10
0.0
 20
-0.2
 30
0.0
 11
0.0
 21
-0.725
 31
0.0
  0
LINE
  5
58C
330
582
100
AcDbEntity
  8
0
  6
Continuous
 62
     0
370
    18
100
AcDbLine
 10
0.2
 20
0.0
 30
0.0
 11
0.725
 21
0.0
 31
0.0
  0
ENDBLK
  5
584
330
582
100
AcDbEntity
  8
0
100
AcDbBlockEnd
  0
BLOCK
  5
591
330
590
100
AcDbEntity
  8
0
100
AcDbBlockBegin
  2
SW_CENTERMARKSYMBOL_25
 70
     0
 10
0.0
 20
0.0
 30
0.0
  3
SW_CENTERMARKSYMBOL_25
  1

  0
LINE
  5
593
330
590
100
AcDbEntity
  8
0
  6
Continuous
 62
     0
370
    18
100
AcDbLine
 10
0.0
 20
0.0
 30
0.0
 11
0.0
 21
0.1
 31
0.0
  0
LINE
  5
594
330
590
100
AcDbEntity
  8
0
  6
Continuous
 62
     0
370
    18
100
AcDbLine
 10
0.0
 20
0.0
 30
0.0
 11
-0.1
 21
0.0
 31
0.0
  0
LINE
  5
595
330
590
100
AcDbEntity
  8
0
  6
Continuous
 62
     0
370
    18
100
AcDbLine
 10
0.0
 20
0.0
 30
0.0
 11
0.0
 21
-0.1
 31
0.0
  0
LINE
  5
596
330
590
100
AcDbEntity
  8
0
  6
Continuous
 62
     0
370
    18
100
AcDbLine
 10
0.0
 20
0.0
 30
0.0
 11
0.1
 21
0.0
 31
0.0
  0
LINE
  5
597
330
590
100
AcDbEntity
  8
0
  6
Continuous
 62
     0
370
    18
100
AcDbLine
 10
0.0
 20
0.2
 30
0.0
 11
0.0
 21
0.725
 31
0.0
  0
LINE
  5
598
330
590
100
AcDbEntity
  8
0
  6
Continuous
 62
     0
370
    18
100
AcDbLine
 10
-0.2
 20
0.0
 30
0.0
 11
-0.725
 21
0.0
 31
0.0
  0
LINE
  5
599
330
590
100
AcDbEntity
  8
0
  6
Continuous
 62
     0
370
    18
100
AcDbLine
 10
0.0
 20
-0.2
 30
0.0
 11
0.0
 21
-0.725
 31
0.0
  0
LINE
  5
59A
330
590
100
AcDbEntity
  8
0
  6
Continuous
 62
     0
370
    18
100
AcDbLine
 10
0.2
 20
0.0
 30
0.0
 11
0.725
 21
0.0
 31
0.0
  0
ENDBLK
  5
592
330
590
100
AcDbEntity
  8
0
100
AcDbBlockEnd
  0
BLOCK
  5
5A7
330
5A6
100
AcDbEntity
  8
0
100
AcDbBlockBegin
  2
SW_CENTERMARKSYMBOL_26
 70
     0
 10
0.0
 20
0.0
 30
0.0
  3
SW_CENTERMARKSYMBOL_26
  1

  0
LINE
  5
5A9
330
5A6
100
AcDbEntity
  8
0
  6
Continuous
 62
     0
370
    18
100
AcDbLine
 10
0.0
 20
0.0
 30
0.0
 11
0.0
 21
0.1
 31
0.0
  0
LINE
  5
5AA
330
5A6
100
AcDbEntity
  8
0
  6
Continuous
 62
     0
370
    18
100
AcDbLine
 10
0.0
 20
0.0
 30
0.0
 11
-0.1
 21
0.0
 31
0.0
  0
LINE
  5
5AB
330
5A6
100
AcDbEntity
  8
0
  6
Continuous
 62
     0
370
    18
100
AcDbLine
 10
0.0
 20
0.0
 30
0.0
 11
0.0
 21
-0.1
 31
0.0
  0
LINE
  5
5AC
330
5A6
100
AcDbEntity
  8
0
  6
Continuous
 62
     0
370
    18
100
AcDbLine
 10
0.0
 20
0.0
 30
0.0
 11
0.1
 21
0.0
 31
0.0
  0
LINE
  5
5AD
330
5A6
100
AcDbEntity
  8
0
  6
Continuous
 62
     0
370
    18
100
AcDbLine
 10
0.0
 20
0.2
 30
0.0
 11
0.0
 21
0.225
 31
0.0
  0
LINE
  5
5AE
330
5A6
100
AcDbEntity
  8
0
  6
Continuous
 62
     0
370
    18
100
AcDbLine
 10
-0.2
 20
0.0
 30
0.0
 11
-0.225
 21
0.0
 31
0.0
  0
LINE
  5
5AF
330
5A6
100
AcDbEntity
  8
0
  6
Continuous
 62
     0
370
    18
100
AcDbLine
 10
0.0
 20
-0.2
 30
0.0
 11
0.0
 21
-0.225
 31
0.0
  0
LINE
  5
5B0
330
5A6
100
AcDbEntity
  8
0
  6
Continuous
 62
     0
370
    18
100
AcDbLine
 10
0.2
 20
0.0
 30
0.0
 11
0.225
 21
0.0
 31
0.0
  0
ENDBLK
  5
5A8
330
5A6
100
AcDbEntity
  8
0
100
AcDbBlockEnd
  0
BLOCK
  5
5BD
330
5BC
100
AcDbEntity
  8
0
100
AcDbBlockBegin
  2
SW_CENTERMARKSYMBOL_27
 70
     0
 10
0.0
 20
0.0
 30
0.0
  3
SW_CENTERMARKSYMBOL_27
  1

  0
LINE
  5
5BF
330
5BC
100
AcDbEntity
  8
0
  6
Continuous
 62
     0
370
    18
100
AcDbLine
 10
0.0
 20
0.0
 30
0.0
 11
0.0
 21
0.1
 31
0.0
  0
LINE
  5
5C0
330
5BC
100
AcDbEntity
  8
0
  6
Continuous
 62
     0
370
    18
100
AcDbLine
 10
0.0
 20
0.0
 30
0.0
 11
-0.1
 21
0.0
 31
0.0
  0
LINE
  5
5C1
330
5BC
100
AcDbEntity
  8
0
  6
Continuous
 62
     0
370
    18
100
AcDbLine
 10
0.0
 20
0.0
 30
0.0
 11
0.0
 21
-0.1
 31
0.0
  0
LINE
  5
5C2
330
5BC
100
AcDbEntity
  8
0
  6
Continuous
 62
     0
370
    18
100
AcDbLine
 10
0.0
 20
0.0
 30
0.0
 11
0.1
 21
0.0
 31
0.0
  0
LINE
  5
5C3
330
5BC
100
AcDbEntity
  8
0
  6
Continuous
 62
     0
370
    18
100
AcDbLine
 10
0.0
 20
0.2
 30
0.0
 11
0.0
 21
0.225
 31
0.0
  0
LINE
  5
5C4
330
5BC
100
AcDbEntity
  8
0
  6
Continuous
 62
     0
370
    18
100
AcDbLine
 10
-0.2
 20
0.0
 30
0.0
 11
-0.225
 21
0.0
 31
0.0
  0
LINE
  5
5C5
330
5BC
100
AcDbEntity
  8
0
  6
Continuous
 62
     0
370
    18
100
AcDbLine
 10
0.0
 20
-0.2
 30
0.0
 11
0.0
 21
-0.225
 31
0.0
  0
LINE
  5
5C6
330
5BC
100
AcDbEntity
  8
0
  6
Continuous
 62
     0
370
    18
100
AcDbLine
 10
0.2
 20
0.0
 30
0.0
 11
0.225
 21
0.0
 31
0.0
  0
ENDBLK
  5
5BE
330
5BC
100
AcDbEntity
  8
0
100
AcDbBlockEnd
  0
BLOCK
  5
5D3
330
5D2
100
AcDbEntity
  8
0
100
AcDbBlockBegin
  2
SW_CENTERMARKSYMBOL_28
 70
     0
 10
0.0
 20
0.0
 30
0.0
  3
SW_CENTERMARKSYMBOL_28
  1

  0
LINE
  5
5D5
330
5D2
100
AcDbEntity
  8
0
  6
Continuous
 62
     0
370
    18
100
AcDbLine
 10
0.0
 20
0.0
 30
0.0
 11
0.0
 21
0.1
 31
0.0
  0
LINE
  5
5D6
330
5D2
100
AcDbEntity
  8
0
  6
Continuous
 62
     0
370
    18
100
AcDbLine
 10
0.0
 20
0.0
 30
0.0
 11
-0.1
 21
0.0
 31
0.0
  0
LINE
  5
5D7
330
5D2
100
AcDbEntity
  8
0
  6
Continuous
 62
     0
370
    18
100
AcDbLine
 10
0.0
 20
0.0
 30
0.0
 11
0.0
 21
-0.1
 31
0.0
  0
LINE
  5
5D8
330
5D2
100
AcDbEntity
  8
0
  6
Continuous
 62
     0
370
    18
100
AcDbLine
 10
0.0
 20
0.0
 30
0.0
 11
0.1
 21
0.0
 31
0.0
  0
LINE
  5
5D9
330
5D2
100
AcDbEntity
  8
0
  6
Continuous
 62
     0
370
    18
100
AcDbLine
 10
0.0
 20
0.2
 30
0.0
 11
0.0
 21
0.225
 31
0.0
  0
LINE
  5
5DA
330
5D2
100
AcDbEntity
  8
0
  6
Continuous
 62
     0
370
    18
100
AcDbLine
 10
-0.2
 20
0.0
 30
0.0
 11
-0.225
 21
0.0
 31
0.0
  0
LINE
  5
5DB
330
5D2
100
AcDbEntity
  8
0
  6
Continuous
 62
     0
370
    18
100
AcDbLine
 10
0.0
 20
-0.2
 30
0.0
 11
0.0
 21
-0.225
 31
0.0
  0
LINE
  5
5DC
330
5D2
100
AcDbEntity
  8
0
  6
Continuous
 62
     0
370
    18
100
AcDbLine
 10
0.2
 20
0.0
 30
0.0
 11
0.225
 21
0.0
 31
0.0
  0
ENDBLK
  5
5D4
330
5D2
100
AcDbEntity
  8
0
100
AcDbBlockEnd
  0
BLOCK
  5
5EA
330
5E9
100
AcDbEntity
  8
0
100
AcDbBlockBegin
  2
_D_52
 70
     0
 10
0.0
 20
0.0
 30
0.0
  3
_D_52
  1

  0
SOLID
  5
5EC
330
5E9
100
AcDbEntity
  8
0
  6
Continuous
 62
     7
370
    18
100
AcDbTrace
 10
9.6844329008
 20
2.3445806668
 30
0.0
 11
9.5544329008
 21
2.3645806668
 31
0.0
 12
9.5544329008
 22
2.3245806668
 32
0.0
 13
9.5544329008
 23
2.3245806668
 33
0.0
  0
SOLID
  5
5ED
330
5E9
100
AcDbEntity
  8
0
  6
Continuous
 62
     7
370
    18
100
AcDbTrace
 10
9.8744734359
 20
2.3445806668
 30
0.0
 11
10.0044734359
 21
2.3245806668
 31
0.0
 12
10.0044734359
 22
2.3645806668
 32
0.0
 13
10.0044734359
 23
2.3645806668
 33
0.0
  0
LINE
  5
5EE
330
5E9
100
AcDbEntity
  8
0
  6
Continuous
 62
     7
370
     0
100
AcDbLine
 10
9.6844329008
 20
2.4872112414
 30
0.0
 11
9.6844329008
 21
2.2195806668
 31
0.0
  0
LINE
  5
5EF
330
5E9
100
AcDbEntity
  8
0
  6
Continuous
 62
     7
370
     0
100
AcDbLine
 10
9.8744734359
 20
2.4872112414
 30
0.0
 11
9.8744734359
 21
2.2195806668
 31
0.0
  0
LINE
  5
5F0
330
5E9
100
AcDbEntity
  8
0
  6
Continuous
 62
     7
370
     0
100
AcDbLine
 10
9.6844329008
 20
2.3445806668
 30
0.0
 11
9.3439084644
 21
2.3445806668
 31
0.0
  0
LINE
  5
5F1
330
5E9
100
AcDbEntity
  8
0
  6
Continuous
 62
     7
370
     0
100
AcDbLine
 10
9.8744734359
 20
2.3445806668
 30
0.0
 11
10.1244734359
 21
2.3445806668
 31
0.0
  0
MTEXT
  5
5F2
330
5E9
100
AcDbEntity
  8
0
  6
Continuous
 62
     7
370
    18
100
AcDbMText
 10
9.0206445655
 20
2.406495395
 30
0.0
 40
0.125
 41
0.0
 71
     1
 72
     1
  1
.190
  7
SLDTEXTSTYLE0
 73
     1
 44
1.0
  0
ENDBLK
  5
5EB
330
5E9
100
AcDbEntity
  8
0
100
AcDbBlockEnd
  0
BLOCK
  5
5F5
330
5F4
100
AcDbEntity
  8
0
100
AcDbBlockBegin
  2
_D_53
 70
     0
 10
0.0
 20
0.0
 30
0.0
  3
_D_53
  1

  0
SOLID
  5
5F7
330
5F4
100
AcDbEntity
  8
0
  6
Continuous
 62
     7
370
    18
100
AcDbTrace
 10
9.3744734359
 20
2.0617673805
 30
0.0
 11
9.2444734359
 21
2.0817673805
 31
0.0
 12
9.2444734359
 22
2.0417673805
 32
0.0
 13
9.2444734359
 23
2.0417673805
 33
0.0
  0
SOLID
  5
5F8
330
5F4
100
AcDbEntity
  8
0
  6
Continuous
 62
     7
370
    18
100
AcDbTrace
 10
9.8744734359
 20
2.0617673805
 30
0.0
 11
10.0044734359
 21
2.0417673805
 31
0.0
 12
10.0044734359
 22
2.0817673805
 32
0.0
 13
10.0044734359
 23
2.0817673805
 33
0.0
  0
LINE
  5
5F9
330
5F4
100
AcDbEntity
  8
0
  6
Continuous
 62
     7
370
     0
100
AcDbLine
 10
9.3744734359
 20
2.4872112414
 30
0.0
 11
9.3744734359
 21
1.9367673805
 31
0.0
  0
LINE
  5
5FA
330
5F4
100
AcDbEntity
  8
0
  6
Continuous
 62
     7
370
     0
100
AcDbLine
 10
9.8744734359
 20
2.4872112414
 30
0.0
 11
9.8744734359
 21
1.9367673805
 31
0.0
  0
LINE
  5
5FB
330
5F4
100
AcDbEntity
  8
0
  6
Continuous
 62
     7
370
     0
100
AcDbLine
 10
9.3744734359
 20
2.0617673805
 30
0.0
 11
9.1244734359
 21
2.0617673805
 31
0.0
  0
LINE
  5
5FC
330
5F4
100
AcDbEntity
  8
0
  6
Continuous
 62
     7
370
     0
100
AcDbLine
 10
9.8744734359
 20
2.0617673805
 30
0.0
 11
10.1244734359
 21
2.0617673805
 31
0.0
  0
MTEXT
  5
5FD
330
5F4
100
AcDbEntity
  8
0
  6
Continuous
 62
     7
370
    18
100
AcDbMText
 10
9.4626325341
 20
2.1236821087
 30
0.0
 40
0.125
 41
0.0
 71
     1
 72
     1
  1
.50
  7
SLDTEXTSTYLE0
 73
     1
 44
1.0
  0
ENDBLK
  5
5F6
330
5F4
100
AcDbEntity
  8
0
100
AcDbBlockEnd
  0
BLOCK
  5
5FF
330
5FE
100
AcDbEntity
  8
0
100
AcDbBlockBegin
  2
SW_CENTERMARKSYMBOL_29
 70
     0
 10
0.0
 20
0.0
 30
0.0
  3
SW_CENTERMARKSYMBOL_29
  1

  0
LINE
  5
601
330
5FE
100
AcDbEntity
  8
0
  6
Continuous
 62
     0
370
    18
100
AcDbLine
 10
0.0
 20
0.0
 30
0.0
 11
0.0
 21
0.1
 31
0.0
  0
LINE
  5
602
330
5FE
100
AcDbEntity
  8
0
  6
Continuous
 62
     0
370
    18
100
AcDbLine
 10
0.0
 20
0.0
 30
0.0
 11
-0.1
 21
0.0
 31
0.0
  0
LINE
  5
603
330
5FE
100
AcDbEntity
  8
0
  6
Continuous
 62
     0
370
    18
100
AcDbLine
 10
0.0
 20
0.0
 30
0.0
 11
0.0
 21
-0.1
 31
0.0
  0
LINE
  5
604
330
5FE
100
AcDbEntity
  8
0
  6
Continuous
 62
     0
370
    18
100
AcDbLine
 10
0.0
 20
0.0
 30
0.0
 11
0.1
 21
0.0
 31
0.0
  0
LINE
  5
605
330
5FE
100
AcDbEntity
  8
0
  6
Continuous
 62
     0
370
    18
100
AcDbLine
 10
0.0
 20
0.2
 30
0.0
 11
0.0
 21
0.225
 31
0.0
  0
LINE
  5
606
330
5FE
100
AcDbEntity
  8
0
  6
Continuous
 62
     0
370
    18
100
AcDbLine
 10
-0.2
 20
0.0
 30
0.0
 11
-0.225
 21
0.0
 31
0.0
  0
LINE
  5
607
330
5FE
100
AcDbEntity
  8
0
  6
Continuous
 62
     0
370
    18
100
AcDbLine
 10
0.0
 20
-0.2
 30
0.0
 11
0.0
 21
-0.225
 31
0.0
  0
LINE
  5
608
330
5FE
100
AcDbEntity
  8
0
  6
Continuous
 62
     0
370
    18
100
AcDbLine
 10
0.2
 20
0.0
 30
0.0
 11
0.225
 21
0.0
 31
0.0
  0
ENDBLK
  5
600
330
5FE
100
AcDbEntity
  8
0
100
AcDbBlockEnd
  0
BLOCK
  5
615
330
614
100
AcDbEntity
  8
0
100
AcDbBlockBegin
  2
SW_CENTERMARKSYMBOL_30
 70
     0
 10
0.0
 20
0.0
 30
0.0
  3
SW_CENTERMARKSYMBOL_30
  1

  0
LINE
  5
617
330
614
100
AcDbEntity
  8
0
  6
Continuous
 62
     0
370
    18
100
AcDbLine
 10
0.0
 20
0.0
 30
0.0
 11
0.0
 21
0.1
 31
0.0
  0
LINE
  5
618
330
614
100
AcDbEntity
  8
0
  6
Continuous
 62
     0
370
    18
100
AcDbLine
 10
0.0
 20
0.0
 30
0.0
 11
-0.1
 21
0.0
 31
0.0
  0
LINE
  5
619
330
614
100
AcDbEntity
  8
0
  6
Continuous
 62
     0
370
    18
100
AcDbLine
 10
0.0
 20
0.0
 30
0.0
 11
0.0
 21
-0.1
 31
0.0
  0
LINE
  5
61A
330
614
100
AcDbEntity
  8
0
  6
Continuous
 62
     0
370
    18
100
AcDbLine
 10
0.0
 20
0.0
 30
0.0
 11
0.1
 21
0.0
 31
0.0
  0
LINE
  5
61B
330
614
100
AcDbEntity
  8
0
  6
Continuous
 62
     0
370
    18
100
AcDbLine
 10
0.0
 20
0.2
 30
0.0
 11
0.0
 21
0.225
 31
0.0
  0
LINE
  5
61C
330
614
100
AcDbEntity
  8
0
  6
Continuous
 62
     0
370
    18
100
AcDbLine
 10
-0.2
 20
0.0
 30
0.0
 11
-0.225
 21
0.0
 31
0.0
  0
LINE
  5
61D
330
614
100
AcDbEntity
  8
0
  6
Continuous
 62
     0
370
    18
100
AcDbLine
 10
0.0
 20
-0.2
 30
0.0
 11
0.0
 21
-0.225
 31
0.0
  0
LINE
  5
61E
330
614
100
AcDbEntity
  8
0
  6
Continuous
 62
     0
370
    18
100
AcDbLine
 10
0.2
 20
0.0
 30
0.0
 11
0.225
 21
0.0
 31
0.0
  0
ENDBLK
  5
616
330
614
100
AcDbEntity
  8
0
100
AcDbBlockEnd
  0
BLOCK
  5
62B
330
62A
100
AcDbEntity
  8
0
100
AcDbBlockBegin
  2
SW_CENTERMARKSYMBOL_31
 70
     0
 10
0.0
 20
0.0
 30
0.0
  3
SW_CENTERMARKSYMBOL_31
  1

  0
LINE
  5
62D
330
62A
100
AcDbEntity
  8
0
  6
Continuous
 62
     0
370
    18
100
AcDbLine
 10
0.0
 20
0.0
 30
0.0
 11
-0.1
 21
0.0
 31
0.0
  0
LINE
  5
62E
330
62A
100
AcDbEntity
  8
0
  6
Continuous
 62
     0
370
    18
100
AcDbLine
 10
0.0
 20
0.0
 30
0.0
 11
0.0
 21
-0.1
 31
0.0
  0
LINE
  5
62F
330
62A
100
AcDbEntity
  8
0
  6
Continuous
 62
     0
370
    18
100
AcDbLine
 10
0.0
 20
0.0
 30
0.0
 11
0.1
 21
0.0
 31
0.0
  0
LINE
  5
630
330
62A
100
AcDbEntity
  8
0
  6
Continuous
 62
     0
370
    18
100
AcDbLine
 10
0.0
 20
0.0
 30
0.0
 11
0.0
 21
0.1
 31
0.0
  0
LINE
  5
631
330
62A
100
AcDbEntity
  8
0
  6
Continuous
 62
     0
370
    18
100
AcDbLine
 10
-0.2
 20
0.0
 30
0.0
 11
-0.225
 21
0.0
 31
0.0
  0
LINE
  5
632
330
62A
100
AcDbEntity
  8
0
  6
Continuous
 62
     0
370
    18
100
AcDbLine
 10
0.0
 20
-0.2
 30
0.0
 11
0.0
 21
-0.225
 31
0.0
  0
LINE
  5
633
330
62A
100
AcDbEntity
  8
0
  6
Continuous
 62
     0
370
    18
100
AcDbLine
 10
0.2
 20
0.0
 30
0.0
 11
0.225
 21
0.0
 31
0.0
  0
LINE
  5
634
330
62A
100
AcDbEntity
  8
0
  6
Continuous
 62
     0
370
    18
100
AcDbLine
 10
0.0
 20
0.2
 30
0.0
 11
0.0
 21
0.225
 31
0.0
  0
ENDBLK
  5
62C
330
62A
100
AcDbEntity
  8
0
100
AcDbBlockEnd
  0
BLOCK
  5
642
330
641
100
AcDbEntity
  8
0
100
AcDbBlockBegin
  2
_D_54
 70
     0
 10
0.0
 20
0.0
 30
0.0
  3
_D_54
  1

  0
SOLID
  5
644
330
641
100
AcDbEntity
  8
0
  6
Continuous
 62
     7
370
    18
100
AcDbTrace
 10
8.195130637
 20
2.6776792237
 30
0.0
 11
8.215130637
 21
2.8076792237
 31
0.0
 12
8.175130637
 22
2.8076792237
 32
0.0
 13
8.175130637
 23
2.8076792237
 33
0.0
  0
SOLID
  5
645
330
641
100
AcDbEntity
  8
0
  6
Continuous
 62
     7
370
    18
100
AcDbTrace
 10
8.195130637
 20
2.4276792237
 30
0.0
 11
8.175130637
 21
2.2976792237
 31
0.0
 12
8.215130637
 22
2.2976792237
 32
0.0
 13
8.215130637
 23
2.2976792237
 33
0.0
  0
LINE
  5
646
330
641
100
AcDbEntity
  8
0
  6
Continuous
 62
     7
370
     0
100
AcDbLine
 10
8.6723016987
 20
2.6776792237
 30
0.0
 11
8.070130637
 21
2.6776792237
 31
0.0
  0
LINE
  5
647
330
641
100
AcDbEntity
  8
0
  6
Continuous
 62
     7
370
     0
100
AcDbLine
 10
8.4793422338
 20
2.4276792237
 30
0.0
 11
8.070130637
 21
2.4276792237
 31
0.0
  0
LINE
  5
648
330
641
100
AcDbEntity
  8
0
  6
Continuous
 62
     7
370
     0
100
AcDbLine
 10
7.945130637
 20
2.164320831
 30
0.0
 11
8.195130637
 21
2.164320831
 31
0.0
  0
LINE
  5
649
330
641
100
AcDbEntity
  8
0
  6
Continuous
 62
     7
370
     0
100
AcDbLine
 10
8.195130637
 20
2.164320831
 30
0.0
 11
8.195130637
 21
2.4276792237
 31
0.0
  0
LINE
  5
64A
330
641
100
AcDbEntity
  8
0
  6
Continuous
 62
     7
370
     0
100
AcDbLine
 10
8.195130637
 20
2.6776792237
 30
0.0
 11
8.195130637
 21
2.9276792237
 31
0.0
  0
MTEXT
  5
64B
330
641
100
AcDbEntity
  8
0
  6
Continuous
 62
     7
370
    18
100
AcDbMText
 10
7.621866738
 20
2.2262355592
 30
0.0
 40
0.125
 41
0.0
 71
     1
 72
     1
  1
.250
  7
SLDTEXTSTYLE0
 73
     1
 44
1.0
  0
ENDBLK
  5
643
330
641
100
AcDbEntity
  8
0
100
AcDbBlockEnd
  0
BLOCK
  5
64E
330
64D
100
AcDbEntity
  8
0
100
AcDbBlockBegin
  2
_D_55
 70
     0
 10
0.0
 20
0.0
 30
0.0
  3
_D_55
  1

  0
SOLID
  5
650
330
64D
100
AcDbEntity
  8
0
  6
Continuous
 62
     7
370
    18
100
AcDbTrace
 10
8.8393016987
 20
2.2511342661
 30
0.0
 11
8.9693016987
 21
2.2311342661
 31
0.0
 12
8.9693016987
 22
2.2711342661
 32
0.0
 13
8.9693016987
 23
2.2711342661
 33
0.0
  0
SOLID
  5
651
330
64D
100
AcDbEntity
  8
0
  6
Continuous
 62
     7
370
    18
100
AcDbTrace
 10
8.7223016987
 20
2.2511342661
 30
0.0
 11
8.5923016987
 21
2.2711342661
 31
0.0
 12
8.5923016987
 22
2.2311342661
 32
0.0
 13
8.5923016987
 23
2.2311342661
 33
0.0
  0
LINE
  5
652
330
64D
100
AcDbEntity
  8
0
  6
Continuous
 62
     7
370
     0
100
AcDbLine
 10
8.8393016987
 20
2.3776792237
 30
0.0
 11
8.8393016987
 21
2.1261342661
 31
0.0
  0
LINE
  5
653
330
64D
100
AcDbEntity
  8
0
  6
Continuous
 62
     7
370
     0
100
AcDbLine
 10
8.7223016987
 20
2.3776792237
 30
0.0
 11
8.7223016987
 21
2.1261342661
 31
0.0
  0
LINE
  5
654
330
64D
100
AcDbEntity
  8
0
  6
Continuous
 62
     7
370
     0
100
AcDbLine
 10
8.8393016987
 20
2.2511342661
 30
0.0
 11
9.0893016987
 21
2.2511342661
 31
0.0
  0
LINE
  5
655
330
64D
100
AcDbEntity
  8
0
  6
Continuous
 62
     7
370
     0
100
AcDbLine
 10
8.7223016987
 20
2.2511342661
 30
0.0
 11
8.5707288852
 21
2.2511342661
 31
0.0
  0
MTEXT
  5
656
330
64D
100
AcDbEntity
  8
0
  6
Continuous
 62
     7
370
    18
100
AcDbMText
 10
8.2474649863
 20
2.3130489943
 30
0.0
 40
0.125
 41
0.0
 71
     1
 72
     1
  1
.117
  7
SLDTEXTSTYLE0
 73
     1
 44
1.0
  0
ENDBLK
  5
64F
330
64D
100
AcDbEntity
  8
0
100
AcDbBlockEnd
  0
BLOCK
  5
659
330
658
100
AcDbEntity
  8
0
100
AcDbBlockBegin
  2
_D_56
 70
     0
 10
0.0
 20
0.0
 30
0.0
  3
_D_56
  1

  0
SOLID
  5
65B
330
658
100
AcDbEntity
  8
0
  6
Continuous
 62
     7
370
    18
100
AcDbTrace
 10
7.8994209739
 20
3.1776792237
 30
0.0
 11
7.8794209739
 21
3.0476792237
 31
0.0
 12
7.9194209739
 22
3.0476792237
 32
0.0
 13
7.9194209739
 23
3.0476792237
 33
0.0
  0
SOLID
  5
65C
330
658
100
AcDbEntity
  8
0
  6
Continuous
 62
     7
370
    18
100
AcDbTrace
 10
7.8994209739
 20
2.4276792237
 30
0.0
 11
7.9194209739
 21
2.5576792237
 31
0.0
 12
7.8794209739
 22
2.5576792237
 32
0.0
 13
7.8794209739
 23
2.5576792237
 33
0.0
  0
LINE
  5
65D
330
658
100
AcDbEntity
  8
0
  6
Continuous
 62
     7
370
     0
100
AcDbLine
 10
8.4793422338
 20
3.1776792237
 30
0.0
 11
7.7744209739
 21
3.1776792237
 31
0.0
  0
LINE
  5
65E
330
658
100
AcDbEntity
  8
0
  6
Continuous
 62
     7
370
     0
100
AcDbLine
 10
8.4793422338
 20
2.4276792237
 30
0.0
 11
7.7744209739
 21
2.4276792237
 31
0.0
  0
LINE
  5
65F
330
658
100
AcDbEntity
  8
0
  6
Continuous
 62
     7
370
     0
100
AcDbLine
 10
7.8994209739
 20
3.1776792237
 30
0.0
 11
7.8994209739
 21
2.9494360283
 31
0.0
  0
LINE
  5
660
330
658
100
AcDbEntity
  8
0
  6
Continuous
 62
     7
370
     0
100
AcDbLine
 10
7.8994209739
 20
2.4276792237
 30
0.0
 11
7.8994209739
 21
2.7509985223
 31
0.0
  0
MTEXT
  5
661
330
658
100
AcDbEntity
  8
0
  6
Continuous
 62
     7
370
    18
100
AcDbMText
 10
7.7377890245
 20
2.9121320035
 30
0.0
 40
0.125
 41
0.0
 71
     1
 72
     1
  1
.750
  7
SLDTEXTSTYLE0
 73
     1
 44
1.0
  0
ENDBLK
  5
65A
330
658
100
AcDbEntity
  8
0
100
AcDbBlockEnd
  0
BLOCK
  5
664
330
663
100
AcDbEntity
  8
0
100
AcDbBlockBegin
  2
_D_57
 70
     0
 10
0.0
 20
0.0
 30
0.0
  3
_D_57
  1

  0
SOLID
  5
666
330
663
100
AcDbEntity
  8
0
  6
Continuous
 62
     7
370
    18
100
AcDbTrace
 10
8.683541014
 20
3.2579732228
 30
0.0
 11
8.5967547853
 21
3.3568071771
 31
0.0
 12
8.5710607056
 22
3.3261507867
 32
0.0
 13
8.5710607056
 23
3.3261507867
 33
0.0
  0
LINE
  5
667
330
663
100
AcDbEntity
  8
0
  6
Continuous
 62
     7
370
     0
100
AcDbLine
 10
8.683541014
 20
3.2579732228
 30
0.0
 11
8.4940459332
 21
3.4167949778
 31
0.0
  0
LINE
  5
668
330
663
100
AcDbEntity
  8
0
  6
Continuous
 62
     7
370
     0
100
AcDbLine
 10
8.4940459332
 20
3.4167949778
 30
0.0
 11
8.2440459332
 21
3.4167949778
 31
0.0
  0
MTEXT
  5
669
330
663
100
AcDbEntity
  8
0
  6
Continuous
 62
     7
370
    18
100
AcDbMText
 10
7.732266432
 20
3.4777548369
 30
0.0
 40
0.125
 41
0.0
 71
     1
 72
     1
  1
%%c
  7
SLDTEXTSTYLE0
 73
     1
 44
1.0
  0
MTEXT
  5
66A
330
663
100
AcDbEntity
  8
0
  6
Continuous
 62
     7
370
    18
100
AcDbMText
 10
7.9207820526
 20
3.4796645592
 30
0.0
 40
0.125
 41
0.0
 71
     1
 72
     1
  1
.250
  7
SLDTEXTSTYLE0
 73
     1
 44
1.0
  0
ENDBLK
  5
665
330
663
100
AcDbEntity
  8
0
100
AcDbBlockEnd
  0
BLOCK
  5
66D
330
66C
100
AcDbEntity
  8
0
100
AcDbBlockBegin
  2
_D_58
 70
     0
 10
0.0
 20
0.0
 30
0.0
  3
_D_58
  1

  0
SOLID
  5
66F
330
66C
100
AcDbEntity
  8
0
  6
Continuous
 62
     7
370
    18
100
AcDbTrace
 10
8.6375207654
 20
3.3835594586
 30
0.0
 11
8.5802440207
 21
3.5019628982
 31
0.0
 12
8.5473031831
 22
3.4792714633
 32
0.0
 13
8.5473031831
 23
3.4792714633
 33
0.0
  0
LINE
  5
670
330
66C
100
AcDbEntity
  8
0
  6
Continuous
 62
     7
370
     0
100
AcDbLine
 10
8.6375207654
 20
3.3835594586
 30
0.0
 11
8.4940459332
 21
3.5918398587
 31
0.0
  0
LINE
  5
671
330
66C
100
AcDbEntity
  8
0
  6
Continuous
 62
     7
370
     0
100
AcDbLine
 10
8.4940459332
 20
3.5918398587
 30
0.0
 11
8.2440459332
 21
3.5918398587
 31
0.0
  0
MTEXT
  5
672
330
66C
100
AcDbEntity
  8
0
  6
Continuous
 62
     7
370
    18
100
AcDbMText
 10
7.732266432
 20
3.6527997177
 30
0.0
 40
0.125
 41
0.0
 71
     1
 72
     1
  1
%%c
  7
SLDTEXTSTYLE0
 73
     1
 44
1.0
  0
MTEXT
  5
673
330
66C
100
AcDbEntity
  8
0
  6
Continuous
 62
     7
370
    18
100
AcDbMText
 10
7.9207820526
 20
3.65470944
 30
0.0
 40
0.125
 41
0.0
 71
     1
 72
     1
  1
.500
  7
SLDTEXTSTYLE0
 73
     1
 44
1.0
  0
ENDBLK
  5
66E
330
66C
100
AcDbEntity
  8
0
100
AcDbBlockEnd
  0
BLOCK
  5
675
330
674
100
AcDbEntity
  8
0
100
AcDbBlockBegin
  2
SW_CENTERMARKSYMBOL_32
 70
     0
 10
0.0
 20
0.0
 30
0.0
  3
SW_CENTERMARKSYMBOL_32
  1

  0
LINE
  5
677
330
674
100
AcDbEntity
  8
0
  6
Continuous
 62
     0
370
    18
100
AcDbLine
 10
0.0
 20
0.0
 30
0.0
 11
0.0
 21
0.1
 31
0.0
  0
LINE
  5
678
330
674
100
AcDbEntity
  8
0
  6
Continuous
 62
     0
370
    18
100
AcDbLine
 10
0.0
 20
0.0
 30
0.0
 11
-0.1
 21
0.0
 31
0.0
  0
LINE
  5
679
330
674
100
AcDbEntity
  8
0
  6
Continuous
 62
     0
370
    18
100
AcDbLine
 10
0.0
 20
0.0
 30
0.0
 11
0.0
 21
-0.1
 31
0.0
  0
LINE
  5
67A
330
674
100
AcDbEntity
  8
0
  6
Continuous
 62
     0
370
    18
100
AcDbLine
 10
0.0
 20
0.0
 30
0.0
 11
0.1
 21
0.0
 31
0.0
  0
LINE
  5
67B
330
674
100
AcDbEntity
  8
0
  6
Continuous
 62
     0
370
    18
100
AcDbLine
 10
0.0
 20
0.2
 30
0.0
 11
0.0
 21
0.225
 31
0.0
  0
LINE
  5
67C
330
674
100
AcDbEntity
  8
0
  6
Continuous
 62
     0
370
    18
100
AcDbLine
 10
-0.2
 20
0.0
 30
0.0
 11
-0.225
 21
0.0
 31
0.0
  0
LINE
  5
67D
330
674
100
AcDbEntity
  8
0
  6
Continuous
 62
     0
370
    18
100
AcDbLine
 10
0.0
 20
-0.2
 30
0.0
 11
0.0
 21
-0.225
 31
0.0
  0
LINE
  5
67E
330
674
100
AcDbEntity
  8
0
  6
Continuous
 62
     0
370
    18
100
AcDbLine
 10
0.2
 20
0.0
 30
0.0
 11
0.225
 21
0.0
 31
0.0
  0
ENDBLK
  5
676
330
674
100
AcDbEntity
  8
0
100
AcDbBlockEnd
  0
BLOCK
  5
68B
330
68A
100
AcDbEntity
  8
0
100
AcDbBlockBegin
  2
SW_CENTERMARKSYMBOL_33
 70
     0
 10
0.0
 20
0.0
 30
0.0
  3
SW_CENTERMARKSYMBOL_33
  1

  0
LINE
  5
68D
330
68A
100
AcDbEntity
  8
0
  6
Continuous
 62
     0
370
    18
100
AcDbLine
 10
0.0
 20
0.0
 30
0.0
 11
0.0
 21
0.1
 31
0.0
  0
LINE
  5
68E
330
68A
100
AcDbEntity
  8
0
  6
Continuous
 62
     0
370
    18
100
AcDbLine
 10
0.0
 20
0.0
 30
0.0
 11
-0.1
 21
0.0
 31
0.0
  0
LINE
  5
68F
330
68A
100
AcDbEntity
  8
0
  6
Continuous
 62
     0
370
    18
100
AcDbLine
 10
0.0
 20
0.0
 30
0.0
 11
0.0
 21
-0.1
 31
0.0
  0
LINE
  5
690
330
68A
100
AcDbEntity
  8
0
  6
Continuous
 62
     0
370
    18
100
AcDbLine
 10
0.0
 20
0.0
 30
0.0
 11
0.1
 21
0.0
 31
0.0
  0
LINE
  5
691
330
68A
100
AcDbEntity
  8
0
  6
Continuous
 62
     0
370
    18
100
AcDbLine
 10
0.0
 20
0.2
 30
0.0
 11
0.0
 21
0.225
 31
0.0
  0
LINE
  5
692
330
68A
100
AcDbEntity
  8
0
  6
Continuous
 62
     0
370
    18
100
AcDbLine
 10
-0.2
 20
0.0
 30
0.0
 11
-0.225
 21
0.0
 31
0.0
  0
LINE
  5
693
330
68A
100
AcDbEntity
  8
0
  6
Continuous
 62
     0
370
    18
100
AcDbLine
 10
0.0
 20
-0.2
 30
0.0
 11
0.0
 21
-0.225
 31
0.0
  0
LINE
  5
694
330
68A
100
AcDbEntity
  8
0
  6
Continuous
 62
     0
370
    18
100
AcDbLine
 10
0.2
 20
0.0
 30
0.0
 11
0.225
 21
0.0
 31
0.0
  0
ENDBLK
  5
68C
330
68A
100
AcDbEntity
  8
0
100
AcDbBlockEnd
  0
BLOCK
  5
699
330
698
100
AcDbEntity
  8
0
100
AcDbBlockBegin
  2
SW_CENTERMARKSYMBOL_34
 70
     0
 10
0.0
 20
0.0
 30
0.0
  3
SW_CENTERMARKSYMBOL_34
  1

  0
LINE
  5
69B
330
698
100
AcDbEntity
  8
0
  6
Continuous
 62
     0
370
    18
100
AcDbLine
 10
0.0
 20
0.0
 30
0.0
 11
0.0
 21
0.1
 31
0.0
  0
LINE
  5
69C
330
698
100
AcDbEntity
  8
0
  6
Continuous
 62
     0
370
    18
100
AcDbLine
 10
0.0
 20
0.0
 30
0.0
 11
-0.1
 21
0.0
 31
0.0
  0
LINE
  5
69D
330
698
100
AcDbEntity
  8
0
  6
Continuous
 62
     0
370
    18
100
AcDbLine
 10
0.0
 20
0.0
 30
0.0
 11
0.0
 21
-0.1
 31
0.0
  0
LINE
  5
69E
330
698
100
AcDbEntity
  8
0
  6
Continuous
 62
     0
370
    18
100
AcDbLine
 10
0.0
 20
0.0
 30
0.0
 11
0.1
 21
0.0
 31
0.0
  0
LINE
  5
69F
330
698
100
AcDbEntity
  8
0
  6
Continuous
 62
     0
370
    18
100
AcDbLine
 10
0.0
 20
0.2
 30
0.0
 11
0.0
 21
0.725
 31
0.0
  0
LINE
  5
6A0
330
698
100
AcDbEntity
  8
0
  6
Continuous
 62
     0
370
    18
100
AcDbLine
 10
-0.2
 20
0.0
 30
0.0
 11
-0.725
 21
0.0
 31
0.0
  0
LINE
  5
6A1
330
698
100
AcDbEntity
  8
0
  6
Continuous
 62
     0
370
    18
100
AcDbLine
 10
0.0
 20
-0.2
 30
0.0
 11
0.0
 21
-0.725
 31
0.0
  0
LINE
  5
6A2
330
698
100
AcDbEntity
  8
0
  6
Continuous
 62
     0
370
    18
100
AcDbLine
 10
0.2
 20
0.0
 30
0.0
 11
0.725
 21
0.0
 31
0.0
  0
ENDBLK
  5
69A
330
698
100
AcDbEntity
  8
0
100
AcDbBlockEnd
  0
BLOCK
  5
6A7
330
6A6
100
AcDbEntity
  8
0
100
AcDbBlockBegin
  2
SW_CENTERMARKSYMBOL_35
 70
     0
 10
0.0
 20
0.0
 30
0.0
  3
SW_CENTERMARKSYMBOL_35
  1

  0
LINE
  5
6A9
330
6A6
100
AcDbEntity
  8
0
  6
Continuous
 62
     0
370
    18
100
AcDbLine
 10
0.0
 20
0.0
 30
0.0
 11
0.0
 21
0.1
 31
0.0
  0
LINE
  5
6AA
330
6A6
100
AcDbEntity
  8
0
  6
Continuous
 62
     0
370
    18
100
AcDbLine
 10
0.0
 20
0.0
 30
0.0
 11
-0.1
 21
0.0
 31
0.0
  0
LINE
  5
6AB
330
6A6
100
AcDbEntity
  8
0
  6
Continuous
 62
     0
370
    18
100
AcDbLine
 10
0.0
 20
0.0
 30
0.0
 11
0.0
 21
-0.1
 31
0.0
  0
LINE
  5
6AC
330
6A6
100
AcDbEntity
  8
0
  6
Continuous
 62
     0
370
    18
100
AcDbLine
 10
0.0
 20
0.0
 30
0.0
 11
0.1
 21
0.0
 31
0.0
  0
LINE
  5
6AD
330
6A6
100
AcDbEntity
  8
0
  6
Continuous
 62
     0
370
    18
100
AcDbLine
 10
0.0
 20
0.2
 30
0.0
 11
0.0
 21
0.725
 31
0.0
  0
LINE
  5
6AE
330
6A6
100
AcDbEntity
  8
0
  6
Continuous
 62
     0
370
    18
100
AcDbLine
 10
-0.2
 20
0.0
 30
0.0
 11
-0.725
 21
0.0
 31
0.0
  0
LINE
  5
6AF
330
6A6
100
AcDbEntity
  8
0
  6
Continuous
 62
     0
370
    18
100
AcDbLine
 10
0.0
 20
-0.2
 30
0.0
 11
0.0
 21
-0.725
 31
0.0
  0
LINE
  5
6B0
330
6A6
100
AcDbEntity
  8
0
  6
Continuous
 62
     0
370
    18
100
AcDbLine
 10
0.2
 20
0.0
 30
0.0
 11
0.725
 21
0.0
 31
0.0
  0
ENDBLK
  5
6A8
330
6A6
100
AcDbEntity
  8
0
100
AcDbBlockEnd
  0
BLOCK
  5
6B5
330
6B4
100
AcDbEntity
  8
0
100
AcDbBlockBegin
  2
SW_CENTERMARKSYMBOL_36
 70
     0
 10
0.0
 20
0.0
 30
0.0
  3
SW_CENTERMARKSYMBOL_36
  1

  0
LINE
  5
6B7
330
6B4
100
AcDbEntity
  8
0
  6
Continuous
 62
     0
370
    18
100
AcDbLine
 10
0.0
 20
0.0
 30
0.0
 11
0.0
 21
0.1
 31
0.0
  0
LINE
  5
6B8
330
6B4
100
AcDbEntity
  8
0
  6
Continuous
 62
     0
370
    18
100
AcDbLine
 10
0.0
 20
0.0
 30
0.0
 11
-0.1
 21
0.0
 31
0.0
  0
LINE
  5
6B9
330
6B4
100
AcDbEntity
  8
0
  6
Continuous
 62
     0
370
    18
100
AcDbLine
 10
0.0
 20
0.0
 30
0.0
 11
0.0
 21
-0.1
 31
0.0
  0
LINE
  5
6BA
330
6B4
100
AcDbEntity
  8
0
  6
Continuous
 62
     0
370
    18
100
AcDbLine
 10
0.0
 20
0.0
 30
0.0
 11
0.1
 21
0.0
 31
0.0
  0
LINE
  5
6BB
330
6B4
100
AcDbEntity
  8
0
  6
Continuous
 62
     0
370
    18
100
AcDbLine
 10
0.0
 20
0.2
 30
0.0
 11
0.0
 21
0.725
 31
0.0
  0
LINE
  5
6BC
330
6B4
100
AcDbEntity
  8
0
  6
Continuous
 62
     0
370
    18
100
AcDbLine
 10
-0.2
 20
0.0
 30
0.0
 11
-0.725
 21
0.0
 31
0.0
  0
LINE
  5
6BD
330
6B4
100
AcDbEntity
  8
0
  6
Continuous
 62
     0
370
    18
100
AcDbLine
 10
0.0
 20
-0.2
 30
0.0
 11
0.0
 21
-0.725
 31
0.0
  0
LINE
  5
6BE
330
6B4
100
AcDbEntity
  8
0
  6
Continuous
 62
     0
370
    18
100
AcDbLine
 10
0.2
 20
0.0
 30
0.0
 11
0.725
 21
0.0
 31
0.0
  0
ENDBLK
  5
6B6
330
6B4
100
AcDbEntity
  8
0
100
AcDbBlockEnd
  0
BLOCK
  5
6C3
330
6C2
100
AcDbEntity
  8
0
100
AcDbBlockBegin
  2
SW_CENTERMARKSYMBOL_37
 70
     0
 10
0.0
 20
0.0
 30
0.0
  3
SW_CENTERMARKSYMBOL_37
  1

  0
LINE
  5
6C5
330
6C2
100
AcDbEntity
  8
0
  6
Continuous
 62
     0
370
    18
100
AcDbLine
 10
0.0
 20
0.0
 30
0.0
 11
0.0
 21
0.1
 31
0.0
  0
LINE
  5
6C6
330
6C2
100
AcDbEntity
  8
0
  6
Continuous
 62
     0
370
    18
100
AcDbLine
 10
0.0
 20
0.0
 30
0.0
 11
-0.1
 21
0.0
 31
0.0
  0
LINE
  5
6C7
330
6C2
100
AcDbEntity
  8
0
  6
Continuous
 62
     0
370
    18
100
AcDbLine
 10
0.0
 20
0.0
 30
0.0
 11
0.0
 21
-0.1
 31
0.0
  0
LINE
  5
6C8
330
6C2
100
AcDbEntity
  8
0
  6
Continuous
 62
     0
370
    18
100
AcDbLine
 10
0.0
 20
0.0
 30
0.0
 11
0.1
 21
0.0
 31
0.0
  0
LINE
  5
6C9
330
6C2
100
AcDbEntity
  8
0
  6
Continuous
 62
     0
370
    18
100
AcDbLine
 10
0.0
 20
0.2
 30
0.0
 11
0.0
 21
0.725
 31
0.0
  0
LINE
  5
6CA
330
6C2
100
AcDbEntity
  8
0
  6
Continuous
 62
     0
370
    18
100
AcDbLine
 10
-0.2
 20
0.0
 30
0.0
 11
-0.725
 21
0.0
 31
0.0
  0
LINE
  5
6CB
330
6C2
100
AcDbEntity
  8
0
  6
Continuous
 62
     0
370
    18
100
AcDbLine
 10
0.0
 20
-0.2
 30
0.0
 11
0.0
 21
-0.725
 31
0.0
  0
LINE
  5
6CC
330
6C2
100
AcDbEntity
  8
0
  6
Continuous
 62
     0
370
    18
100
AcDbLine
 10
0.2
 20
0.0
 30
0.0
 11
0.725
 21
0.0
 31
0.0
  0
ENDBLK
  5
6C4
330
6C2
100
AcDbEntity
  8
0
100
AcDbBlockEnd
  0
BLOCK
  5
6D1
330
6D0
100
AcDbEntity
  8
0
100
AcDbBlockBegin
  2
SW_CENTERMARKSYMBOL_38
 70
     0
 10
0.0
 20
0.0
 30
0.0
  3
SW_CENTERMARKSYMBOL_38
  1

  0
LINE
  5
6D3
330
6D0
100
AcDbEntity
  8
0
  6
Continuous
 62
     0
370
    18
100
AcDbLine
 10
0.0
 20
0.0
 30
0.0
 11
0.0
 21
0.1
 31
0.0
  0
LINE
  5
6D4
330
6D0
100
AcDbEntity
  8
0
  6
Continuous
 62
     0
370
    18
100
AcDbLine
 10
0.0
 20
0.0
 30
0.0
 11
-0.1
 21
0.0
 31
0.0
  0
LINE
  5
6D5
330
6D0
100
AcDbEntity
  8
0
  6
Continuous
 62
     0
370
    18
100
AcDbLine
 10
0.0
 20
0.0
 30
0.0
 11
0.0
 21
-0.1
 31
0.0
  0
LINE
  5
6D6
330
6D0
100
AcDbEntity
  8
0
  6
Continuous
 62
     0
370
    18
100
AcDbLine
 10
0.0
 20
0.0
 30
0.0
 11
0.1
 21
0.0
 31
0.0
  0
LINE
  5
6D7
330
6D0
100
AcDbEntity
  8
0
  6
Continuous
 62
     0
370
    18
100
AcDbLine
 10
0.0
 20
0.2
 30
0.0
 11
0.0
 21
0.725
 31
0.0
  0
LINE
  5
6D8
330
6D0
100
AcDbEntity
  8
0
  6
Continuous
 62
     0
370
    18
100
AcDbLine
 10
-0.2
 20
0.0
 30
0.0
 11
-0.725
 21
0.0
 31
0.0
  0
LINE
  5
6D9
330
6D0
100
AcDbEntity
  8
0
  6
Continuous
 62
     0
370
    18
100
AcDbLine
 10
0.0
 20
-0.2
 30
0.0
 11
0.0
 21
-0.725
 31
0.0
  0
LINE
  5
6DA
330
6D0
100
AcDbEntity
  8
0
  6
Continuous
 62
     0
370
    18
100
AcDbLine
 10
0.2
 20
0.0
 30
0.0
 11
0.725
 21
0.0
 31
0.0
  0
ENDBLK
  5
6D2
330
6D0
100
AcDbEntity
  8
0
100
AcDbBlockEnd
  0
BLOCK
  5
6E1
330
6E0
100
AcDbEntity
  8
0
100
AcDbBlockBegin
  2
_D_59
 70
     0
 10
0.0
 20
0.0
 30
0.0
  3
_D_59
  1

  0
SOLID
  5
6E3
330
6E0
100
AcDbEntity
  8
0
  6
Continuous
 62
     7
370
    18
100
AcDbTrace
 10
6.6046389988
 20
4.1135173448
 30
0.0
 11
6.6642833869
 21
4.2307459546
 31
0.0
 12
6.6262889198
 22
4.2432527714
 32
0.0
 13
6.6262889198
 23
4.2432527714
 33
0.0
  0
LINE
  5
6E4
330
6E0
100
AcDbEntity
  8
0
  6
Continuous
 62
     7
370
     0
100
AcDbLine
 10
6.6046389988
 20
4.1135173448
 30
0.0
 11
6.6575065425
 21
4.2741236914
 31
0.0
  0
LINE
  5
6E5
330
6E0
100
AcDbEntity
  8
0
  6
Continuous
 62
     7
370
     0
100
AcDbLine
 10
6.6575065425
 20
4.2741236914
 30
0.0
 11
6.9075065425
 21
4.2741236914
 31
0.0
  0
MTEXT
  5
6E6
330
6E0
100
AcDbEntity
  8
0
  6
Continuous
 62
     7
370
    18
100
AcDbMText
 10
6.9075065425
 20
4.3350835504
 30
0.0
 40
0.125
 41
0.0
 71
     1
 72
     1
  1
%%c
  7
SLDTEXTSTYLE0
 73
     1
 44
1.0
  0
MTEXT
  5
6E7
330
6E0
100
AcDbEntity
  8
0
  6
Continuous
 62
     7
370
    18
100
AcDbMText
 10
7.0960221631
 20
4.3369932727
 30
0.0
 40
0.125
 41
0.0
 71
     1
 72
     1
  1
1.25
  7
SLDTEXTSTYLE0
 73
     1
 44
1.0
  0
ENDBLK
  5
6E2
330
6E0
100
AcDbEntity
  8
0
100
AcDbBlockEnd
  0
BLOCK
  5
6EA
330
6E9
100
AcDbEntity
  8
0
100
AcDbBlockBegin
  2
_D_60
 70
     0
 10
0.0
 20
0.0
 30
0.0
  3
_D_60
  1

  0
SOLID
  5
6EC
330
6E9
100
AcDbEntity
  8
0
  6
Continuous
 62
     7
370
    18
100
AcDbTrace
 10
6.4798423631
 20
3.622991955
 30
0.0
 11
6.5697917402
 21
3.7189560606
 31
0.0
 12
6.5367875292
 22
3.7415552211
 32
0.0
 13
6.5367875292
 23
3.7415552211
 33
0.0
  0
LINE
  5
6ED
330
6E9
100
AcDbEntity
  8
0
  6
Continuous
 62
     7
370
     0
100
AcDbLine
 10
6.4798423631
 20
3.622991955
 30
0.0
 11
6.703687089
 21
3.9498987254
 31
0.0
  0
LINE
  5
6EE
330
6E9
100
AcDbEntity
  8
0
  6
Continuous
 62
     7
370
     0
100
AcDbLine
 10
6.703687089
 20
3.9498987254
 30
0.0
 11
6.953687089
 21
3.9498987254
 31
0.0
  0
MTEXT
  5
6EF
330
6E9
100
AcDbEntity
  8
0
  6
Continuous
 62
     7
370
    18
100
AcDbMText
 10
6.953687089
 20
4.0108585844
 30
0.0
 40
0.125
 41
0.0
 71
     1
 72
     1
  1
%%c
  7
SLDTEXTSTYLE0
 73
     1
 44
1.0
  0
MTEXT
  5
6F0
330
6E9
100
AcDbEntity
  8
0
  6
Continuous
 62
     7
370
    18
100
AcDbMText
 10
7.1422027096
 20
4.0127683067
 30
0.0
 40
0.125
 41
0.0
 71
     1
 72
     1
  1
.25
  7
SLDTEXTSTYLE0
 73
     1
 44
1.0
  0
ENDBLK
  5
6EB
330
6E9
100
AcDbEntity
  8
0
100
AcDbBlockEnd
  0
BLOCK
  5
6F2
330
6F1
100
AcDbEntity
  8
0
100
AcDbBlockBegin
  2
SW_CENTERMARKSYMBOL_39
 70
     0
 10
0.0
 20
0.0
 30
0.0
  3
SW_CENTERMARKSYMBOL_39
  1

  0
LINE
  5
6F4
330
6F1
100
AcDbEntity
  8
0
  6
Continuous
 62
     0
370
    18
100
AcDbLine
 10
0.0
 20
0.0
 30
0.0
 11
0.0
 21
0.1
 31
0.0
  0
LINE
  5
6F5
330
6F1
100
AcDbEntity
  8
0
  6
Continuous
 62
     0
370
    18
100
AcDbLine
 10
0.0
 20
0.0
 30
0.0
 11
-0.1
 21
0.0
 31
0.0
  0
LINE
  5
6F6
330
6F1
100
AcDbEntity
  8
0
  6
Continuous
 62
     0
370
    18
100
AcDbLine
 10
0.0
 20
0.0
 30
0.0
 11
0.0
 21
-0.1
 31
0.0
  0
LINE
  5
6F7
330
6F1
100
AcDbEntity
  8
0
  6
Continuous
 62
     0
370
    18
100
AcDbLine
 10
0.0
 20
0.0
 30
0.0
 11
0.1
 21
0.0
 31
0.0
  0
LINE
  5
6F8
330
6F1
100
AcDbEntity
  8
0
  6
Continuous
 62
     0
370
    18
100
AcDbLine
 10
0.0
 20
0.2
 30
0.0
 11
0.0
 21
0.725
 31
0.0
  0
LINE
  5
6F9
330
6F1
100
AcDbEntity
  8
0
  6
Continuous
 62
     0
370
    18
100
AcDbLine
 10
-0.2
 20
0.0
 30
0.0
 11
-0.725
 21
0.0
 31
0.0
  0
LINE
  5
6FA
330
6F1
100
AcDbEntity
  8
0
  6
Continuous
 62
     0
370
    18
100
AcDbLine
 10
0.0
 20
-0.2
 30
0.0
 11
0.0
 21
-0.725
 31
0.0
  0
LINE
  5
6FB
330
6F1
100
AcDbEntity
  8
0
  6
Continuous
 62
     0
370
    18
100
AcDbLine
 10
0.2
 20
0.0
 30
0.0
 11
0.725
 21
0.0
 31
0.0
  0
ENDBLK
  5
6F3
330
6F1
100
AcDbEntity
  8
0
100
AcDbBlockEnd
  0
ENDSEC
  0
SECTION
  2
ENTITIES
  0
LINE
  5
63
330
1F
100
AcDbEntity
  8
0
  6
Continuous
 62
     7
370
    25
100
AcDbLine
 10
0.2659443051
 20
8.3204189828
 30
0.0
 11
1.2659443051
 21
8.3204189828
 31
0.0
  0
LINE
  5
64
330
1F
100
AcDbEntity
  8
0
  6
Continuous
 62
     7
370
    25
100
AcDbLine
 10
0.8909443051
 20
2.4454189828
 30
0.0
 11
0.8909443051
 21
2.3204189828
 31
0.0
  0
LINE
  5
65
330
1F
100
AcDbEntity
  8
0
  6
Continuous
 62
     7
370
    25
100
AcDbLine
 10
0.6409443051
 20
2.4454189828
 30
0.0
 11
0.8909443051
 21
2.4454189828
 31
0.0
  0
LINE
  5
66
330
1F
100
AcDbEntity
  8
0
  6
Continuous
 62
     7
370
    25
100
AcDbLine
 10
0.6409443051
 20
2.3204189828
 30
0.0
 11
0.6409443051
 21
2.4454189828
 31
0.0
  0
CIRCLE
  5
67
330
1F
100
AcDbEntity
  8
0
  6
Continuous
 62
     7
370
    25
100
AcDbCircle
 10
0.7659443051
 20
2.8204189828
 30
0.0
 40
0.125
  0
CIRCLE
  5
68
330
1F
100
AcDbEntity
  8
0
  6
Continuous
 62
     7
370
    25
100
AcDbCircle
 10
0.7659443051
 20
7.8204189828
 30
0.0
 40
0.125
  0
LINE
  5
69
330
1F
100
AcDbEntity
  8
0
  6
Continuous
 62
     7
370
    25
100
AcDbLine
 10
0.8912792676
 20
6.1904189828
 30
0.0
 11
0.6412792676
 21
6.1904189828
 31
0.0
  0
LINE
  5
6A
330
1F
100
AcDbEntity
  8
0
  6
Continuous
 62
     7
370
    25
100
AcDbLine
 10
0.8912792676
 20
6.3154189828
 30
0.0
 11
0.8912792676
 21
6.1904189828
 31
0.0
  0
LINE
  5
6B
330
1F
100
AcDbEntity
  8
0
  6
Continuous
 62
     7
370
    25
100
AcDbLine
 10
0.6412792676
 20
6.3154189828
 30
0.0
 11
0.8912792676
 21
6.3154189828
 31
0.0
  0
LINE
  5
6C
330
1F
100
AcDbEntity
  8
0
  6
Continuous
 62
     7
370
    25
100
AcDbLine
 10
0.6412792676
 20
6.1904189828
 30
0.0
 11
0.6412792676
 21
6.3154189828
 31
0.0
  0
LINE
  5
6D
330
1F
100
AcDbEntity
  8
0
  6
Continuous
 62
     7
370
    25
100
AcDbLine
 10
0.2659443051
 20
2.3204189828
 30
0.0
 11
0.2659443051
 21
8.3204189828
 31
0.0
  0
LINE
  5
6E
330
1F
100
AcDbEntity
  8
0
  6
Continuous
 62
     7
370
    25
100
AcDbLine
 10
1.2659443051
 20
2.3204189828
 30
0.0
 11
0.8909443051
 21
2.3204189828
 31
0.0
  0
LINE
  5
6F
330
1F
100
AcDbEntity
  8
0
  6
Continuous
 62
     7
370
    25
100
AcDbLine
 10
1.2659443051
 20
8.3204189828
 30
0.0
 11
1.2659443051
 21
2.3204189828
 31
0.0
  0
LINE
  5
70
330
1F
100
AcDbEntity
  8
0
  6
Continuous
 62
     7
370
    25
100
AcDbLine
 10
0.6409443051
 20
2.3204189828
 30
0.0
 11
0.2659443051
 21
2.3204189828
 31
0.0
  0
DIMENSION
  5
71
330
1F
100
AcDbEntity
  8
0
  6
Continuous
 62
     7
370
    18
100
AcDbDimension
  2
_D
 10
0.6955840737
 20
2.7171018117
 30
0.0
 11
0.6922949967
 21
3.455122122
 31
0.0
 70
   163
  1
<>
 71
     1
 42
-1.0
  3
SLDDIMSTYLE0
100
AcDbDiametricDimension
 15
0.8363045365
 25
2.9237361539
 35
0.0
 40
0.0
  0
DIMENSION
  5
7C
330
1F
100
AcDbEntity
  8
0
  6
Continuous
 62
     7
370
    18
100
AcDbDimension
  2
_D_1
 10
0.6779738083
 20
7.9092232152
 30
0.0
 11
0.6407274296
 21
7.4361383009
 31
0.0
 70
   163
  1
<>
 71
     1
 42
-1.0
  3
SLDDIMSTYLE0
100
AcDbDiametricDimension
 15
0.8539148019
 25
7.7316147504
 35
0.0
 40
0.0
  0
DIMENSION
  5
85
330
1F
100
AcDbEntity
  8
0
  6
Continuous
 62
     7
370
    18
100
AcDbDimension
  2
_D_2
 10
1.4043805189
 20
2.4454189828
 30
0.0
 11
1.4043805189
 21
2.1170389466
 31
0.0
 70
   160
  1
<>
 71
     2
 42
-1.0
  3
SLDDIMSTYLE1
100
AcDbAlignedDimension
 13
0.6409443051
 23
2.3204189828
 33
0.0
 14
0.8909443051
 24
2.4454189828
 34
0.0
 50
90.0
100
AcDbRotatedDimension
  0
DIMENSION
  5
92
330
1F
100
AcDbEntity
  8
0
  6
Continuous
 62
     7
370
    18
100
AcDbDimension
  2
_D_3
 10
0.8909443051
 20
1.9267181954
 30
0.0
 11
0.3142045753
 21
1.9267181954
 31
0.0
 70
   160
  1
<>
 71
     2
 42
-1.0
  3
SLDDIMSTYLE2
100
AcDbAlignedDimension
 13
0.6409443051
 23
2.3204189828
 33
0.0
 14
0.8909443051
 24
2.3204189828
 34
0.0
100
AcDbRotatedDimension
  0
DIMENSION
  5
9E
330
1F
100
AcDbEntity
  8
0
  6
Continuous
 62
     7
370
    18
100
AcDbDimension
  2
_D_4
 10
1.2659443051
 20
4.1078688525
 30
0.0
 11
0.7563700234
 21
4.1078688525
 31
0.0
 70
   160
  1
<>
 71
     2
 42
-1.0
  3
SLDDIMSTYLE2
100
AcDbAlignedDimension
 13
0.2659443051
 23
2.3204189828
 33
0.0
 14
1.2659443051
 24
2.3204189828
 34
0.0
100
AcDbRotatedDimension
  0
DIMENSION
  5
A7
330
1F
100
AcDbEntity
  8
0
  6
Continuous
 62
     7
370
    18
100
AcDbDimension
  2
_D_5
 10
0.6412792676
 20
5.346440281
 30
0.0
 11
1.934028103
 21
5.346440281
 31
0.0
 70
   160
  1
<>
 71
     2
 42
-1.0
  3
SLDDIMSTYLE2
100
AcDbAlignedDimension
 13
0.8912792676
 23
6.1904189828
 33
0.0
 14
0.6412792676
 24
6.1904189828
 34
0.0
100
AcDbRotatedDimension
  0
DIMENSION
  5
B2
330
1F
100
AcDbEntity
  8
0
  6
Continuous
 62
     7
370
    18
100
AcDbDimension
  2
_D_6
 10
1.6596450925
 20
6.1904189828
 30
0.0
 11
1.6596450925
 21
6.848969555
 31
0.0
 70
   160
  1
<>
 71
     2
 42
-1.0
  3
SLDDIMSTYLE1
100
AcDbAlignedDimension
 13
0.8912792676
 23
6.3154189828
 33
0.0
 14
0.8912792676
 24
6.1904189828
 34
0.0
 50
90.0
100
AcDbRotatedDimension
  0
DIMENSION
  5
BE
330
1F
100
AcDbEntity
  8
0
  6
Continuous
 62
     7
370
    18
100
AcDbDimension
  2
_D_7
 10
0.4416510539
 20
8.3204189828
 30
0.0
 11
0.4416510539
 21
8.0266276347
 31
0.0
 70
   160
  1
<>
 71
     2
 42
-1.0
  3
SLDDIMSTYLE2
100
AcDbAlignedDimension
 13
0.7659443051
 23
7.8204189828
 33
0.0
 14
0.2659443051
 24
8.3204189828
 34
0.0
 50
90.0
100
AcDbRotatedDimension
  0
DIMENSION
  5
C8
330
1F
100
AcDbEntity
  8
0
  6
Continuous
 62
     7
370
    18
100
AcDbDimension
  2
_D_8
 10
0.4416510539
 20
2.8204189828
 30
0.0
 11
0.4416510539
 21
2.6154918033
 31
0.0
 70
   160
  1
<>
 71
     2
 42
-1.0
  3
SLDDIMSTYLE2
100
AcDbAlignedDimension
 13
0.2659443051
 23
2.3204189828
 33
0.0
 14
0.7659443051
 24
2.8204189828
 34
0.0
 50
90.0
100
AcDbRotatedDimension
  0
LINE
  5
D2
330
1F
100
AcDbEntity
  8
0
  6
Continuous
 62
     7
370
    25
100
AcDbLine
 10
8.923782576
 20
0.4861687028
 30
0.0
 11
9.173782576
 21
0.4861687028
 31
0.0
  0
LINE
  5
D3
330
1F
100
AcDbEntity
  8
0
  6
Continuous
 62
     7
370
    25
100
AcDbLine
 10
9.173782576
 20
0.6031687028
 30
0.0
 11
8.923782576
 21
0.6031687028
 31
0.0
  0
LINE
  5
D4
330
1F
100
AcDbEntity
  8
0
  6
Continuous
 62
     7
370
    25
100
AcDbLine
 10
8.923782576
 20
0.6031687028
 30
0.0
 11
8.923782576
 21
0.4861687028
 31
0.0
  0
LINE
  5
D5
330
1F
100
AcDbEntity
  8
0
  6
Continuous
 62
     7
370
    25
100
AcDbLine
 10
0.390782576
 20
0.6031687028
 30
0.0
 11
0.390782576
 21
0.7946687028
 31
0.0
  0
LINE
  5
D6
330
1F
100
AcDbEntity
  8
0
  6
Continuous
 62
     7
370
    25
100
AcDbLine
 10
0.390782576
 20
0.7946687028
 30
0.0
 11
0.273782576
 21
0.7946687028
 31
0.0
  0
LINE
  5
D7
330
1F
100
AcDbEntity
  8
0
  6
Continuous
 62
     7
370
    25
100
AcDbLine
 10
0.273782576
 20
0.7946687028
 30
0.0
 11
0.273782576
 21
0.6031687028
 31
0.0
  0
LINE
  5
D8
330
1F
100
AcDbEntity
  8
0
  6
Continuous
 62
     7
370
    25
100
AcDbLine
 10
0.273782576
 20
0.6031687028
 30
0.0
 11
0.390782576
 21
0.6031687028
 31
0.0
  0
LINE
  5
D9
330
1F
100
AcDbEntity
  8
0
  6
Continuous
 62
     7
370
    25
100
AcDbLine
 10
1.124782576
 20
0.2914989086
 30
0.0
 11
1.124782576
 21
0.4861687028
 31
0.0
  0
LINE
  5
DA
330
1F
100
AcDbEntity
  8
0
  6
Continuous
 62
     7
370
    25
100
AcDbLine
 10
1.124782576
 20
0.4861687028
 30
0.0
 11
1.007782576
 21
0.4861687028
 31
0.0
  0
LINE
  5
DB
330
1F
100
AcDbEntity
  8
0
  6
Continuous
 62
     7
370
    25
100
AcDbLine
 10
1.007782576
 20
0.4861687028
 30
0.0
 11
1.007782576
 21
0.2914989086
 31
0.0
  0
LINE
  5
DC
330
1F
100
AcDbEntity
  8
0
  6
Continuous
 62
     7
370
    25
100
AcDbLine
 10
1.007782576
 20
0.2914989086
 30
0.0
 11
1.124782576
 21
0.2914989086
 31
0.0
  0
LINE
  5
DD
330
1F
100
AcDbEntity
  8
0
  6
Continuous
 62
     7
370
    25
100
AcDbLine
 10
1.491782576
 20
0.6031687028
 30
0.0
 11
1.491782576
 21
0.7946687028
 31
0.0
  0
LINE
  5
DE
330
1F
100
AcDbEntity
  8
0
  6
Continuous
 62
     7
370
    25
100
AcDbLine
 10
1.491782576
 20
0.7946687028
 30
0.0
 11
1.374782576
 21
0.7946687028
 31
0.0
  0
LINE
  5
DF
330
1F
100
AcDbEntity
  8
0
  6
Continuous
 62
     7
370
    25
100
AcDbLine
 10
1.374782576
 20
0.7946687028
 30
0.0
 11
1.374782576
 21
0.6031687028
 31
0.0
  0
LINE
  5
E0
330
1F
100
AcDbEntity
  8
0
  6
Continuous
 62
     7
370
    25
100
AcDbLine
 10
1.374782576
 20
0.6031687028
 30
0.0
 11
1.491782576
 21
0.6031687028
 31
0.0
  0
LINE
  5
E1
330
1F
100
AcDbEntity
  8
0
  6
Continuous
 62
     7
370
    25
100
AcDbLine
 10
1.491782576
 20
0.2914989086
 30
0.0
 11
1.491782576
 21
0.4861687028
 31
0.0
  0
LINE
  5
E2
330
1F
100
AcDbEntity
  8
0
  6
Continuous
 62
     7
370
    25
100
AcDbLine
 10
1.491782576
 20
0.4861687028
 30
0.0
 11
1.374782576
 21
0.4861687028
 31
0.0
  0
LINE
  5
E3
330
1F
100
AcDbEntity
  8
0
  6
Continuous
 62
     7
370
    25
100
AcDbLine
 10
1.374782576
 20
0.4861687028
 30
0.0
 11
1.374782576
 21
0.2914989086
 31
0.0
  0
LINE
  5
E4
330
1F
100
AcDbEntity
  8
0
  6
Continuous
 62
     7
370
    25
100
AcDbLine
 10
1.374782576
 20
0.2914989086
 30
0.0
 11
1.491782576
 21
0.2914989086
 31
0.0
  0
LINE
  5
E5
330
1F
100
AcDbEntity
  8
0
  6
Continuous
 62
     7
370
    25
100
AcDbLine
 10
0.390782576
 20
0.2914989086
 30
0.0
 11
0.390782576
 21
0.4861687028
 31
0.0
  0
LINE
  5
E6
330
1F
100
AcDbEntity
  8
0
  6
Continuous
 62
     7
370
    25
100
AcDbLine
 10
0.390782576
 20
0.4861687028
 30
0.0
 11
0.273782576
 21
0.4861687028
 31
0.0
  0
LINE
  5
E7
330
1F
100
AcDbEntity
  8
0
  6
Continuous
 62
     7
370
    25
100
AcDbLine
 10
0.273782576
 20
0.4861687028
 30
0.0
 11
0.273782576
 21
0.2914989086
 31
0.0
  0
LINE
  5
E8
330
1F
100
AcDbEntity
  8
0
  6
Continuous
 62
     7
370
    25
100
AcDbLine
 10
0.273782576
 20
0.2914989086
 30
0.0
 11
0.390782576
 21
0.2914989086
 31
0.0
  0
LINE
  5
E9
330
1F
100
AcDbEntity
  8
0
  6
Continuous
 62
     7
370
    25
100
AcDbLine
 10
0.757782576
 20
0.6031687028
 30
0.0
 11
0.757782576
 21
0.7946687028
 31
0.0
  0
LINE
  5
EA
330
1F
100
AcDbEntity
  8
0
  6
Continuous
 62
     7
370
    25
100
AcDbLine
 10
0.757782576
 20
0.7946687028
 30
0.0
 11
0.640782576
 21
0.7946687028
 31
0.0
  0
LINE
  5
EB
330
1F
100
AcDbEntity
  8
0
  6
Continuous
 62
     7
370
    25
100
AcDbLine
 10
0.640782576
 20
0.7946687028
 30
0.0
 11
0.640782576
 21
0.6031687028
 31
0.0
  0
LINE
  5
EC
330
1F
100
AcDbEntity
  8
0
  6
Continuous
 62
     7
370
    25
100
AcDbLine
 10
0.640782576
 20
0.6031687028
 30
0.0
 11
0.757782576
 21
0.6031687028
 31
0.0
  0
LINE
  5
ED
330
1F
100
AcDbEntity
  8
0
  6
Continuous
 62
     7
370
    25
100
AcDbLine
 10
0.757782576
 20
0.2914989086
 30
0.0
 11
0.757782576
 21
0.4861687028
 31
0.0
  0
LINE
  5
EE
330
1F
100
AcDbEntity
  8
0
  6
Continuous
 62
     7
370
    25
100
AcDbLine
 10
0.757782576
 20
0.4861687028
 30
0.0
 11
0.640782576
 21
0.4861687028
 31
0.0
  0
LINE
  5
EF
330
1F
100
AcDbEntity
  8
0
  6
Continuous
 62
     7
370
    25
100
AcDbLine
 10
0.640782576
 20
0.4861687028
 30
0.0
 11
0.640782576
 21
0.2914989086
 31
0.0
  0
LINE
  5
F0
330
1F
100
AcDbEntity
  8
0
  6
Continuous
 62
     7
370
    25
100
AcDbLine
 10
0.640782576
 20
0.2914989086
 30
0.0
 11
0.757782576
 21
0.2914989086
 31
0.0
  0
LINE
  5
F1
330
1F
100
AcDbEntity
  8
0
  6
Continuous
 62
     7
370
    25
100
AcDbLine
 10
1.124782576
 20
0.6031687028
 30
0.0
 11
1.124782576
 21
0.7946687028
 31
0.0
  0
LINE
  5
F2
330
1F
100
AcDbEntity
  8
0
  6
Continuous
 62
     7
370
    25
100
AcDbLine
 10
1.124782576
 20
0.7946687028
 30
0.0
 11
1.007782576
 21
0.7946687028
 31
0.0
  0
LINE
  5
F3
330
1F
100
AcDbEntity
  8
0
  6
Continuous
 62
     7
370
    25
100
AcDbLine
 10
1.007782576
 20
0.7946687028
 30
0.0
 11
1.007782576
 21
0.6031687028
 31
0.0
  0
LINE
  5
F4
330
1F
100
AcDbEntity
  8
0
  6
Continuous
 62
     7
370
    25
100
AcDbLine
 10
1.007782576
 20
0.6031687028
 30
0.0
 11
1.124782576
 21
0.6031687028
 31
0.0
  0
LINE
  5
F5
330
1F
100
AcDbEntity
  8
0
  6
Continuous
 62
     7
370
    25
100
AcDbLine
 10
0.173782576
 20
0.1696687028
 30
0.0
 11
9.173782576
 21
0.1696687028
 31
0.0
  0
LINE
  5
F6
330
1F
100
AcDbEntity
  8
0
  6
Continuous
 62
     7
370
    25
100
AcDbLine
 10
0.173782576
 20
0.9196687028
 30
0.0
 11
0.173782576
 21
0.1696687028
 31
0.0
  0
LINE
  5
F7
330
1F
100
AcDbEntity
  8
0
  6
Continuous
 62
     7
370
    25
100
AcDbLine
 10
9.173782576
 20
0.9196687028
 30
0.0
 11
0.173782576
 21
0.9196687028
 31
0.0
  0
LINE
  5
F8
330
1F
100
AcDbEntity
  8
0
  6
Continuous
 62
     7
370
    25
100
AcDbLine
 10
9.173782576
 20
0.1696687028
 30
0.0
 11
9.173782576
 21
0.4861687028
 31
0.0
  0
LINE
  5
F9
330
1F
100
AcDbEntity
  8
0
  6
Continuous
 62
     7
370
    25
100
AcDbLine
 10
9.173782576
 20
0.6031687028
 30
0.0
 11
9.173782576
 21
0.9196687028
 31
0.0
  0
LINE
  5
FA
330
1F
100
AcDbEntity
  8
0
  6
Continuous
 62
     7
370
    25
100
AcDbLine
 10
8.9204879903
 20
1.3749803833
 30
0.0
 11
9.1704879903
 21
1.3749803833
 31
0.0
  0
LINE
  5
FB
330
1F
100
AcDbEntity
  8
0
  6
Continuous
 62
     7
370
    25
100
AcDbLine
 10
9.1704879903
 20
1.4919803833
 30
0.0
 11
8.9204879903
 21
1.4919803833
 31
0.0
  0
LINE
  5
FC
330
1F
100
AcDbEntity
  8
0
  6
Continuous
 62
     7
370
    25
100
AcDbLine
 10
8.9204879903
 20
1.4919803833
 30
0.0
 11
8.9204879903
 21
1.3749803833
 31
0.0
  0
LINE
  5
FD
330
1F
100
AcDbEntity
  8
0
  6
Continuous
 62
     7
370
    25
100
AcDbLine
 10
0.3874879903
 20
1.4919803833
 30
0.0
 11
0.3874879903
 21
1.6834803833
 31
0.0
  0
LINE
  5
FE
330
1F
100
AcDbEntity
  8
0
  6
Continuous
 62
     7
370
    25
100
AcDbLine
 10
0.3874879903
 20
1.6834803833
 30
0.0
 11
0.2704879903
 21
1.6834803833
 31
0.0
  0
LINE
  5
FF
330
1F
100
AcDbEntity
  8
0
  6
Continuous
 62
     7
370
    25
100
AcDbLine
 10
0.2704879903
 20
1.6834803833
 30
0.0
 11
0.2704879903
 21
1.4919803833
 31
0.0
  0
LINE
  5
100
330
1F
100
AcDbEntity
  8
0
  6
Continuous
 62
     7
370
    25
100
AcDbLine
 10
0.2704879903
 20
1.4919803833
 30
0.0
 11
0.3874879903
 21
1.4919803833
 31
0.0
  0
LINE
  5
101
330
1F
100
AcDbEntity
  8
0
  6
Continuous
 62
     7
370
    25
100
AcDbLine
 10
1.1214879903
 20
1.1803105891
 30
0.0
 11
1.1214879903
 21
1.3749803833
 31
0.0
  0
LINE
  5
102
330
1F
100
AcDbEntity
  8
0
  6
Continuous
 62
     7
370
    25
100
AcDbLine
 10
1.1214879903
 20
1.3749803833
 30
0.0
 11
1.0044879903
 21
1.3749803833
 31
0.0
  0
LINE
  5
103
330
1F
100
AcDbEntity
  8
0
  6
Continuous
 62
     7
370
    25
100
AcDbLine
 10
1.0044879903
 20
1.3749803833
 30
0.0
 11
1.0044879903
 21
1.1803105891
 31
0.0
  0
LINE
  5
104
330
1F
100
AcDbEntity
  8
0
  6
Continuous
 62
     7
370
    25
100
AcDbLine
 10
1.0044879903
 20
1.1803105891
 30
0.0
 11
1.1214879903
 21
1.1803105891
 31
0.0
  0
LINE
  5
105
330
1F
100
AcDbEntity
  8
0
  6
Continuous
 62
     7
370
    25
100
AcDbLine
 10
1.4884879903
 20
1.4919803833
 30
0.0
 11
1.4884879903
 21
1.6834803833
 31
0.0
  0
LINE
  5
106
330
1F
100
AcDbEntity
  8
0
  6
Continuous
 62
     7
370
    25
100
AcDbLine
 10
1.4884879903
 20
1.6834803833
 30
0.0
 11
1.3714879903
 21
1.6834803833
 31
0.0
  0
LINE
  5
107
330
1F
100
AcDbEntity
  8
0
  6
Continuous
 62
     7
370
    25
100
AcDbLine
 10
1.3714879903
 20
1.6834803833
 30
0.0
 11
1.3714879903
 21
1.4919803833
 31
0.0
  0
LINE
  5
108
330
1F
100
AcDbEntity
  8
0
  6
Continuous
 62
     7
370
    25
100
AcDbLine
 10
1.3714879903
 20
1.4919803833
 30
0.0
 11
1.4884879903
 21
1.4919803833
 31
0.0
  0
LINE
  5
109
330
1F
100
AcDbEntity
  8
0
  6
Continuous
 62
     7
370
    25
100
AcDbLine
 10
1.4884879903
 20
1.1803105891
 30
0.0
 11
1.4884879903
 21
1.3749803833
 31
0.0
  0
LINE
  5
10A
330
1F
100
AcDbEntity
  8
0
  6
Continuous
 62
     7
370
    25
100
AcDbLine
 10
1.4884879903
 20
1.3749803833
 30
0.0
 11
1.3714879903
 21
1.3749803833
 31
0.0
  0
LINE
  5
10B
330
1F
100
AcDbEntity
  8
0
  6
Continuous
 62
     7
370
    25
100
AcDbLine
 10
1.3714879903
 20
1.3749803833
 30
0.0
 11
1.3714879903
 21
1.1803105891
 31
0.0
  0
LINE
  5
10C
330
1F
100
AcDbEntity
  8
0
  6
Continuous
 62
     7
370
    25
100
AcDbLine
 10
1.3714879903
 20
1.1803105891
 30
0.0
 11
1.4884879903
 21
1.1803105891
 31
0.0
  0
LINE
  5
10D
330
1F
100
AcDbEntity
  8
0
  6
Continuous
 62
     7
370
    25
100
AcDbLine
 10
0.3874879903
 20
1.1803105891
 30
0.0
 11
0.3874879903
 21
1.3749803833
 31
0.0
  0
LINE
  5
10E
330
1F
100
AcDbEntity
  8
0
  6
Continuous
 62
     7
370
    25
100
AcDbLine
 10
0.3874879903
 20
1.3749803833
 30
0.0
 11
0.2704879903
 21
1.3749803833
 31
0.0
  0
LINE
  5
10F
330
1F
100
AcDbEntity
  8
0
  6
Continuous
 62
     7
370
    25
100
AcDbLine
 10
0.2704879903
 20
1.3749803833
 30
0.0
 11
0.2704879903
 21
1.1803105891
 31
0.0
  0
LINE
  5
110
330
1F
100
AcDbEntity
  8
0
  6
Continuous
 62
     7
370
    25
100
AcDbLine
 10
0.2704879903
 20
1.1803105891
 30
0.0
 11
0.3874879903
 21
1.1803105891
 31
0.0
  0
LINE
  5
111
330
1F
100
AcDbEntity
  8
0
  6
Continuous
 62
     7
370
    25
100
AcDbLine
 10
0.7544879903
 20
1.4919803833
 30
0.0
 11
0.7544879903
 21
1.6834803833
 31
0.0
  0
LINE
  5
112
330
1F
100
AcDbEntity
  8
0
  6
Continuous
 62
     7
370
    25
100
AcDbLine
 10
0.7544879903
 20
1.6834803833
 30
0.0
 11
0.6374879903
 21
1.6834803833
 31
0.0
  0
LINE
  5
113
330
1F
100
AcDbEntity
  8
0
  6
Continuous
 62
     7
370
    25
100
AcDbLine
 10
0.6374879903
 20
1.6834803833
 30
0.0
 11
0.6374879903
 21
1.4919803833
 31
0.0
  0
LINE
  5
114
330
1F
100
AcDbEntity
  8
0
  6
Continuous
 62
     7
370
    25
100
AcDbLine
 10
0.6374879903
 20
1.4919803833
 30
0.0
 11
0.7544879903
 21
1.4919803833
 31
0.0
  0
LINE
  5
115
330
1F
100
AcDbEntity
  8
0
  6
Continuous
 62
     7
370
    25
100
AcDbLine
 10
0.7544879903
 20
1.1803105891
 30
0.0
 11
0.7544879903
 21
1.3749803833
 31
0.0
  0
LINE
  5
116
330
1F
100
AcDbEntity
  8
0
  6
Continuous
 62
     7
370
    25
100
AcDbLine
 10
0.7544879903
 20
1.3749803833
 30
0.0
 11
0.6374879903
 21
1.3749803833
 31
0.0
  0
LINE
  5
117
330
1F
100
AcDbEntity
  8
0
  6
Continuous
 62
     7
370
    25
100
AcDbLine
 10
0.6374879903
 20
1.3749803833
 30
0.0
 11
0.6374879903
 21
1.1803105891
 31
0.0
  0
LINE
  5
118
330
1F
100
AcDbEntity
  8
0
  6
Continuous
 62
     7
370
    25
100
AcDbLine
 10
0.6374879903
 20
1.1803105891
 30
0.0
 11
0.7544879903
 21
1.1803105891
 31
0.0
  0
LINE
  5
119
330
1F
100
AcDbEntity
  8
0
  6
Continuous
 62
     7
370
    25
100
AcDbLine
 10
1.1214879903
 20
1.4919803833
 30
0.0
 11
1.1214879903
 21
1.6834803833
 31
0.0
  0
LINE
  5
11A
330
1F
100
AcDbEntity
  8
0
  6
Continuous
 62
     7
370
    25
100
AcDbLine
 10
1.1214879903
 20
1.6834803833
 30
0.0
 11
1.0044879903
 21
1.6834803833
 31
0.0
  0
LINE
  5
11B
330
1F
100
AcDbEntity
  8
0
  6
Continuous
 62
     7
370
    25
100
AcDbLine
 10
1.0044879903
 20
1.6834803833
 30
0.0
 11
1.0044879903
 21
1.4919803833
 31
0.0
  0
LINE
  5
11C
330
1F
100
AcDbEntity
  8
0
  6
Continuous
 62
     7
370
    25
100
AcDbLine
 10
1.0044879903
 20
1.4919803833
 30
0.0
 11
1.1214879903
 21
1.4919803833
 31
0.0
  0
LINE
  5
11D
330
1F
100
AcDbEntity
  8
0
  6
Continuous
 62
     7
370
    25
100
AcDbLine
 10
0.1704879903
 20
1.0584803833
 30
0.0
 11
9.1704879903
 21
1.0584803833
 31
0.0
  0
LINE
  5
11E
330
1F
100
AcDbEntity
  8
0
  6
Continuous
 62
     7
370
    25
100
AcDbLine
 10
0.1704879903
 20
1.8084803833
 30
0.0
 11
0.1704879903
 21
1.0584803833
 31
0.0
  0
LINE
  5
11F
330
1F
100
AcDbEntity
  8
0
  6
Continuous
 62
     7
370
    25
100
AcDbLine
 10
9.1704879903
 20
1.8084803833
 30
0.0
 11
0.1704879903
 21
1.8084803833
 31
0.0
  0
LINE
  5
120
330
1F
100
AcDbEntity
  8
0
  6
Continuous
 62
     7
370
    25
100
AcDbLine
 10
9.1704879903
 20
1.0584803833
 30
0.0
 11
9.1704879903
 21
1.3749803833
 31
0.0
  0
LINE
  5
121
330
1F
100
AcDbEntity
  8
0
  6
Continuous
 62
     7
370
    25
100
AcDbLine
 10
9.1704879903
 20
1.4919803833
 30
0.0
 11
9.1704879903
 21
1.8084803833
 31
0.0
  0
DIMENSION
  5
122
330
1F
100
AcDbEntity
  8
0
  6
Continuous
 62
     7
370
    18
100
AcDbDimension
  2
_D_9
 10
0.1704879903
 20
1.4353245066
 30
0.0
 11
5.3955100583
 21
1.4353245066
 31
0.0
 70
   160
  1
<>
 71
     2
 42
-1.0
  3
SLDDIMSTYLE3
100
AcDbAlignedDimension
 13
9.1704879903
 23
1.4919803833
 33
0.0
 14
0.1704879903
 24
1.8084803833
 34
0.0
 50
0.0
100
AcDbRotatedDimension
  0
DIMENSION
  5
12D
330
1F
100
AcDbEntity
  8
0
  6
Continuous
 62
     7
370
    18
100
AcDbDimension
  2
_D_10
 10
3.2826710098
 20
1.8084803833
 30
0.0
 11
3.2826710098
 21
1.4399613862
 31
0.0
 70
   160
  1
<>
 71
     2
 42
-1.0
  3
SLDDIMSTYLE3
100
AcDbAlignedDimension
 13
0.1704879903
 23
1.0584803833
 33
0.0
 14
0.1704879903
 24
1.8084803833
 34
0.0
 50
90.0
100
AcDbRotatedDimension
  0
DIMENSION
  5
136
330
1F
100
AcDbEntity
  8
0
  6
Continuous
 62
     7
370
    18
100
AcDbDimension
  2
_D_11
 10
8.9204879903
 20
1.7073808327
 30
0.0
 11
9.5641887777
 21
1.7073808327
 31
0.0
 70
   160
  1
<>
 71
     2
 42
-1.0
  3
SLDDIMSTYLE2
100
AcDbAlignedDimension
 13
9.1704879903
 23
1.8084803833
 33
0.0
 14
8.9204879903
 24
1.4919803833
 34
0.0
100
AcDbRotatedDimension
  0
DIMENSION
  5
140
330
1F
100
AcDbEntity
  8
0
  6
Continuous
 62
     7
370
    18
100
AcDbDimension
  2
_D_12
 10
9.3560672224
 20
1.3749803833
 30
0.0
 11
9.3560672224
 21
1.2094423771
 31
0.0
 70
   160
  1
<>
 71
     2
 42
-1.0
  3
SLDDIMSTYLE1
100
AcDbAlignedDimension
 13
9.1704879903
 23
1.4919803833
 33
0.0
 14
9.1704879903
 24
1.3749803833
 34
0.0
 50
90.0
100
AcDbRotatedDimension
  0
LINE
  5
14C
330
1F
100
AcDbEntity
  8
0
  6
Continuous
 62
     7
370
    25
100
AcDbLine
 10
1.5573023112
 20
8.3193854946
 30
0.0
 11
2.5573023112
 21
8.3193854946
 31
0.0
  0
LINE
  5
14D
330
1F
100
AcDbEntity
  8
0
  6
Continuous
 62
     7
370
    25
100
AcDbLine
 10
2.1823023112
 20
2.4443854946
 30
0.0
 11
2.1823023112
 21
2.3193854946
 31
0.0
  0
LINE
  5
14E
330
1F
100
AcDbEntity
  8
0
  6
Continuous
 62
     7
370
    25
100
AcDbLine
 10
1.9323023112
 20
2.4443854946
 30
0.0
 11
2.1823023112
 21
2.4443854946
 31
0.0
  0
LINE
  5
14F
330
1F
100
AcDbEntity
  8
0
  6
Continuous
 62
     7
370
    25
100
AcDbLine
 10
1.9323023112
 20
2.3193854946
 30
0.0
 11
1.9323023112
 21
2.4443854946
 31
0.0
  0
CIRCLE
  5
150
330
1F
100
AcDbEntity
  8
0
  6
Continuous
 62
     7
370
    25
100
AcDbCircle
 10
2.0573023112
 20
2.8193854946
 30
0.0
 40
0.1249999999999996
  0
CIRCLE
  5
151
330
1F
100
AcDbEntity
  8
0
  6
Continuous
 62
     7
370
    25
100
AcDbCircle
 10
2.0573023112
 20
7.8193854946
 30
0.0
 40
0.125
  0
LINE
  5
152
330
1F
100
AcDbEntity
  8
0
  6
Continuous
 62
     7
370
    25
100
AcDbLine
 10
2.1826372737
 20
6.1893854946
 30
0.0
 11
1.9326372737
 21
6.1893854946
 31
0.0
  0
LINE
  5
153
330
1F
100
AcDbEntity
  8
0
  6
Continuous
 62
     7
370
    25
100
AcDbLine
 10
2.1826372737
 20
6.3143854946
 30
0.0
 11
2.1826372737
 21
6.1893854946
 31
0.0
  0
LINE
  5
154
330
1F
100
AcDbEntity
  8
0
  6
Continuous
 62
     7
370
    25
100
AcDbLine
 10
1.9326372737
 20
6.3143854946
 30
0.0
 11
2.1826372737
 21
6.3143854946
 31
0.0
  0
LINE
  5
155
330
1F
100
AcDbEntity
  8
0
  6
Continuous
 62
     7
370
    25
100
AcDbLine
 10
1.9326372737
 20
6.1893854946
 30
0.0
 11
1.9326372737
 21
6.3143854946
 31
0.0
  0
LINE
  5
156
330
1F
100
AcDbEntity
  8
0
  6
Continuous
 62
     7
370
    25
100
AcDbLine
 10
1.5573023112
 20
2.3193854946
 30
0.0
 11
1.5573023112
 21
8.3193854946
 31
0.0
  0
LINE
  5
157
330
1F
100
AcDbEntity
  8
0
  6
Continuous
 62
     7
370
    25
100
AcDbLine
 10
2.5573023112
 20
2.3193854946
 30
0.0
 11
2.1823023112
 21
2.3193854946
 31
0.0
  0
LINE
  5
158
330
1F
100
AcDbEntity
  8
0
  6
Continuous
 62
     7
370
    25
100
AcDbLine
 10
2.5573023112
 20
8.3193854946
 30
0.0
 11
2.5573023112
 21
2.3193854946
 31
0.0
  0
LINE
  5
159
330
1F
100
AcDbEntity
  8
0
  6
Continuous
 62
     7
370
    25
100
AcDbLine
 10
1.9323023112
 20
2.3193854946
 30
0.0
 11
1.5573023112
 21
2.3193854946
 31
0.0
  0
DIMENSION
  5
15A
330
1F
100
AcDbEntity
  8
0
  6
Continuous
 62
     7
370
    18
100
AcDbDimension
  2
_D_13
 10
2.5573023112
 20
1.9256847072
 30
0.0
 11
2.0736713302
 21
1.9256847072
 31
0.0
 70
   160
  1
<>
 71
     2
 42
-1.0
  3
SLDDIMSTYLE2
100
AcDbAlignedDimension
 13
1.5573023112
 23
2.3193854946
 33
0.0
 14
2.5573023112
 24
2.3193854946
 34
0.0
100
AcDbRotatedDimension
  0
DIMENSION
  5
165
330
1F
100
AcDbEntity
  8
0
  6
Continuous
 62
     7
370
    18
100
AcDbDimension
  2
_D_14
 10
2.2668679142
 20
2.3193854946
 30
0.0
 11
2.2668679142
 21
4.1125427707
 31
0.0
 70
   160
  1
<>
 71
     2
 42
-1.0
  3
SLDDIMSTYLE3
100
AcDbAlignedDimension
 13
2.5573023112
 23
8.3193854946
 33
0.0
 14
2.1823023112
 24
2.3193854946
 34
0.0
 50
90.0
100
AcDbRotatedDimension
  0
LINE
  5
16E
330
1F
100
AcDbEntity
  8
0
  6
Continuous
 62
     7
370
    25
100
AcDbLine
 10
5.8943952678
 20
2.6419110122
 30
0.0
 11
5.7693952678
 21
2.6419110122
 31
0.0
  0
LINE
  5
16F
330
1F
100
AcDbEntity
  8
0
  6
Continuous
 62
     7
370
    25
100
AcDbLine
 10
5.8943952678
 20
3.0174533625
 30
0.0
 11
5.8943952678
 21
2.6419110122
 31
0.0
  0
LINE
  5
170
330
1F
100
AcDbEntity
  8
0
  6
Continuous
 62
     7
370
    25
100
AcDbLine
 10
9.6443952678
 20
3.0174533625
 30
0.0
 11
5.8943952678
 21
3.0174533625
 31
0.0
  0
LINE
  5
171
330
1F
100
AcDbEntity
  8
0
  6
Continuous
 62
     7
370
    25
100
AcDbLine
 10
9.6443952678
 20
2.6419110122
 30
0.0
 11
9.6443952678
 21
3.0174533625
 31
0.0
  0
LINE
  5
172
330
1F
100
AcDbEntity
  8
0
  6
Continuous
 62
     7
370
    25
100
AcDbLine
 10
9.7693952678
 20
2.6419110122
 30
0.0
 11
9.6443952678
 21
2.6419110122
 31
0.0
  0
LINE
  5
173
330
1F
100
AcDbEntity
  8
0
  6
Continuous
 62
     7
370
    25
100
AcDbLine
 10
9.7693952678
 20
2.3919086892
 30
0.0
 11
9.7693952678
 21
2.6419110122
 31
0.0
  0
LINE
  5
174
330
1F
100
AcDbEntity
  8
0
  6
Continuous
 62
     7
370
    25
100
AcDbLine
 10
9.6443952678
 20
2.3919086892
 30
0.0
 11
9.7693952678
 21
2.3919086892
 31
0.0
  0
LINE
  5
175
330
1F
100
AcDbEntity
  8
0
  6
Continuous
 62
     7
370
    25
100
AcDbLine
 10
9.6443952678
 20
2.0174440705
 30
0.0
 11
9.6443952678
 21
2.3919086892
 31
0.0
  0
LINE
  5
176
330
1F
100
AcDbEntity
  8
0
  6
Continuous
 62
     7
370
    25
100
AcDbLine
 10
5.8943952678
 20
2.0174440705
 30
0.0
 11
9.6443952678
 21
2.0174440705
 31
0.0
  0
LINE
  5
177
330
1F
100
AcDbEntity
  8
0
  6
Continuous
 62
     7
370
    25
100
AcDbLine
 10
5.8943952678
 20
2.3919086892
 30
0.0
 11
5.8943952678
 21
2.0174440705
 31
0.0
  0
LINE
  5
178
330
1F
100
AcDbEntity
  8
0
  6
Continuous
 62
     7
370
    25
100
AcDbLine
 10
5.7693952678
 20
2.3919086892
 30
0.0
 11
5.8943952678
 21
2.3919086892
 31
0.0
  0
LINE
  5
179
330
1F
100
AcDbEntity
  8
0
  6
Continuous
 62
     7
370
    25
100
AcDbLine
 10
5.7693952678
 20
2.6419110122
 30
0.0
 11
5.7693952678
 21
2.3919086892
 31
0.0
  0
DIMENSION
  5
17A
330
1F
100
AcDbEntity
  8
0
  6
Continuous
 62
     7
370
    18
100
AcDbDimension
  2
_D_15
 10
5.8943952678
 20
2.8219296271
 30
0.0
 11
7.9281931288
 21
2.8219296271
 31
0.0
 70
   160
  1
<>
 71
     2
 42
-1.0
  3
SLDDIMSTYLE3
100
AcDbAlignedDimension
 13
9.6443952678
 23
2.6419110122
 33
0.0
 14
5.8943952678
 24
2.6419110122
 34
0.0
100
AcDbRotatedDimension
  0
DIMENSION
  5
183
330
1F
100
AcDbEntity
  8
0
  6
Continuous
 62
     7
370
    18
100
AcDbDimension
  2
_D_16
 10
9.7693952678
 20
2.5173628824
 30
0.0
 11
7.9281931288
 21
2.5173628824
 31
0.0
 70
   160
  1
<>
 71
     2
 42
-1.0
  3
SLDDIMSTYLE3
100
AcDbAlignedDimension
 13
5.7693952678
 23
2.6419110122
 33
0.0
 14
9.7693952678
 24
2.6419110122
 34
0.0
100
AcDbRotatedDimension
  0
DIMENSION
  5
18C
330
1F
100
AcDbEntity
  8
0
  6
Continuous
 62
     7
370
    18
100
AcDbDimension
  2
_D_17
 10
8.9332633864
 20
2.0174440705
 30
0.0
 11
8.9332633864
 21
2.36507951
 31
0.0
 70
   160
  1
<>
 71
     2
 42
-1.0
  3
SLDDIMSTYLE3
100
AcDbAlignedDimension
 13
9.6443952678
 23
3.0174533625
 33
0.0
 14
9.6443952678
 24
2.0174440705
 34
0.0
 50
90.0
100
AcDbRotatedDimension
  0
LINE
  5
195
330
1F
100
AcDbEntity
  8
0
  6
Continuous
 62
     7
370
    25
100
AcDbLine
 10
2.8531834342
 20
7.9965520716
 30
0.0
 11
2.7281834342
 21
7.9965520716
 31
0.0
  0
LINE
  5
196
330
1F
100
AcDbEntity
  8
0
  6
Continuous
 62
     7
370
    25
100
AcDbLine
 10
2.8531834342
 20
8.3720944218
 30
0.0
 11
2.8531834342
 21
7.9965520716
 31
0.0
  0
LINE
  5
197
330
1F
100
AcDbEntity
  8
0
  6
Continuous
 62
     7
370
    25
100
AcDbLine
 10
6.6031834342
 20
8.3720944218
 30
0.0
 11
2.8531834342
 21
8.3720944218
 31
0.0
  0
LINE
  5
198
330
1F
100
AcDbEntity
  8
0
  6
Continuous
 62
     7
370
    25
100
AcDbLine
 10
6.6031834342
 20
7.9965520716
 30
0.0
 11
6.6031834342
 21
8.3720944218
 31
0.0
  0
LINE
  5
199
330
1F
100
AcDbEntity
  8
0
  6
Continuous
 62
     7
370
    25
100
AcDbLine
 10
6.7281834342
 20
7.9965520716
 30
0.0
 11
6.6031834342
 21
7.9965520716
 31
0.0
  0
LINE
  5
19A
330
1F
100
AcDbEntity
  8
0
  6
Continuous
 62
     7
370
    25
100
AcDbLine
 10
6.7281834342
 20
7.7465497486
 30
0.0
 11
6.7281834342
 21
7.9965520716
 31
0.0
  0
LINE
  5
19B
330
1F
100
AcDbEntity
  8
0
  6
Continuous
 62
     7
370
    25
100
AcDbLine
 10
6.6031834342
 20
7.7465497486
 30
0.0
 11
6.7281834342
 21
7.7465497486
 31
0.0
  0
LINE
  5
19C
330
1F
100
AcDbEntity
  8
0
  6
Continuous
 62
     7
370
    25
100
AcDbLine
 10
6.6031834342
 20
7.3720851298
 30
0.0
 11
6.6031834342
 21
7.7465497486
 31
0.0
  0
LINE
  5
19D
330
1F
100
AcDbEntity
  8
0
  6
Continuous
 62
     7
370
    25
100
AcDbLine
 10
2.8531834342
 20
7.3720851298
 30
0.0
 11
6.6031834342
 21
7.3720851298
 31
0.0
  0
LINE
  5
19E
330
1F
100
AcDbEntity
  8
0
  6
Continuous
 62
     7
370
    25
100
AcDbLine
 10
2.8531834342
 20
7.7465497486
 30
0.0
 11
2.8531834342
 21
7.3720851298
 31
0.0
  0
LINE
  5
19F
330
1F
100
AcDbEntity
  8
0
  6
Continuous
 62
     7
370
    25
100
AcDbLine
 10
2.7281834342
 20
7.7465497486
 30
0.0
 11
2.8531834342
 21
7.7465497486
 31
0.0
  0
LINE
  5
1A0
330
1F
100
AcDbEntity
  8
0
  6
Continuous
 62
     7
370
    25
100
AcDbLine
 10
2.7281834342
 20
7.9965520716
 30
0.0
 11
2.7281834342
 21
7.7465497486
 31
0.0
  0
DIMENSION
  5
1A1
330
1F
100
AcDbEntity
  8
0
  6
Continuous
 62
     7
370
    18
100
AcDbDimension
  2
_D_18
 10
4.0259576637
 20
7.7465497486
 30
0.0
 11
4.0259576637
 21
8.1885467758
 31
0.0
 70
   160
  1
<>
 71
     2
 42
-1.0
  3
SLDDIMSTYLE2
100
AcDbAlignedDimension
 13
2.8531834342
 23
7.9965520716
 33
0.0
 14
2.8531834342
 24
7.7465497486
 34
0.0
 50
90.0
100
AcDbRotatedDimension
  0
DIMENSION
  5
1AD
330
1F
100
AcDbEntity
  8
0
  6
Continuous
 62
     7
370
    18
100
AcDbDimension
  2
_D_19
 10
2.8531834342
 20
7.5691598232
 30
0.0
 11
4.3748400412
 21
7.5691598232
 31
0.0
 70
   160
  1
<>
 71
     2
 42
-1.0
  3
SLDDIMSTYLE1
100
AcDbAlignedDimension
 13
2.7281834342
 23
7.7465497486
 33
0.0
 14
2.8531834342
 24
7.7465497486
 34
0.0
 50
0.0
100
AcDbRotatedDimension
  0
CIRCLE
  5
1B7
330
1F
100
AcDbEntity
  8
0
  6
Continuous
 62
     7
370
    25
100
AcDbCircle
 10
7.5741946675
 20
8.0628418709
 30
0.0
 40
0.1249999999999991
  0
LINE
  5
1B8
330
1F
100
AcDbEntity
  8
0
  6
Continuous
 62
     7
370
    25
100
AcDbLine
 10
7.6341541324
 20
7.3128418709
 30
0.0
 11
7.6341541324
 21
7.5628418709
 31
0.0
  0
LINE
  5
1B9
330
1F
100
AcDbEntity
  8
0
  6
Continuous
 62
     7
370
    25
100
AcDbLine
 10
7.6341541324
 20
7.5628418709
 30
0.0
 11
7.5171541324
 21
7.5628418709
 31
0.0
  0
LINE
  5
1BA
330
1F
100
AcDbEntity
  8
0
  6
Continuous
 62
     7
370
    25
100
AcDbLine
 10
7.5171541324
 20
7.5628418709
 30
0.0
 11
7.5171541324
 21
7.3128418709
 31
0.0
  0
LINE
  5
1BB
330
1F
100
AcDbEntity
  8
0
  6
Continuous
 62
     7
370
    25
100
AcDbLine
 10
7.3241946675
 20
7.3128418709
 30
0.0
 11
7.5171541324
 21
7.3128418709
 31
0.0
  0
LINE
  5
1BC
330
1F
100
AcDbEntity
  8
0
  6
Continuous
 62
     7
370
    25
100
AcDbLine
 10
7.3241946675
 20
8.0628418709
 30
0.0
 11
7.3241946675
 21
7.3128418709
 31
0.0
  0
ARC
  5
1BD
330
1F
100
AcDbEntity
  8
0
  6
Continuous
 62
     7
370
    25
100
AcDbCircle
 10
7.5741946675
 20
8.0628418709
 30
0.0
 40
0.25
100
AcDbArc
 50
90.0
 51
180.0
  0
ARC
  5
1BE
330
1F
100
AcDbEntity
  8
0
  6
Continuous
 62
     7
370
    25
100
AcDbCircle
 10
7.5741946675
 20
8.0628418709
 30
0.0
 40
0.25
100
AcDbArc
 50
0.0
 51
90.0
  0
LINE
  5
1BF
330
1F
100
AcDbEntity
  8
0
  6
Continuous
 62
     7
370
    25
100
AcDbLine
 10
7.8241946675
 20
7.3128418709
 30
0.0
 11
7.8241946675
 21
8.0628418709
 31
0.0
  0
LINE
  5
1C0
330
1F
100
AcDbEntity
  8
0
  6
Continuous
 62
     7
370
    25
100
AcDbLine
 10
7.6341541324
 20
7.3128418709
 30
0.0
 11
7.8241946675
 21
7.3128418709
 31
0.0
  0
INSERT
  5
1CC
330
1F
100
AcDbEntity
  8
0
  6
Continuous
 62
     7
370
     0
100
AcDbBlockReference
  2
SW_CENTERMARKSYMBOL_0
 10
7.5741946675
 20
8.0628418709
 30
0.0
  0
CIRCLE
  5
1CD
330
1F
100
AcDbEntity
  8
0
  6
Continuous
 62
     7
370
    25
100
AcDbCircle
 10
8.2456446817
 20
8.0603681489
 30
0.0
 40
0.1249999999999991
  0
LINE
  5
1CE
330
1F
100
AcDbEntity
  8
0
  6
Continuous
 62
     7
370
    25
100
AcDbLine
 10
8.3056041466
 20
7.3103681489
 30
0.0
 11
8.3056041466
 21
7.5603681489
 31
0.0
  0
LINE
  5
1CF
330
1F
100
AcDbEntity
  8
0
  6
Continuous
 62
     7
370
    25
100
AcDbLine
 10
8.3056041466
 20
7.5603681489
 30
0.0
 11
8.1886041466
 21
7.5603681489
 31
0.0
  0
LINE
  5
1D0
330
1F
100
AcDbEntity
  8
0
  6
Continuous
 62
     7
370
    25
100
AcDbLine
 10
8.1886041466
 20
7.5603681489
 30
0.0
 11
8.1886041466
 21
7.3103681489
 31
0.0
  0
LINE
  5
1D1
330
1F
100
AcDbEntity
  8
0
  6
Continuous
 62
     7
370
    25
100
AcDbLine
 10
7.9956446817
 20
7.3103681489
 30
0.0
 11
8.1886041466
 21
7.3103681489
 31
0.0
  0
LINE
  5
1D2
330
1F
100
AcDbEntity
  8
0
  6
Continuous
 62
     7
370
    25
100
AcDbLine
 10
7.9956446817
 20
8.0603681489
 30
0.0
 11
7.9956446817
 21
7.3103681489
 31
0.0
  0
ARC
  5
1D3
330
1F
100
AcDbEntity
  8
0
  6
Continuous
 62
     7
370
    25
100
AcDbCircle
 10
8.2456446817
 20
8.0603681489
 30
0.0
 40
0.25
100
AcDbArc
 50
90.0
 51
180.0
  0
ARC
  5
1D4
330
1F
100
AcDbEntity
  8
0
  6
Continuous
 62
     7
370
    25
100
AcDbCircle
 10
8.2456446817
 20
8.0603681489
 30
0.0
 40
0.25
100
AcDbArc
 50
0.0
 51
90.0
  0
LINE
  5
1D5
330
1F
100
AcDbEntity
  8
0
  6
Continuous
 62
     7
370
    25
100
AcDbLine
 10
8.4956446817
 20
7.3103681489
 30
0.0
 11
8.4956446817
 21
8.0603681489
 31
0.0
  0
LINE
  5
1D6
330
1F
100
AcDbEntity
  8
0
  6
Continuous
 62
     7
370
    25
100
AcDbLine
 10
8.3056041466
 20
7.3103681489
 30
0.0
 11
8.4956446817
 21
7.3103681489
 31
0.0
  0
INSERT
  5
1E2
330
1F
100
AcDbEntity
  8
0
  6
Continuous
 62
     7
370
     0
100
AcDbBlockReference
  2
SW_CENTERMARKSYMBOL_1
 10
8.2456446817
 20
8.0603681489
 30
0.0
  0
CIRCLE
  5
1E3
330
1F
100
AcDbEntity
  8
0
  6
Continuous
 62
     7
370
    25
100
AcDbCircle
 10
7.5798711388
 20
7.0032121468
 30
0.0
 40
0.125
  0
LINE
  5
1E4
330
1F
100
AcDbEntity
  8
0
  6
Continuous
 62
     7
370
    25
100
AcDbLine
 10
7.6398306037
 20
6.2532121468
 30
0.0
 11
7.6398306037
 21
6.5032121468
 31
0.0
  0
LINE
  5
1E5
330
1F
100
AcDbEntity
  8
0
  6
Continuous
 62
     7
370
    25
100
AcDbLine
 10
7.6398306037
 20
6.5032121468
 30
0.0
 11
7.5228306037
 21
6.5032121468
 31
0.0
  0
LINE
  5
1E6
330
1F
100
AcDbEntity
  8
0
  6
Continuous
 62
     7
370
    25
100
AcDbLine
 10
7.5228306037
 20
6.5032121468
 30
0.0
 11
7.5228306037
 21
6.2532121468
 31
0.0
  0
LINE
  5
1E7
330
1F
100
AcDbEntity
  8
0
  6
Continuous
 62
     7
370
    25
100
AcDbLine
 10
7.3298711388
 20
6.2532121468
 30
0.0
 11
7.5228306037
 21
6.2532121468
 31
0.0
  0
LINE
  5
1E8
330
1F
100
AcDbEntity
  8
0
  6
Continuous
 62
     7
370
    25
100
AcDbLine
 10
7.3298711388
 20
7.0032121468
 30
0.0
 11
7.3298711388
 21
6.2532121468
 31
0.0
  0
ARC
  5
1E9
330
1F
100
AcDbEntity
  8
0
  6
Continuous
 62
     7
370
    25
100
AcDbCircle
 10
7.5798711388
 20
7.0032121468
 30
0.0
 40
0.2499999999999991
100
AcDbArc
 50
90.0
 51
180.0
  0
ARC
  5
1EA
330
1F
100
AcDbEntity
  8
0
  6
Continuous
 62
     7
370
    25
100
AcDbCircle
 10
7.5798711388
 20
7.0032121468
 30
0.0
 40
0.25
100
AcDbArc
 50
0.0
 51
90.0
  0
LINE
  5
1EB
330
1F
100
AcDbEntity
  8
0
  6
Continuous
 62
     7
370
    25
100
AcDbLine
 10
7.8298711388
 20
6.2532121468
 30
0.0
 11
7.8298711388
 21
7.0032121468
 31
0.0
  0
LINE
  5
1EC
330
1F
100
AcDbEntity
  8
0
  6
Continuous
 62
     7
370
    25
100
AcDbLine
 10
7.6398306037
 20
6.2532121468
 30
0.0
 11
7.8298711388
 21
6.2532121468
 31
0.0
  0
INSERT
  5
1F8
330
1F
100
AcDbEntity
  8
0
  6
Continuous
 62
     7
370
     0
100
AcDbBlockReference
  2
SW_CENTERMARKSYMBOL_2
 10
7.5798711388
 20
7.0032121468
 30
0.0
  0
CIRCLE
  5
1F9
330
1F
100
AcDbEntity
  8
0
  6
Continuous
 62
     7
370
    25
100
AcDbCircle
 10
8.2232836571
 20
7.0032121468
 30
0.0
 40
0.1249999999999991
  0
LINE
  5
1FA
330
1F
100
AcDbEntity
  8
0
  6
Continuous
 62
     7
370
    25
100
AcDbLine
 10
8.283243122
 20
6.2532121468
 30
0.0
 11
8.283243122
 21
6.5032121468
 31
0.0
  0
LINE
  5
1FB
330
1F
100
AcDbEntity
  8
0
  6
Continuous
 62
     7
370
    25
100
AcDbLine
 10
8.283243122
 20
6.5032121468
 30
0.0
 11
8.166243122
 21
6.5032121468
 31
0.0
  0
LINE
  5
1FC
330
1F
100
AcDbEntity
  8
0
  6
Continuous
 62
     7
370
    25
100
AcDbLine
 10
8.166243122
 20
6.5032121468
 30
0.0
 11
8.166243122
 21
6.2532121468
 31
0.0
  0
LINE
  5
1FD
330
1F
100
AcDbEntity
  8
0
  6
Continuous
 62
     7
370
    25
100
AcDbLine
 10
7.9732836571
 20
6.2532121468
 30
0.0
 11
8.166243122
 21
6.2532121468
 31
0.0
  0
LINE
  5
1FE
330
1F
100
AcDbEntity
  8
0
  6
Continuous
 62
     7
370
    25
100
AcDbLine
 10
7.9732836571
 20
7.0032121468
 30
0.0
 11
7.9732836571
 21
6.2532121468
 31
0.0
  0
ARC
  5
1FF
330
1F
100
AcDbEntity
  8
0
  6
Continuous
 62
     7
370
    25
100
AcDbCircle
 10
8.2232836571
 20
7.0032121468
 30
0.0
 40
0.25
100
AcDbArc
 50
90.0
 51
180.0
  0
ARC
  5
200
330
1F
100
AcDbEntity
  8
0
  6
Continuous
 62
     7
370
    25
100
AcDbCircle
 10
8.2232836571
 20
7.0032121468
 30
0.0
 40
0.25
100
AcDbArc
 50
0.0
 51
90.0
  0
LINE
  5
201
330
1F
100
AcDbEntity
  8
0
  6
Continuous
 62
     7
370
    25
100
AcDbLine
 10
8.4732836571
 20
6.2532121468
 30
0.0
 11
8.4732836571
 21
7.0032121468
 31
0.0
  0
LINE
  5
202
330
1F
100
AcDbEntity
  8
0
  6
Continuous
 62
     7
370
    25
100
AcDbLine
 10
8.283243122
 20
6.2532121468
 30
0.0
 11
8.4732836571
 21
6.2532121468
 31
0.0
  0
INSERT
  5
20E
330
1F
100
AcDbEntity
  8
0
  6
Continuous
 62
     7
370
     0
100
AcDbBlockReference
  2
SW_CENTERMARKSYMBOL_3
 10
8.2232836571
 20
7.0032121468
 30
0.0
  0
CIRCLE
  5
20F
330
1F
100
AcDbEntity
  8
0
  6
Continuous
 62
     7
370
    25
100
AcDbCircle
 10
8.912982331
 20
8.0533645226
 30
0.0
 40
0.1249999999999991
  0
LINE
  5
210
330
1F
100
AcDbEntity
  8
0
  6
Continuous
 62
     7
370
    25
100
AcDbLine
 10
8.9729417959
 20
7.3033645226
 30
0.0
 11
8.9729417959
 21
7.5533645226
 31
0.0
  0
LINE
  5
211
330
1F
100
AcDbEntity
  8
0
  6
Continuous
 62
     7
370
    25
100
AcDbLine
 10
8.9729417959
 20
7.5533645226
 30
0.0
 11
8.8559417959
 21
7.5533645226
 31
0.0
  0
LINE
  5
212
330
1F
100
AcDbEntity
  8
0
  6
Continuous
 62
     7
370
    25
100
AcDbLine
 10
8.8559417959
 20
7.5533645226
 30
0.0
 11
8.8559417959
 21
7.3033645226
 31
0.0
  0
LINE
  5
213
330
1F
100
AcDbEntity
  8
0
  6
Continuous
 62
     7
370
    25
100
AcDbLine
 10
8.662982331
 20
7.3033645226
 30
0.0
 11
8.8559417959
 21
7.3033645226
 31
0.0
  0
LINE
  5
214
330
1F
100
AcDbEntity
  8
0
  6
Continuous
 62
     7
370
    25
100
AcDbLine
 10
8.662982331
 20
8.0533645226
 30
0.0
 11
8.662982331
 21
7.3033645226
 31
0.0
  0
ARC
  5
215
330
1F
100
AcDbEntity
  8
0
  6
Continuous
 62
     7
370
    25
100
AcDbCircle
 10
8.912982331
 20
8.0533645226
 30
0.0
 40
0.25
100
AcDbArc
 50
90.0
 51
180.0
  0
ARC
  5
216
330
1F
100
AcDbEntity
  8
0
  6
Continuous
 62
     7
370
    25
100
AcDbCircle
 10
8.912982331
 20
8.0533645226
 30
0.0
 40
0.25
100
AcDbArc
 50
0.0
 51
90.0
  0
LINE
  5
217
330
1F
100
AcDbEntity
  8
0
  6
Continuous
 62
     7
370
    25
100
AcDbLine
 10
9.162982331
 20
7.3033645226
 30
0.0
 11
9.162982331
 21
8.0533645226
 31
0.0
  0
LINE
  5
218
330
1F
100
AcDbEntity
  8
0
  6
Continuous
 62
     7
370
    25
100
AcDbLine
 10
8.9729417959
 20
7.3033645226
 30
0.0
 11
9.162982331
 21
7.3033645226
 31
0.0
  0
INSERT
  5
224
330
1F
100
AcDbEntity
  8
0
  6
Continuous
 62
     7
370
     0
100
AcDbBlockReference
  2
SW_CENTERMARKSYMBOL_4
 10
8.912982331
 20
8.0533645226
 30
0.0
  0
CIRCLE
  5
225
330
1F
100
AcDbEntity
  8
0
  6
Continuous
 62
     7
370
    25
100
AcDbCircle
 10
9.5989201678
 20
6.9795328664
 30
0.0
 40
0.1249999999999991
  0
LINE
  5
226
330
1F
100
AcDbEntity
  8
0
  6
Continuous
 62
     7
370
    25
100
AcDbLine
 10
9.6588796327
 20
6.2295328664
 30
0.0
 11
9.6588796327
 21
6.4795328664
 31
0.0
  0
LINE
  5
227
330
1F
100
AcDbEntity
  8
0
  6
Continuous
 62
     7
370
    25
100
AcDbLine
 10
9.6588796327
 20
6.4795328664
 30
0.0
 11
9.5418796327
 21
6.4795328664
 31
0.0
  0
LINE
  5
228
330
1F
100
AcDbEntity
  8
0
  6
Continuous
 62
     7
370
    25
100
AcDbLine
 10
9.5418796327
 20
6.4795328664
 30
0.0
 11
9.5418796327
 21
6.2295328664
 31
0.0
  0
LINE
  5
229
330
1F
100
AcDbEntity
  8
0
  6
Continuous
 62
     7
370
    25
100
AcDbLine
 10
9.3489201678
 20
6.2295328664
 30
0.0
 11
9.5418796327
 21
6.2295328664
 31
0.0
  0
LINE
  5
22A
330
1F
100
AcDbEntity
  8
0
  6
Continuous
 62
     7
370
    25
100
AcDbLine
 10
9.3489201678
 20
6.9795328664
 30
0.0
 11
9.3489201678
 21
6.2295328664
 31
0.0
  0
ARC
  5
22B
330
1F
100
AcDbEntity
  8
0
  6
Continuous
 62
     7
370
    25
100
AcDbCircle
 10
9.5989201678
 20
6.9795328664
 30
0.0
 40
0.25
100
AcDbArc
 50
90.0
 51
180.0
  0
ARC
  5
22C
330
1F
100
AcDbEntity
  8
0
  6
Continuous
 62
     7
370
    25
100
AcDbCircle
 10
9.5989201678
 20
6.9795328664
 30
0.0
 40
0.2500000000000018
100
AcDbArc
 50
0.0
 51
90.0
  0
LINE
  5
22D
330
1F
100
AcDbEntity
  8
0
  6
Continuous
 62
     7
370
    25
100
AcDbLine
 10
9.8489201678
 20
6.2295328664
 30
0.0
 11
9.8489201678
 21
6.9795328664
 31
0.0
  0
LINE
  5
22E
330
1F
100
AcDbEntity
  8
0
  6
Continuous
 62
     7
370
    25
100
AcDbLine
 10
9.6588796327
 20
6.2295328664
 30
0.0
 11
9.8489201678
 21
6.2295328664
 31
0.0
  0
INSERT
  5
23A
330
1F
100
AcDbEntity
  8
0
  6
Continuous
 62
     7
370
     0
100
AcDbBlockReference
  2
SW_CENTERMARKSYMBOL_5
 10
9.5989201678
 20
6.9795328664
 30
0.0
  0
CIRCLE
  5
23B
330
1F
100
AcDbEntity
  8
0
  6
Continuous
 62
     7
370
    25
100
AcDbCircle
 10
3.3205727129
 20
6.6264107112
 30
0.0
 40
0.125
  0
CIRCLE
  5
23C
330
1F
100
AcDbEntity
  8
0
  6
Continuous
 62
     7
370
    25
100
AcDbCircle
 10
3.3205727129
 20
6.6264107112
 30
0.0
 40
0.625
  0
INSERT
  5
248
330
1F
100
AcDbEntity
  8
0
  6
Continuous
 62
     7
370
    18
100
AcDbBlockReference
  2
SW_CENTERMARKSYMBOL_6
 10
3.3205727129
 20
6.6264107112
 30
0.0
  0
CIRCLE
  5
249
330
1F
100
AcDbEntity
  8
0
  6
Continuous
 62
     7
370
    25
100
AcDbCircle
 10
4.694894145
 20
6.6264107112
 30
0.0
 40
0.125
  0
CIRCLE
  5
24A
330
1F
100
AcDbEntity
  8
0
  6
Continuous
 62
     7
370
    25
100
AcDbCircle
 10
4.694894145
 20
6.6264107112
 30
0.0
 40
0.625
  0
INSERT
  5
256
330
1F
100
AcDbEntity
  8
0
  6
Continuous
 62
     7
370
     0
100
AcDbBlockReference
  2
SW_CENTERMARKSYMBOL_7
 10
4.694894145
 20
6.6264107112
 30
0.0
  0
CIRCLE
  5
257
330
1F
100
AcDbEntity
  8
0
  6
Continuous
 62
     7
370
    25
100
AcDbCircle
 10
6.0612485127
 20
6.6260866729
 30
0.0
 40
0.1250000000000009
  0
CIRCLE
  5
258
330
1F
100
AcDbEntity
  8
0
  6
Continuous
 62
     7
370
    25
100
AcDbCircle
 10
6.0612485127
 20
6.6260866729
 30
0.0
 40
0.625
  0
INSERT
  5
264
330
1F
100
AcDbEntity
  8
0
  6
Continuous
 62
     7
370
     0
100
AcDbBlockReference
  2
SW_CENTERMARKSYMBOL_8
 10
6.0612485127
 20
6.6260866729
 30
0.0
  0
CIRCLE
  5
265
330
1F
100
AcDbEntity
  8
0
  6
Continuous
 62
     7
370
    25
100
AcDbCircle
 10
9.6064609912
 20
8.0523274959
 30
0.0
 40
0.1249999999999991
  0
LINE
  5
266
330
1F
100
AcDbEntity
  8
0
  6
Continuous
 62
     7
370
    25
100
AcDbLine
 10
9.6664204561
 20
7.3023274959
 30
0.0
 11
9.6664204561
 21
7.5523274959
 31
0.0
  0
LINE
  5
267
330
1F
100
AcDbEntity
  8
0
  6
Continuous
 62
     7
370
    25
100
AcDbLine
 10
9.6664204561
 20
7.5523274959
 30
0.0
 11
9.5494204561
 21
7.5523274959
 31
0.0
  0
LINE
  5
268
330
1F
100
AcDbEntity
  8
0
  6
Continuous
 62
     7
370
    25
100
AcDbLine
 10
9.5494204561
 20
7.5523274959
 30
0.0
 11
9.5494204561
 21
7.3023274959
 31
0.0
  0
LINE
  5
269
330
1F
100
AcDbEntity
  8
0
  6
Continuous
 62
     7
370
    25
100
AcDbLine
 10
9.3564609912
 20
7.3023274959
 30
0.0
 11
9.5494204561
 21
7.3023274959
 31
0.0
  0
LINE
  5
26A
330
1F
100
AcDbEntity
  8
0
  6
Continuous
 62
     7
370
    25
100
AcDbLine
 10
9.3564609912
 20
8.0523274959
 30
0.0
 11
9.3564609912
 21
7.3023274959
 31
0.0
  0
ARC
  5
26B
330
1F
100
AcDbEntity
  8
0
  6
Continuous
 62
     7
370
    25
100
AcDbCircle
 10
9.6064609912
 20
8.0523274959
 30
0.0
 40
0.25
100
AcDbArc
 50
90.0
 51
180.0
  0
ARC
  5
26C
330
1F
100
AcDbEntity
  8
0
  6
Continuous
 62
     7
370
    25
100
AcDbCircle
 10
9.6064609912
 20
8.0523274959
 30
0.0
 40
0.2500000000000018
100
AcDbArc
 50
0.0
 51
90.0
  0
LINE
  5
26D
330
1F
100
AcDbEntity
  8
0
  6
Continuous
 62
     7
370
    25
100
AcDbLine
 10
9.8564609912
 20
7.3023274959
 30
0.0
 11
9.8564609912
 21
8.0523274959
 31
0.0
  0
LINE
  5
26E
330
1F
100
AcDbEntity
  8
0
  6
Continuous
 62
     7
370
    25
100
AcDbLine
 10
9.6664204561
 20
7.3023274959
 30
0.0
 11
9.8564609912
 21
7.3023274959
 31
0.0
  0
INSERT
  5
27A
330
1F
100
AcDbEntity
  8
0
  6
Continuous
 62
     7
370
     0
100
AcDbBlockReference
  2
SW_CENTERMARKSYMBOL_9
 10
9.6064609912
 20
8.0523274959
 30
0.0
  0
CIRCLE
  5
27B
330
1F
100
AcDbEntity
  8
0
  6
Continuous
 62
     7
370
    25
100
AcDbCircle
 10
8.9062319118
 20
5.9343045529
 30
0.0
 40
0.1249999999999991
  0
LINE
  5
27C
330
1F
100
AcDbEntity
  8
0
  6
Continuous
 62
     7
370
    25
100
AcDbLine
 10
8.9661913767
 20
5.1843045529
 30
0.0
 11
8.9661913767
 21
5.4343045529
 31
0.0
  0
LINE
  5
27D
330
1F
100
AcDbEntity
  8
0
  6
Continuous
 62
     7
370
    25
100
AcDbLine
 10
8.9661913767
 20
5.4343045529
 30
0.0
 11
8.8491913767
 21
5.4343045529
 31
0.0
  0
LINE
  5
27E
330
1F
100
AcDbEntity
  8
0
  6
Continuous
 62
     7
370
    25
100
AcDbLine
 10
8.8491913767
 20
5.4343045529
 30
0.0
 11
8.8491913767
 21
5.1843045529
 31
0.0
  0
LINE
  5
27F
330
1F
100
AcDbEntity
  8
0
  6
Continuous
 62
     7
370
    25
100
AcDbLine
 10
8.6562319118
 20
5.1843045529
 30
0.0
 11
8.8491913767
 21
5.1843045529
 31
0.0
  0
LINE
  5
280
330
1F
100
AcDbEntity
  8
0
  6
Continuous
 62
     7
370
    25
100
AcDbLine
 10
8.6562319118
 20
5.9343045529
 30
0.0
 11
8.6562319118
 21
5.1843045529
 31
0.0
  0
ARC
  5
281
330
1F
100
AcDbEntity
  8
0
  6
Continuous
 62
     7
370
    25
100
AcDbCircle
 10
8.9062319118
 20
5.9343045529
 30
0.0
 40
0.25
100
AcDbArc
 50
90.0
 51
180.0
  0
ARC
  5
282
330
1F
100
AcDbEntity
  8
0
  6
Continuous
 62
     7
370
    25
100
AcDbCircle
 10
8.9062319118
 20
5.9343045529
 30
0.0
 40
0.25
100
AcDbArc
 50
0.0
 51
90.0
  0
LINE
  5
283
330
1F
100
AcDbEntity
  8
0
  6
Continuous
 62
     7
370
    25
100
AcDbLine
 10
9.1562319118
 20
5.1843045529
 30
0.0
 11
9.1562319118
 21
5.9343045529
 31
0.0
  0
LINE
  5
284
330
1F
100
AcDbEntity
  8
0
  6
Continuous
 62
     7
370
    25
100
AcDbLine
 10
8.9661913767
 20
5.1843045529
 30
0.0
 11
9.1562319118
 21
5.1843045529
 31
0.0
  0
INSERT
  5
290
330
1F
100
AcDbEntity
  8
0
  6
Continuous
 62
     7
370
     0
100
AcDbBlockReference
  2
SW_CENTERMARKSYMBOL_10
 10
8.9062319118
 20
5.9343045529
 30
0.0
  0
CIRCLE
  5
291
330
1F
100
AcDbEntity
  8
0
  6
Continuous
 62
     7
370
    25
100
AcDbCircle
 10
8.9094583393
 20
6.9865434705
 30
0.0
 40
0.125
  0
LINE
  5
292
330
1F
100
AcDbEntity
  8
0
  6
Continuous
 62
     7
370
    25
100
AcDbLine
 10
8.9694178042
 20
6.2365434705
 30
0.0
 11
8.9694178042
 21
6.4865434705
 31
0.0
  0
LINE
  5
293
330
1F
100
AcDbEntity
  8
0
  6
Continuous
 62
     7
370
    25
100
AcDbLine
 10
8.9694178042
 20
6.4865434705
 30
0.0
 11
8.8524178042
 21
6.4865434705
 31
0.0
  0
LINE
  5
294
330
1F
100
AcDbEntity
  8
0
  6
Continuous
 62
     7
370
    25
100
AcDbLine
 10
8.8524178042
 20
6.4865434705
 30
0.0
 11
8.8524178042
 21
6.2365434705
 31
0.0
  0
LINE
  5
295
330
1F
100
AcDbEntity
  8
0
  6
Continuous
 62
     7
370
    25
100
AcDbLine
 10
8.6594583393
 20
6.2365434705
 30
0.0
 11
8.8524178042
 21
6.2365434705
 31
0.0
  0
LINE
  5
296
330
1F
100
AcDbEntity
  8
0
  6
Continuous
 62
     7
370
    25
100
AcDbLine
 10
8.6594583393
 20
6.9865434705
 30
0.0
 11
8.6594583393
 21
6.2365434705
 31
0.0
  0
ARC
  5
297
330
1F
100
AcDbEntity
  8
0
  6
Continuous
 62
     7
370
    25
100
AcDbCircle
 10
8.9094583393
 20
6.9865434705
 30
0.0
 40
0.25
100
AcDbArc
 50
90.0
 51
180.0
  0
ARC
  5
298
330
1F
100
AcDbEntity
  8
0
  6
Continuous
 62
     7
370
    25
100
AcDbCircle
 10
8.9094583393
 20
6.9865434705
 30
0.0
 40
0.25
100
AcDbArc
 50
0.0
 51
90.0
  0
LINE
  5
299
330
1F
100
AcDbEntity
  8
0
  6
Continuous
 62
     7
370
    25
100
AcDbLine
 10
9.1594583393
 20
6.2365434705
 30
0.0
 11
9.1594583393
 21
6.9865434705
 31
0.0
  0
LINE
  5
29A
330
1F
100
AcDbEntity
  8
0
  6
Continuous
 62
     7
370
    25
100
AcDbLine
 10
8.9694178042
 20
6.2365434705
 30
0.0
 11
9.1594583393
 21
6.2365434705
 31
0.0
  0
INSERT
  5
2A6
330
1F
100
AcDbEntity
  8
0
  6
Continuous
 62
     7
370
     0
100
AcDbBlockReference
  2
SW_CENTERMARKSYMBOL_11
 10
8.9094583393
 20
6.9865434705
 30
0.0
  0
CIRCLE
  5
2A7
330
1F
100
AcDbEntity
  8
0
  6
Continuous
 62
     7
370
    25
100
AcDbCircle
 10
9.6054540884
 20
4.8557641595
 30
0.0
 40
0.125
  0
LINE
  5
2A8
330
1F
100
AcDbEntity
  8
0
  6
Continuous
 62
     7
370
    25
100
AcDbLine
 10
9.6654135533
 20
4.1057641595
 30
0.0
 11
9.6654135533
 21
4.3557641595
 31
0.0
  0
LINE
  5
2A9
330
1F
100
AcDbEntity
  8
0
  6
Continuous
 62
     7
370
    25
100
AcDbLine
 10
9.6654135533
 20
4.3557641595
 30
0.0
 11
9.5484135533
 21
4.3557641595
 31
0.0
  0
LINE
  5
2AA
330
1F
100
AcDbEntity
  8
0
  6
Continuous
 62
     7
370
    25
100
AcDbLine
 10
9.5484135533
 20
4.3557641595
 30
0.0
 11
9.5484135533
 21
4.1057641595
 31
0.0
  0
LINE
  5
2AB
330
1F
100
AcDbEntity
  8
0
  6
Continuous
 62
     7
370
    25
100
AcDbLine
 10
9.3554540884
 20
4.1057641595
 30
0.0
 11
9.5484135533
 21
4.1057641595
 31
0.0
  0
LINE
  5
2AC
330
1F
100
AcDbEntity
  8
0
  6
Continuous
 62
     7
370
    25
100
AcDbLine
 10
9.3554540884
 20
4.8557641595
 30
0.0
 11
9.3554540884
 21
4.1057641595
 31
0.0
  0
ARC
  5
2AD
330
1F
100
AcDbEntity
  8
0
  6
Continuous
 62
     7
370
    25
100
AcDbCircle
 10
9.6054540884
 20
4.8557641595
 30
0.0
 40
0.25
100
AcDbArc
 50
90.0
 51
180.0
  0
ARC
  5
2AE
330
1F
100
AcDbEntity
  8
0
  6
Continuous
 62
     7
370
    25
100
AcDbCircle
 10
9.6054540884
 20
4.8557641595
 30
0.0
 40
0.25
100
AcDbArc
 50
0.0
 51
90.0
  0
LINE
  5
2AF
330
1F
100
AcDbEntity
  8
0
  6
Continuous
 62
     7
370
    25
100
AcDbLine
 10
9.8554540884
 20
4.1057641595
 30
0.0
 11
9.8554540884
 21
4.8557641595
 31
0.0
  0
LINE
  5
2B0
330
1F
100
AcDbEntity
  8
0
  6
Continuous
 62
     7
370
    25
100
AcDbLine
 10
9.6654135533
 20
4.1057641595
 30
0.0
 11
9.8554540884
 21
4.1057641595
 31
0.0
  0
DIMENSION
  5
2B1
330
1F
100
AcDbEntity
  8
0
  6
Continuous
 62
     7
370
    18
100
AcDbDimension
  2
_D_20
 10
9.8554540884
 20
3.4758428997
 30
0.0
 11
9.1713389633
 21
3.4758428997
 31
0.0
 70
   160
  1
<>
 71
     2
 42
-1.0
  3
SLDDIMSTYLE2
100
AcDbAlignedDimension
 13
9.6654135533
 23
4.1057641595
 33
0.0
 14
9.8554540884
 24
4.1057641595
 34
0.0
100
AcDbRotatedDimension
  0
INSERT
  5
2C7
330
1F
100
AcDbEntity
  8
0
  6
Continuous
 62
     7
370
     0
100
AcDbBlockReference
  2
SW_CENTERMARKSYMBOL_12
 10
9.6054540884
 20
4.8557641595
 30
0.0
  0
CIRCLE
  5
2C8
330
1F
100
AcDbEntity
  8
0
  6
Continuous
 62
     7
370
    25
100
AcDbCircle
 10
9.6023551406
 20
5.9072649785
 30
0.0
 40
0.1249999999999991
  0
LINE
  5
2C9
330
1F
100
AcDbEntity
  8
0
  6
Continuous
 62
     7
370
    25
100
AcDbLine
 10
9.6623146055
 20
5.1572649785
 30
0.0
 11
9.6623146055
 21
5.4072649785
 31
0.0
  0
LINE
  5
2CA
330
1F
100
AcDbEntity
  8
0
  6
Continuous
 62
     7
370
    25
100
AcDbLine
 10
9.6623146055
 20
5.4072649785
 30
0.0
 11
9.5453146055
 21
5.4072649785
 31
0.0
  0
LINE
  5
2CB
330
1F
100
AcDbEntity
  8
0
  6
Continuous
 62
     7
370
    25
100
AcDbLine
 10
9.5453146055
 20
5.4072649785
 30
0.0
 11
9.5453146055
 21
5.1572649785
 31
0.0
  0
LINE
  5
2CC
330
1F
100
AcDbEntity
  8
0
  6
Continuous
 62
     7
370
    25
100
AcDbLine
 10
9.3523551406
 20
5.1572649785
 30
0.0
 11
9.5453146055
 21
5.1572649785
 31
0.0
  0
LINE
  5
2CD
330
1F
100
AcDbEntity
  8
0
  6
Continuous
 62
     7
370
    25
100
AcDbLine
 10
9.3523551406
 20
5.9072649785
 30
0.0
 11
9.3523551406
 21
5.1572649785
 31
0.0
  0
ARC
  5
2CE
330
1F
100
AcDbEntity
  8
0
  6
Continuous
 62
     7
370
    25
100
AcDbCircle
 10
9.6023551406
 20
5.9072649785
 30
0.0
 40
0.25
100
AcDbArc
 50
90.0
 51
180.0
  0
ARC
  5
2CF
330
1F
100
AcDbEntity
  8
0
  6
Continuous
 62
     7
370
    25
100
AcDbCircle
 10
9.6023551406
 20
5.9072649785
 30
0.0
 40
0.25
100
AcDbArc
 50
0.0
 51
90.0
  0
LINE
  5
2D0
330
1F
100
AcDbEntity
  8
0
  6
Continuous
 62
     7
370
    25
100
AcDbLine
 10
9.8523551406
 20
5.1572649785
 30
0.0
 11
9.8523551406
 21
5.9072649785
 31
0.0
  0
LINE
  5
2D1
330
1F
100
AcDbEntity
  8
0
  6
Continuous
 62
     7
370
    25
100
AcDbLine
 10
9.6623146055
 20
5.1572649785
 30
0.0
 11
9.8523551406
 21
5.1572649785
 31
0.0
  0
INSERT
  5
2DD
330
1F
100
AcDbEntity
  8
0
  6
Continuous
 62
     7
370
     0
100
AcDbBlockReference
  2
SW_CENTERMARKSYMBOL_13
 10
9.6023551406
 20
5.9072649785
 30
0.0
  0
CIRCLE
  5
2DE
330
1F
100
AcDbEntity
  8
0
  6
Continuous
 62
     7
370
    25
100
AcDbCircle
 10
8.2049193542
 20
5.9424628341
 30
0.0
 40
0.1249999999999991
  0
LINE
  5
2DF
330
1F
100
AcDbEntity
  8
0
  6
Continuous
 62
     7
370
    25
100
AcDbLine
 10
8.2648788191
 20
5.1924628341
 30
0.0
 11
8.2648788191
 21
5.4424628341
 31
0.0
  0
LINE
  5
2E0
330
1F
100
AcDbEntity
  8
0
  6
Continuous
 62
     7
370
    25
100
AcDbLine
 10
8.2648788191
 20
5.4424628341
 30
0.0
 11
8.1478788191
 21
5.4424628341
 31
0.0
  0
LINE
  5
2E1
330
1F
100
AcDbEntity
  8
0
  6
Continuous
 62
     7
370
    25
100
AcDbLine
 10
8.1478788191
 20
5.4424628341
 30
0.0
 11
8.1478788191
 21
5.1924628341
 31
0.0
  0
LINE
  5
2E2
330
1F
100
AcDbEntity
  8
0
  6
Continuous
 62
     7
370
    25
100
AcDbLine
 10
7.9549193542
 20
5.1924628341
 30
0.0
 11
8.1478788191
 21
5.1924628341
 31
0.0
  0
LINE
  5
2E3
330
1F
100
AcDbEntity
  8
0
  6
Continuous
 62
     7
370
    25
100
AcDbLine
 10
7.9549193542
 20
5.9424628341
 30
0.0
 11
7.9549193542
 21
5.1924628341
 31
0.0
  0
ARC
  5
2E4
330
1F
100
AcDbEntity
  8
0
  6
Continuous
 62
     7
370
    25
100
AcDbCircle
 10
8.2049193542
 20
5.9424628341
 30
0.0
 40
0.25
100
AcDbArc
 50
90.0
 51
180.0
  0
ARC
  5
2E5
330
1F
100
AcDbEntity
  8
0
  6
Continuous
 62
     7
370
    25
100
AcDbCircle
 10
8.2049193542
 20
5.9424628341
 30
0.0
 40
0.25
100
AcDbArc
 50
0.0
 51
90.0
  0
LINE
  5
2E6
330
1F
100
AcDbEntity
  8
0
  6
Continuous
 62
     7
370
    25
100
AcDbLine
 10
8.4549193542
 20
5.1924628341
 30
0.0
 11
8.4549193542
 21
5.9424628341
 31
0.0
  0
LINE
  5
2E7
330
1F
100
AcDbEntity
  8
0
  6
Continuous
 62
     7
370
    25
100
AcDbLine
 10
8.2648788191
 20
5.1924628341
 30
0.0
 11
8.4549193542
 21
5.1924628341
 31
0.0
  0
INSERT
  5
2F3
330
1F
100
AcDbEntity
  8
0
  6
Continuous
 62
     7
370
     0
100
AcDbBlockReference
  2
SW_CENTERMARKSYMBOL_14
 10
8.2049193542
 20
5.9424628341
 30
0.0
  0
CIRCLE
  5
2F4
330
1F
100
AcDbEntity
  8
0
  6
Continuous
 62
     7
370
    25
100
AcDbCircle
 10
8.2043193112
 20
4.8532509672
 30
0.0
 40
0.125
  0
LINE
  5
2F5
330
1F
100
AcDbEntity
  8
0
  6
Continuous
 62
     7
370
    25
100
AcDbLine
 10
8.2642787761
 20
4.1032509672
 30
0.0
 11
8.2642787761
 21
4.3532509672
 31
0.0
  0
LINE
  5
2F6
330
1F
100
AcDbEntity
  8
0
  6
Continuous
 62
     7
370
    25
100
AcDbLine
 10
8.2642787761
 20
4.3532509672
 30
0.0
 11
8.1472787761
 21
4.3532509672
 31
0.0
  0
LINE
  5
2F7
330
1F
100
AcDbEntity
  8
0
  6
Continuous
 62
     7
370
    25
100
AcDbLine
 10
8.1472787761
 20
4.3532509672
 30
0.0
 11
8.1472787761
 21
4.1032509672
 31
0.0
  0
LINE
  5
2F8
330
1F
100
AcDbEntity
  8
0
  6
Continuous
 62
     7
370
    25
100
AcDbLine
 10
7.9543193112
 20
4.1032509672
 30
0.0
 11
8.1472787761
 21
4.1032509672
 31
0.0
  0
LINE
  5
2F9
330
1F
100
AcDbEntity
  8
0
  6
Continuous
 62
     7
370
    25
100
AcDbLine
 10
7.9543193112
 20
4.8532509672
 30
0.0
 11
7.9543193112
 21
4.1032509672
 31
0.0
  0
ARC
  5
2FA
330
1F
100
AcDbEntity
  8
0
  6
Continuous
 62
     7
370
    25
100
AcDbCircle
 10
8.2043193112
 20
4.8532509672
 30
0.0
 40
0.2500000000000009
100
AcDbArc
 50
90.0
 51
180.0
  0
ARC
  5
2FB
330
1F
100
AcDbEntity
  8
0
  6
Continuous
 62
     7
370
    25
100
AcDbCircle
 10
8.2043193112
 20
4.8532509672
 30
0.0
 40
0.2499999999999991
100
AcDbArc
 50
0.0
 51
90.0
  0
LINE
  5
2FC
330
1F
100
AcDbEntity
  8
0
  6
Continuous
 62
     7
370
    25
100
AcDbLine
 10
8.4543193112
 20
4.1032509672
 30
0.0
 11
8.4543193112
 21
4.8532509672
 31
0.0
  0
LINE
  5
2FD
330
1F
100
AcDbEntity
  8
0
  6
Continuous
 62
     7
370
    25
100
AcDbLine
 10
8.2642787761
 20
4.1032509672
 30
0.0
 11
8.4543193112
 21
4.1032509672
 31
0.0
  0
DIMENSION
  5
2FE
330
1F
100
AcDbEntity
  8
0
  6
Continuous
 62
     7
370
    18
100
AcDbDimension
  2
_D_21
 10
7.6201077144
 20
4.1032509672
 30
0.0
 11
7.6201077144
 21
3.8398925745
 31
0.0
 70
   160
  1
<>
 71
     2
 42
-1.0
  3
SLDDIMSTYLE2
100
AcDbAlignedDimension
 13
8.1472787761
 23
4.3532509672
 33
0.0
 14
7.9543193112
 24
4.1032509672
 34
0.0
 50
90.0
100
AcDbRotatedDimension
  0
DIMENSION
  5
30A
330
1F
100
AcDbEntity
  8
0
  6
Continuous
 62
     7
370
    18
100
AcDbDimension
  2
_D_22
 10
8.1472787761
 20
3.6074916727
 30
0.0
 11
7.3243980513
 21
3.6074916727
 31
0.0
 70
   160
  1
<>
 71
     2
 42
-1.0
  3
SLDDIMSTYLE1
100
AcDbAlignedDimension
 13
8.2642787761
 23
4.1032509672
 33
0.0
 14
8.1472787761
 24
4.1032509672
 34
0.0
100
AcDbRotatedDimension
  0
DIMENSION
  5
315
330
1F
100
AcDbEntity
  8
0
  6
Continuous
 62
     7
370
    18
100
AcDbDimension
  2
_D_23
 10
8.395854246
 20
4.6925824614
 30
0.0
 11
6.8859256891
 21
5.5348174036
 31
0.0
 70
   163
  1
<>
 71
     1
 42
-1.0
  3
SLDDIMSTYLE4
100
AcDbDiametricDimension
 15
8.0127843764
 25
5.013919473
 35
0.0
 40
0.0
  0
DIMENSION
  5
31F
330
1F
100
AcDbEntity
  8
0
  6
Continuous
 62
     7
370
    18
100
AcDbDimension
  2
_D_24
 10
8.3177663334
 20
4.8007650343
 30
0.0
 11
7.0316076974
 21
5.1617541512
 31
0.0
 70
   163
  1
<>
 71
     1
 42
-1.0
  3
SLDDIMSTYLE4
100
AcDbDiametricDimension
 15
8.090872289
 25
4.9057369001
 35
0.0
 40
0.0
  0
DIMENSION
  5
328
330
1F
100
AcDbEntity
  8
0
  6
Continuous
 62
     7
370
    18
100
AcDbDimension
  2
_D_25
 10
7.3243980513
 20
4.1032509672
 30
0.0
 11
7.3243980513
 21
4.5257890188
 31
0.0
 70
   160
  1
<>
 71
     2
 42
-1.0
  3
SLDDIMSTYLE3
100
AcDbAlignedDimension
 13
7.9543193112
 23
4.8532509672
 33
0.0
 14
7.9543193112
 24
4.1032509672
 34
0.0
 50
90.0
100
AcDbRotatedDimension
  0
INSERT
  5
33E
330
1F
100
AcDbEntity
  8
0
  6
Continuous
 62
     7
370
     0
100
AcDbBlockReference
  2
SW_CENTERMARKSYMBOL_15
 10
8.2043193112
 20
4.8532509672
 30
0.0
  0
CIRCLE
  5
33F
330
1F
100
AcDbEntity
  8
0
  6
Continuous
 62
     7
370
    25
100
AcDbCircle
 10
8.9216621856
 20
4.8352471877
 30
0.0
 40
0.125
  0
LINE
  5
340
330
1F
100
AcDbEntity
  8
0
  6
Continuous
 62
     7
370
    25
100
AcDbLine
 10
8.9816216505
 20
4.0852471877
 30
0.0
 11
8.9816216505
 21
4.3352471877
 31
0.0
  0
LINE
  5
341
330
1F
100
AcDbEntity
  8
0
  6
Continuous
 62
     7
370
    25
100
AcDbLine
 10
8.9816216505
 20
4.3352471877
 30
0.0
 11
8.8646216505
 21
4.3352471877
 31
0.0
  0
LINE
  5
342
330
1F
100
AcDbEntity
  8
0
  6
Continuous
 62
     7
370
    25
100
AcDbLine
 10
8.8646216505
 20
4.3352471877
 30
0.0
 11
8.8646216505
 21
4.0852471877
 31
0.0
  0
LINE
  5
343
330
1F
100
AcDbEntity
  8
0
  6
Continuous
 62
     7
370
    25
100
AcDbLine
 10
8.6716621856
 20
4.0852471877
 30
0.0
 11
8.8646216505
 21
4.0852471877
 31
0.0
  0
LINE
  5
344
330
1F
100
AcDbEntity
  8
0
  6
Continuous
 62
     7
370
    25
100
AcDbLine
 10
8.6716621856
 20
4.8352471877
 30
0.0
 11
8.6716621856
 21
4.0852471877
 31
0.0
  0
ARC
  5
345
330
1F
100
AcDbEntity
  8
0
  6
Continuous
 62
     7
370
    25
100
AcDbCircle
 10
8.9216621856
 20
4.8352471877
 30
0.0
 40
0.25
100
AcDbArc
 50
90.0
 51
180.0
  0
ARC
  5
346
330
1F
100
AcDbEntity
  8
0
  6
Continuous
 62
     7
370
    25
100
AcDbCircle
 10
8.9216621856
 20
4.8352471877
 30
0.0
 40
0.25
100
AcDbArc
 50
0.0
 51
90.0
  0
LINE
  5
347
330
1F
100
AcDbEntity
  8
0
  6
Continuous
 62
     7
370
    25
100
AcDbLine
 10
9.1716621856
 20
4.0852471877
 30
0.0
 11
9.1716621856
 21
4.8352471877
 31
0.0
  0
LINE
  5
348
330
1F
100
AcDbEntity
  8
0
  6
Continuous
 62
     7
370
    25
100
AcDbLine
 10
8.9816216505
 20
4.0852471877
 30
0.0
 11
9.1716621856
 21
4.0852471877
 31
0.0
  0
DIMENSION
  5
349
330
1F
100
AcDbEntity
  8
0
  6
Continuous
 62
     7
370
    18
100
AcDbDimension
  2
_D_26
 10
9.1716621856
 20
3.6915464003
 30
0.0
 11
8.9002634844
 21
3.6915464003
 31
0.0
 70
   160
  1
<>
 71
     2
 42
-1.0
  3
SLDDIMSTYLE2
100
AcDbAlignedDimension
 13
8.6716621856
 23
4.0852471877
 33
0.0
 14
9.1716621856
 24
4.0852471877
 34
0.0
100
AcDbRotatedDimension
  0
INSERT
  5
35F
330
1F
100
AcDbEntity
  8
0
  6
Continuous
 62
     7
370
     0
100
AcDbBlockReference
  2
SW_CENTERMARKSYMBOL_16
 10
8.9216621856
 20
4.8352471877
 30
0.0
  0
MTEXT
  5
361
330
1F
100
AcDbEntity
  8
0
  6
Continuous
 62
     7
100
AcDbMText
 10
0.0
 20
0.4101324111
 30
0.0
 40
0.14705
 41
0.0
 71
     1
 72
     1
  1
SOLIDWORKS Educational Product.
  7
SLDTEXTSTYLE1
 73
     1
 44
1.0
  0
MTEXT
  5
362
330
1F
100
AcDbEntity
  8
0
  6
Continuous
 62
     7
100
AcDbMText
 10
0.0
 20
0.1895574111
 30
0.0
 40
0.14705
 41
0.0
 71
     1
 72
     1
  1
For Instructional Use Only.
  7
SLDTEXTSTYLE1
 73
     1
 44
1.0
  0
VIEWPORT
  5
363
330
1B
100
AcDbEntity
 67
     1
  8
0
100
AcDbViewport
 10
5.0
 20
4.25
 30
0.0
 40
10.58
 41
8.993
 68
     1
 69
     1
 12
5.0
 22
4.25
 13
0.0
 23
0.0
 14
0.5
 24
0.5
 15
0.5
 25
0.5
 16
0.0
 26
0.0
 36
1.0
 17
0.0
 27
0.0
 37
0.0
 42
50.0
 43
0.0
 44
0.0
 45
8.993
 50
0.0
 51
0.0
 72
   100
 90
   557152
  1

281
     0
 71
     1
 74
     0
110
0.0
120
0.0
130
0.0
111
1.0
121
0.0
131
0.0
112
0.0
122
1.0
132
0.0
 79
     0
146
0.0
  0
LINE
  5
365
330
1B
100
AcDbEntity
 67
     1
  8
0
  6
Continuous
 62
     7
370
    25
100
AcDbLine
 10
0.2659443051
 20
8.3204189828
 30
0.0
 11
1.2659443051
 21
8.3204189828
 31
0.0
  0
LINE
  5
366
330
1B
100
AcDbEntity
 67
     1
  8
0
  6
Continuous
 62
     7
370
    25
100
AcDbLine
 10
0.8909443051
 20
2.4454189828
 30
0.0
 11
0.8909443051
 21
2.3204189828
 31
0.0
  0
LINE
  5
367
330
1B
100
AcDbEntity
 67
     1
  8
0
  6
Continuous
 62
     7
370
    25
100
AcDbLine
 10
0.6409443051
 20
2.4454189828
 30
0.0
 11
0.8909443051
 21
2.4454189828
 31
0.0
  0
LINE
  5
368
330
1B
100
AcDbEntity
 67
     1
  8
0
  6
Continuous
 62
     7
370
    25
100
AcDbLine
 10
0.6409443051
 20
2.3204189828
 30
0.0
 11
0.6409443051
 21
2.4454189828
 31
0.0
  0
CIRCLE
  5
369
330
1B
100
AcDbEntity
 67
     1
  8
0
  6
Continuous
 62
     7
370
    25
100
AcDbCircle
 10
0.7659443051
 20
2.8204189828
 30
0.0
 40
0.125
  0
CIRCLE
  5
36A
330
1B
100
AcDbEntity
 67
     1
  8
0
  6
Continuous
 62
     7
370
    25
100
AcDbCircle
 10
0.7659443051
 20
7.8204189828
 30
0.0
 40
0.125
  0
LINE
  5
36B
330
1B
100
AcDbEntity
 67
     1
  8
0
  6
Continuous
 62
     7
370
    25
100
AcDbLine
 10
0.8912792676
 20
6.1904189828
 30
0.0
 11
0.6412792676
 21
6.1904189828
 31
0.0
  0
LINE
  5
36C
330
1B
100
AcDbEntity
 67
     1
  8
0
  6
Continuous
 62
     7
370
    25
100
AcDbLine
 10
0.8912792676
 20
6.3154189828
 30
0.0
 11
0.8912792676
 21
6.1904189828
 31
0.0
  0
LINE
  5
36D
330
1B
100
AcDbEntity
 67
     1
  8
0
  6
Continuous
 62
     7
370
    25
100
AcDbLine
 10
0.6412792676
 20
6.3154189828
 30
0.0
 11
0.8912792676
 21
6.3154189828
 31
0.0
  0
LINE
  5
36E
330
1B
100
AcDbEntity
 67
     1
  8
0
  6
Continuous
 62
     7
370
    25
100
AcDbLine
 10
0.6412792676
 20
6.1904189828
 30
0.0
 11
0.6412792676
 21
6.3154189828
 31
0.0
  0
LINE
  5
36F
330
1B
100
AcDbEntity
 67
     1
  8
0
  6
Continuous
 62
     7
370
    25
100
AcDbLine
 10
0.2659443051
 20
2.3204189828
 30
0.0
 11
0.2659443051
 21
8.3204189828
 31
0.0
  0
LINE
  5
370
330
1B
100
AcDbEntity
 67
     1
  8
0
  6
Continuous
 62
     7
370
    25
100
AcDbLine
 10
1.2659443051
 20
2.3204189828
 30
0.0
 11
0.8909443051
 21
2.3204189828
 31
0.0
  0
LINE
  5
371
330
1B
100
AcDbEntity
 67
     1
  8
0
  6
Continuous
 62
     7
370
    25
100
AcDbLine
 10
1.2659443051
 20
8.3204189828
 30
0.0
 11
1.2659443051
 21
2.3204189828
 31
0.0
  0
LINE
  5
372
330
1B
100
AcDbEntity
 67
     1
  8
0
  6
Continuous
 62
     7
370
    25
100
AcDbLine
 10
0.6409443051
 20
2.3204189828
 30
0.0
 11
0.2659443051
 21
2.3204189828
 31
0.0
  0
DIMENSION
  5
373
330
1B
100
AcDbEntity
 67
     1
  8
0
  6
Continuous
 62
     7
370
    18
100
AcDbDimension
  2
_D_27
 10
0.6955840737
 20
2.7171018117
 30
0.0
 11
0.6922949967
 21
3.455122122
 31
0.0
 70
   163
  1
<>
 71
     1
 42
-1.0
  3
SLDDIMSTYLE0
100
AcDbDiametricDimension
 15
0.8363045365
 25
2.9237361539
 35
0.0
 40
0.0
  0
DIMENSION
  5
37C
330
1B
100
AcDbEntity
 67
     1
  8
0
  6
Continuous
 62
     7
370
    18
100
AcDbDimension
  2
_D_28
 10
0.6779738083
 20
7.9092232152
 30
0.0
 11
0.6407274296
 21
7.4361383009
 31
0.0
 70
   163
  1
<>
 71
     1
 42
-1.0
  3
SLDDIMSTYLE0
100
AcDbDiametricDimension
 15
0.8539148019
 25
7.7316147504
 35
0.0
 40
0.0
  0
DIMENSION
  5
385
330
1B
100
AcDbEntity
 67
     1
  8
0
  6
Continuous
 62
     7
370
    18
100
AcDbDimension
  2
_D_29
 10
0.9002790751
 20
2.4454189828
 30
0.0
 11
0.9002790751
 21
2.7491297866
 31
0.0
 70
   160
  1
<>
 71
     2
 42
-1.0
  3
SLDDIMSTYLE1
100
AcDbAlignedDimension
 13
0.6409443051
 23
2.3204189828
 33
0.0
 14
0.8909443051
 24
2.4454189828
 34
0.0
 50
90.0
100
AcDbRotatedDimension
  0
DIMENSION
  5
391
330
1B
100
AcDbEntity
 67
     1
  8
0
  6
Continuous
 62
     7
370
    18
100
AcDbDimension
  2
_D_30
 10
0.8909443051
 20
2.1684113266
 30
0.0
 11
0.2179201299
 21
2.1684113266
 31
0.0
 70
   160
  1
<>
 71
     2
 42
-1.0
  3
SLDDIMSTYLE2
100
AcDbAlignedDimension
 13
0.6409443051
 23
2.3204189828
 33
0.0
 14
0.8909443051
 24
2.3204189828
 34
0.0
100
AcDbRotatedDimension
  0
DIMENSION
  5
39C
330
1B
100
AcDbEntity
 67
     1
  8
0
  6
Continuous
 62
     7
370
    18
100
AcDbDimension
  2
_D_31
 10
1.2659443051
 20
4.1078688525
 30
0.0
 11
0.7563700234
 21
4.1078688525
 31
0.0
 70
   160
  1
<>
 71
     2
 42
-1.0
  3
SLDDIMSTYLE2
100
AcDbAlignedDimension
 13
0.2659443051
 23
2.3204189828
 33
0.0
 14
1.2659443051
 24
2.3204189828
 34
0.0
100
AcDbRotatedDimension
  0
DIMENSION
  5
3A5
330
1B
100
AcDbEntity
 67
     1
  8
0
  6
Continuous
 62
     7
370
    18
100
AcDbDimension
  2
_D_32
 10
0.6412792676
 20
5.346440281
 30
0.0
 11
1.934028103
 21
5.346440281
 31
0.0
 70
   160
  1
<>
 71
     2
 42
-1.0
  3
SLDDIMSTYLE2
100
AcDbAlignedDimension
 13
0.8912792676
 23
6.1904189828
 33
0.0
 14
0.6412792676
 24
6.1904189828
 34
0.0
100
AcDbRotatedDimension
  0
DIMENSION
  5
3B0
330
1B
100
AcDbEntity
 67
     1
  8
0
  6
Continuous
 62
     7
370
    18
100
AcDbDimension
  2
_D_33
 10
1.5037291489
 20
6.1904189828
 30
0.0
 11
1.5037291489
 21
6.7922728483
 31
0.0
 70
   160
  1
<>
 71
     2
 42
-1.0
  3
SLDDIMSTYLE1
100
AcDbAlignedDimension
 13
0.8912792676
 23
6.3154189828
 33
0.0
 14
0.8912792676
 24
6.1904189828
 34
0.0
 50
90.0
100
AcDbRotatedDimension
  0
DIMENSION
  5
3BC
330
1B
100
AcDbEntity
 67
     1
  8
0
  6
Continuous
 62
     7
370
    18
100
AcDbDimension
  2
_D_34
 10
0.4416510539
 20
8.3204189828
 30
0.0
 11
0.4416510539
 21
8.0266276347
 31
0.0
 70
   160
  1
<>
 71
     2
 42
-1.0
  3
SLDDIMSTYLE2
100
AcDbAlignedDimension
 13
0.7659443051
 23
7.8204189828
 33
0.0
 14
0.2659443051
 24
8.3204189828
 34
0.0
 50
90.0
100
AcDbRotatedDimension
  0
DIMENSION
  5
3C6
330
1B
100
AcDbEntity
 67
     1
  8
0
  6
Continuous
 62
     7
370
    18
100
AcDbDimension
  2
_D_35
 10
0.4416510539
 20
2.8204189828
 30
0.0
 11
0.4416510539
 21
2.6154918033
 31
0.0
 70
   160
  1
<>
 71
     2
 42
-1.0
  3
SLDDIMSTYLE2
100
AcDbAlignedDimension
 13
0.2659443051
 23
2.3204189828
 33
0.0
 14
0.7659443051
 24
2.8204189828
 34
0.0
 50
90.0
100
AcDbRotatedDimension
  0
LINE
  5
3D0
330
1B
100
AcDbEntity
 67
     1
  8
0
  6
Continuous
 62
     7
370
    25
100
AcDbLine
 10
9.3639731206
 20
0.5356235984
 30
0.0
 11
9.6139731206
 21
0.5356235984
 31
0.0
  0
LINE
  5
3D1
330
1B
100
AcDbEntity
 67
     1
  8
0
  6
Continuous
 62
     7
370
    25
100
AcDbLine
 10
9.6139731206
 20
0.6526235984
 30
0.0
 11
9.3639731206
 21
0.6526235984
 31
0.0
  0
LINE
  5
3D2
330
1B
100
AcDbEntity
 67
     1
  8
0
  6
Continuous
 62
     7
370
    25
100
AcDbLine
 10
9.3639731206
 20
0.6526235984
 30
0.0
 11
9.3639731206
 21
0.5356235984
 31
0.0
  0
LINE
  5
3D3
330
1B
100
AcDbEntity
 67
     1
  8
0
  6
Continuous
 62
     7
370
    25
100
AcDbLine
 10
0.8309731206
 20
0.6526235984
 30
0.0
 11
0.8309731206
 21
0.8441235984
 31
0.0
  0
LINE
  5
3D4
330
1B
100
AcDbEntity
 67
     1
  8
0
  6
Continuous
 62
     7
370
    25
100
AcDbLine
 10
0.8309731206
 20
0.8441235984
 30
0.0
 11
0.7139731206
 21
0.8441235984
 31
0.0
  0
LINE
  5
3D5
330
1B
100
AcDbEntity
 67
     1
  8
0
  6
Continuous
 62
     7
370
    25
100
AcDbLine
 10
0.7139731206
 20
0.8441235984
 30
0.0
 11
0.7139731206
 21
0.6526235984
 31
0.0
  0
LINE
  5
3D6
330
1B
100
AcDbEntity
 67
     1
  8
0
  6
Continuous
 62
     7
370
    25
100
AcDbLine
 10
0.7139731206
 20
0.6526235984
 30
0.0
 11
0.8309731206
 21
0.6526235984
 31
0.0
  0
LINE
  5
3D7
330
1B
100
AcDbEntity
 67
     1
  8
0
  6
Continuous
 62
     7
370
    25
100
AcDbLine
 10
1.5649731206
 20
0.3409538041
 30
0.0
 11
1.5649731206
 21
0.5356235984
 31
0.0
  0
LINE
  5
3D8
330
1B
100
AcDbEntity
 67
     1
  8
0
  6
Continuous
 62
     7
370
    25
100
AcDbLine
 10
1.5649731206
 20
0.5356235984
 30
0.0
 11
1.4479731206
 21
0.5356235984
 31
0.0
  0
LINE
  5
3D9
330
1B
100
AcDbEntity
 67
     1
  8
0
  6
Continuous
 62
     7
370
    25
100
AcDbLine
 10
1.4479731206
 20
0.5356235984
 30
0.0
 11
1.4479731206
 21
0.3409538041
 31
0.0
  0
LINE
  5
3DA
330
1B
100
AcDbEntity
 67
     1
  8
0
  6
Continuous
 62
     7
370
    25
100
AcDbLine
 10
1.4479731206
 20
0.3409538041
 30
0.0
 11
1.5649731206
 21
0.3409538041
 31
0.0
  0
LINE
  5
3DB
330
1B
100
AcDbEntity
 67
     1
  8
0
  6
Continuous
 62
     7
370
    25
100
AcDbLine
 10
1.9319731206
 20
0.6526235984
 30
0.0
 11
1.9319731206
 21
0.8441235984
 31
0.0
  0
LINE
  5
3DC
330
1B
100
AcDbEntity
 67
     1
  8
0
  6
Continuous
 62
     7
370
    25
100
AcDbLine
 10
1.9319731206
 20
0.8441235984
 30
0.0
 11
1.8149731206
 21
0.8441235984
 31
0.0
  0
LINE
  5
3DD
330
1B
100
AcDbEntity
 67
     1
  8
0
  6
Continuous
 62
     7
370
    25
100
AcDbLine
 10
1.8149731206
 20
0.8441235984
 30
0.0
 11
1.8149731206
 21
0.6526235984
 31
0.0
  0
LINE
  5
3DE
330
1B
100
AcDbEntity
 67
     1
  8
0
  6
Continuous
 62
     7
370
    25
100
AcDbLine
 10
1.8149731206
 20
0.6526235984
 30
0.0
 11
1.9319731206
 21
0.6526235984
 31
0.0
  0
LINE
  5
3DF
330
1B
100
AcDbEntity
 67
     1
  8
0
  6
Continuous
 62
     7
370
    25
100
AcDbLine
 10
1.9319731206
 20
0.3409538041
 30
0.0
 11
1.9319731206
 21
0.5356235984
 31
0.0
  0
LINE
  5
3E0
330
1B
100
AcDbEntity
 67
     1
  8
0
  6
Continuous
 62
     7
370
    25
100
AcDbLine
 10
1.9319731206
 20
0.5356235984
 30
0.0
 11
1.8149731206
 21
0.5356235984
 31
0.0
  0
LINE
  5
3E1
330
1B
100
AcDbEntity
 67
     1
  8
0
  6
Continuous
 62
     7
370
    25
100
AcDbLine
 10
1.8149731206
 20
0.5356235984
 30
0.0
 11
1.8149731206
 21
0.3409538041
 31
0.0
  0
LINE
  5
3E2
330
1B
100
AcDbEntity
 67
     1
  8
0
  6
Continuous
 62
     7
370
    25
100
AcDbLine
 10
1.8149731206
 20
0.3409538041
 30
0.0
 11
1.9319731206
 21
0.3409538041
 31
0.0
  0
LINE
  5
3E3
330
1B
100
AcDbEntity
 67
     1
  8
0
  6
Continuous
 62
     7
370
    25
100
AcDbLine
 10
0.8309731206
 20
0.3409538041
 30
0.0
 11
0.8309731206
 21
0.5356235984
 31
0.0
  0
LINE
  5
3E4
330
1B
100
AcDbEntity
 67
     1
  8
0
  6
Continuous
 62
     7
370
    25
100
AcDbLine
 10
0.8309731206
 20
0.5356235984
 30
0.0
 11
0.7139731206
 21
0.5356235984
 31
0.0
  0
LINE
  5
3E5
330
1B
100
AcDbEntity
 67
     1
  8
0
  6
Continuous
 62
     7
370
    25
100
AcDbLine
 10
0.7139731206
 20
0.5356235984
 30
0.0
 11
0.7139731206
 21
0.3409538041
 31
0.0
  0
LINE
  5
3E6
330
1B
100
AcDbEntity
 67
     1
  8
0
  6
Continuous
 62
     7
370
    25
100
AcDbLine
 10
0.7139731206
 20
0.3409538041
 30
0.0
 11
0.8309731206
 21
0.3409538041
 31
0.0
  0
LINE
  5
3E7
330
1B
100
AcDbEntity
 67
     1
  8
0
  6
Continuous
 62
     7
370
    25
100
AcDbLine
 10
1.1979731206
 20
0.6526235984
 30
0.0
 11
1.1979731206
 21
0.8441235984
 31
0.0
  0
LINE
  5
3E8
330
1B
100
AcDbEntity
 67
     1
  8
0
  6
Continuous
 62
     7
370
    25
100
AcDbLine
 10
1.1979731206
 20
0.8441235984
 30
0.0
 11
1.0809731206
 21
0.8441235984
 31
0.0
  0
LINE
  5
3E9
330
1B
100
AcDbEntity
 67
     1
  8
0
  6
Continuous
 62
     7
370
    25
100
AcDbLine
 10
1.0809731206
 20
0.8441235984
 30
0.0
 11
1.0809731206
 21
0.6526235984
 31
0.0
  0
LINE
  5
3EA
330
1B
100
AcDbEntity
 67
     1
  8
0
  6
Continuous
 62
     7
370
    25
100
AcDbLine
 10
1.0809731206
 20
0.6526235984
 30
0.0
 11
1.1979731206
 21
0.6526235984
 31
0.0
  0
LINE
  5
3EB
330
1B
100
AcDbEntity
 67
     1
  8
0
  6
Continuous
 62
     7
370
    25
100
AcDbLine
 10
1.1979731206
 20
0.3409538041
 30
0.0
 11
1.1979731206
 21
0.5356235984
 31
0.0
  0
LINE
  5
3EC
330
1B
100
AcDbEntity
 67
     1
  8
0
  6
Continuous
 62
     7
370
    25
100
AcDbLine
 10
1.1979731206
 20
0.5356235984
 30
0.0
 11
1.0809731206
 21
0.5356235984
 31
0.0
  0
LINE
  5
3ED
330
1B
100
AcDbEntity
 67
     1
  8
0
  6
Continuous
 62
     7
370
    25
100
AcDbLine
 10
1.0809731206
 20
0.5356235984
 30
0.0
 11
1.0809731206
 21
0.3409538041
 31
0.0
  0
LINE
  5
3EE
330
1B
100
AcDbEntity
 67
     1
  8
0
  6
Continuous
 62
     7
370
    25
100
AcDbLine
 10
1.0809731206
 20
0.3409538041
 30
0.0
 11
1.1979731206
 21
0.3409538041
 31
0.0
  0
LINE
  5
3EF
330
1B
100
AcDbEntity
 67
     1
  8
0
  6
Continuous
 62
     7
370
    25
100
AcDbLine
 10
1.5649731206
 20
0.6526235984
 30
0.0
 11
1.5649731206
 21
0.8441235984
 31
0.0
  0
LINE
  5
3F0
330
1B
100
AcDbEntity
 67
     1
  8
0
  6
Continuous
 62
     7
370
    25
100
AcDbLine
 10
1.5649731206
 20
0.8441235984
 30
0.0
 11
1.4479731206
 21
0.8441235984
 31
0.0
  0
LINE
  5
3F1
330
1B
100
AcDbEntity
 67
     1
  8
0
  6
Continuous
 62
     7
370
    25
100
AcDbLine
 10
1.4479731206
 20
0.8441235984
 30
0.0
 11
1.4479731206
 21
0.6526235984
 31
0.0
  0
LINE
  5
3F2
330
1B
100
AcDbEntity
 67
     1
  8
0
  6
Continuous
 62
     7
370
    25
100
AcDbLine
 10
1.4479731206
 20
0.6526235984
 30
0.0
 11
1.5649731206
 21
0.6526235984
 31
0.0
  0
LINE
  5
3F3
330
1B
100
AcDbEntity
 67
     1
  8
0
  6
Continuous
 62
     7
370
    25
100
AcDbLine
 10
0.6139731206
 20
0.2191235984
 30
0.0
 11
9.6139731206
 21
0.2191235984
 31
0.0
  0
LINE
  5
3F4
330
1B
100
AcDbEntity
 67
     1
  8
0
  6
Continuous
 62
     7
370
    25
100
AcDbLine
 10
0.6139731206
 20
0.9691235984
 30
0.0
 11
0.6139731206
 21
0.2191235984
 31
0.0
  0
LINE
  5
3F5
330
1B
100
AcDbEntity
 67
     1
  8
0
  6
Continuous
 62
     7
370
    25
100
AcDbLine
 10
9.6139731206
 20
0.9691235984
 30
0.0
 11
0.6139731206
 21
0.9691235984
 31
0.0
  0
LINE
  5
3F6
330
1B
100
AcDbEntity
 67
     1
  8
0
  6
Continuous
 62
     7
370
    25
100
AcDbLine
 10
9.6139731206
 20
0.2191235984
 30
0.0
 11
9.6139731206
 21
0.5356235984
 31
0.0
  0
LINE
  5
3F7
330
1B
100
AcDbEntity
 67
     1
  8
0
  6
Continuous
 62
     7
370
    25
100
AcDbLine
 10
9.6139731206
 20
0.6526235984
 30
0.0
 11
9.6139731206
 21
0.9691235984
 31
0.0
  0
DIMENSION
  5
3F8
330
1B
100
AcDbEntity
 67
     1
  8
0
  6
Continuous
 62
     7
370
    18
100
AcDbDimension
  2
_D_36
 10
1.8149731206
 20
0.8342744765
 30
0.0
 11
3.3879615826
 21
0.8342744765
 31
0.0
 70
   160
  1
<>
 71
     2
 42
-1.0
  3
SLDDIMSTYLE5
100
AcDbAlignedDimension
 13
1.9319731206
 23
0.8441235984
 33
0.0
 14
1.8149731206
 24
0.8441235984
 34
0.0
100
AcDbRotatedDimension
  0
DIMENSION
  5
402
330
1B
100
AcDbEntity
 67
     1
  8
0
  6
Continuous
 62
     7
370
    18
100
AcDbDimension
  2
_D_37
 10
3.3879615826
 20
0.5356235984
 30
0.0
 11
3.3879615826
 21
0.4320422597
 31
0.0
 70
   160
  1
<>
 71
     2
 42
-1.0
  3
SLDDIMSTYLE5
100
AcDbAlignedDimension
 13
1.9319731206
 23
0.3409538041
 33
0.0
 14
1.9319731206
 24
0.5356235984
 34
0.0
 50
90.0
100
AcDbRotatedDimension
  0
DIMENSION
  5
40D
330
1B
100
AcDbEntity
 67
     1
  8
0
  6
Continuous
 62
     7
370
    18
100
AcDbDimension
  2
_D_38
 10
7.0826948308
 20
0.5356235984
 30
0.0
 11
7.0826948308
 21
1.6360300515
 31
0.0
 70
   160
  1
<>
 71
     2
 42
-1.0
  3
SLDDIMSTYLE5
100
AcDbAlignedDimension
 13
0.7139731206
 23
0.6526235984
 33
0.0
 14
0.7139731206
 24
0.5356235984
 34
0.0
 50
90.0
100
AcDbRotatedDimension
  0
DIMENSION
  5
419
330
1B
100
AcDbEntity
 67
     1
  8
0
  6
Continuous
 62
     7
370
    18
100
AcDbDimension
  2
_D_39
 10
0.7139731206
 20
1.0236649002
 30
0.0
 11
0.2610297424
 21
1.0236649002
 31
0.0
 70
   160
  1
<>
 71
     2
 42
-1.0
  3
SLDDIMSTYLE6
100
AcDbAlignedDimension
 13
0.6139731206
 23
0.9691235984
 33
0.0
 14
0.7139731206
 24
0.5356235984
 34
0.0
100
AcDbRotatedDimension
  0
LINE
  5
425
330
1B
100
AcDbEntity
 67
     1
  8
0
  6
Continuous
 62
     7
370
    25
100
AcDbLine
 10
9.3724002576
 20
1.5212172588
 30
0.0
 11
9.6224002576
 21
1.5212172588
 31
0.0
  0
LINE
  5
426
330
1B
100
AcDbEntity
 67
     1
  8
0
  6
Continuous
 62
     7
370
    25
100
AcDbLine
 10
9.6224002576
 20
1.6382172588
 30
0.0
 11
9.3724002576
 21
1.6382172588
 31
0.0
  0
LINE
  5
427
330
1B
100
AcDbEntity
 67
     1
  8
0
  6
Continuous
 62
     7
370
    25
100
AcDbLine
 10
9.3724002576
 20
1.6382172588
 30
0.0
 11
9.3724002576
 21
1.5212172588
 31
0.0
  0
LINE
  5
428
330
1B
100
AcDbEntity
 67
     1
  8
0
  6
Continuous
 62
     7
370
    25
100
AcDbLine
 10
0.8394002576
 20
1.6382172588
 30
0.0
 11
0.8394002576
 21
1.8297172588
 31
0.0
  0
LINE
  5
429
330
1B
100
AcDbEntity
 67
     1
  8
0
  6
Continuous
 62
     7
370
    25
100
AcDbLine
 10
0.8394002576
 20
1.8297172588
 30
0.0
 11
0.7224002576
 21
1.8297172588
 31
0.0
  0
LINE
  5
42A
330
1B
100
AcDbEntity
 67
     1
  8
0
  6
Continuous
 62
     7
370
    25
100
AcDbLine
 10
0.7224002576
 20
1.8297172588
 30
0.0
 11
0.7224002576
 21
1.6382172588
 31
0.0
  0
LINE
  5
42B
330
1B
100
AcDbEntity
 67
     1
  8
0
  6
Continuous
 62
     7
370
    25
100
AcDbLine
 10
0.7224002576
 20
1.6382172588
 30
0.0
 11
0.8394002576
 21
1.6382172588
 31
0.0
  0
LINE
  5
42C
330
1B
100
AcDbEntity
 67
     1
  8
0
  6
Continuous
 62
     7
370
    25
100
AcDbLine
 10
1.5734002576
 20
1.3265474645
 30
0.0
 11
1.5734002576
 21
1.5212172588
 31
0.0
  0
LINE
  5
42D
330
1B
100
AcDbEntity
 67
     1
  8
0
  6
Continuous
 62
     7
370
    25
100
AcDbLine
 10
1.5734002576
 20
1.5212172588
 30
0.0
 11
1.4564002576
 21
1.5212172588
 31
0.0
  0
LINE
  5
42E
330
1B
100
AcDbEntity
 67
     1
  8
0
  6
Continuous
 62
     7
370
    25
100
AcDbLine
 10
1.4564002576
 20
1.5212172588
 30
0.0
 11
1.4564002576
 21
1.3265474645
 31
0.0
  0
LINE
  5
42F
330
1B
100
AcDbEntity
 67
     1
  8
0
  6
Continuous
 62
     7
370
    25
100
AcDbLine
 10
1.4564002576
 20
1.3265474645
 30
0.0
 11
1.5734002576
 21
1.3265474645
 31
0.0
  0
LINE
  5
430
330
1B
100
AcDbEntity
 67
     1
  8
0
  6
Continuous
 62
     7
370
    25
100
AcDbLine
 10
1.9404002576
 20
1.6382172588
 30
0.0
 11
1.9404002576
 21
1.8297172588
 31
0.0
  0
LINE
  5
431
330
1B
100
AcDbEntity
 67
     1
  8
0
  6
Continuous
 62
     7
370
    25
100
AcDbLine
 10
1.9404002576
 20
1.8297172588
 30
0.0
 11
1.8234002576
 21
1.8297172588
 31
0.0
  0
LINE
  5
432
330
1B
100
AcDbEntity
 67
     1
  8
0
  6
Continuous
 62
     7
370
    25
100
AcDbLine
 10
1.8234002576
 20
1.8297172588
 30
0.0
 11
1.8234002576
 21
1.6382172588
 31
0.0
  0
LINE
  5
433
330
1B
100
AcDbEntity
 67
     1
  8
0
  6
Continuous
 62
     7
370
    25
100
AcDbLine
 10
1.8234002576
 20
1.6382172588
 30
0.0
 11
1.9404002576
 21
1.6382172588
 31
0.0
  0
LINE
  5
434
330
1B
100
AcDbEntity
 67
     1
  8
0
  6
Continuous
 62
     7
370
    25
100
AcDbLine
 10
1.9404002576
 20
1.3265474645
 30
0.0
 11
1.9404002576
 21
1.5212172588
 31
0.0
  0
LINE
  5
435
330
1B
100
AcDbEntity
 67
     1
  8
0
  6
Continuous
 62
     7
370
    25
100
AcDbLine
 10
1.9404002576
 20
1.5212172588
 30
0.0
 11
1.8234002576
 21
1.5212172588
 31
0.0
  0
LINE
  5
436
330
1B
100
AcDbEntity
 67
     1
  8
0
  6
Continuous
 62
     7
370
    25
100
AcDbLine
 10
1.8234002576
 20
1.5212172588
 30
0.0
 11
1.8234002576
 21
1.3265474645
 31
0.0
  0
LINE
  5
437
330
1B
100
AcDbEntity
 67
     1
  8
0
  6
Continuous
 62
     7
370
    25
100
AcDbLine
 10
1.8234002576
 20
1.3265474645
 30
0.0
 11
1.9404002576
 21
1.3265474645
 31
0.0
  0
LINE
  5
438
330
1B
100
AcDbEntity
 67
     1
  8
0
  6
Continuous
 62
     7
370
    25
100
AcDbLine
 10
0.8394002576
 20
1.3265474645
 30
0.0
 11
0.8394002576
 21
1.5212172588
 31
0.0
  0
LINE
  5
439
330
1B
100
AcDbEntity
 67
     1
  8
0
  6
Continuous
 62
     7
370
    25
100
AcDbLine
 10
0.8394002576
 20
1.5212172588
 30
0.0
 11
0.7224002576
 21
1.5212172588
 31
0.0
  0
LINE
  5
43A
330
1B
100
AcDbEntity
 67
     1
  8
0
  6
Continuous
 62
     7
370
    25
100
AcDbLine
 10
0.7224002576
 20
1.5212172588
 30
0.0
 11
0.7224002576
 21
1.3265474645
 31
0.0
  0
LINE
  5
43B
330
1B
100
AcDbEntity
 67
     1
  8
0
  6
Continuous
 62
     7
370
    25
100
AcDbLine
 10
0.7224002576
 20
1.3265474645
 30
0.0
 11
0.8394002576
 21
1.3265474645
 31
0.0
  0
LINE
  5
43C
330
1B
100
AcDbEntity
 67
     1
  8
0
  6
Continuous
 62
     7
370
    25
100
AcDbLine
 10
1.2064002576
 20
1.6382172588
 30
0.0
 11
1.2064002576
 21
1.8297172588
 31
0.0
  0
LINE
  5
43D
330
1B
100
AcDbEntity
 67
     1
  8
0
  6
Continuous
 62
     7
370
    25
100
AcDbLine
 10
1.2064002576
 20
1.8297172588
 30
0.0
 11
1.0894002576
 21
1.8297172588
 31
0.0
  0
LINE
  5
43E
330
1B
100
AcDbEntity
 67
     1
  8
0
  6
Continuous
 62
     7
370
    25
100
AcDbLine
 10
1.0894002576
 20
1.8297172588
 30
0.0
 11
1.0894002576
 21
1.6382172588
 31
0.0
  0
LINE
  5
43F
330
1B
100
AcDbEntity
 67
     1
  8
0
  6
Continuous
 62
     7
370
    25
100
AcDbLine
 10
1.0894002576
 20
1.6382172588
 30
0.0
 11
1.2064002576
 21
1.6382172588
 31
0.0
  0
LINE
  5
440
330
1B
100
AcDbEntity
 67
     1
  8
0
  6
Continuous
 62
     7
370
    25
100
AcDbLine
 10
1.2064002576
 20
1.3265474645
 30
0.0
 11
1.2064002576
 21
1.5212172588
 31
0.0
  0
LINE
  5
441
330
1B
100
AcDbEntity
 67
     1
  8
0
  6
Continuous
 62
     7
370
    25
100
AcDbLine
 10
1.2064002576
 20
1.5212172588
 30
0.0
 11
1.0894002576
 21
1.5212172588
 31
0.0
  0
LINE
  5
442
330
1B
100
AcDbEntity
 67
     1
  8
0
  6
Continuous
 62
     7
370
    25
100
AcDbLine
 10
1.0894002576
 20
1.5212172588
 30
0.0
 11
1.0894002576
 21
1.3265474645
 31
0.0
  0
LINE
  5
443
330
1B
100
AcDbEntity
 67
     1
  8
0
  6
Continuous
 62
     7
370
    25
100
AcDbLine
 10
1.0894002576
 20
1.3265474645
 30
0.0
 11
1.2064002576
 21
1.3265474645
 31
0.0
  0
LINE
  5
444
330
1B
100
AcDbEntity
 67
     1
  8
0
  6
Continuous
 62
     7
370
    25
100
AcDbLine
 10
1.5734002576
 20
1.6382172588
 30
0.0
 11
1.5734002576
 21
1.8297172588
 31
0.0
  0
LINE
  5
445
330
1B
100
AcDbEntity
 67
     1
  8
0
  6
Continuous
 62
     7
370
    25
100
AcDbLine
 10
1.5734002576
 20
1.8297172588
 30
0.0
 11
1.4564002576
 21
1.8297172588
 31
0.0
  0
LINE
  5
446
330
1B
100
AcDbEntity
 67
     1
  8
0
  6
Continuous
 62
     7
370
    25
100
AcDbLine
 10
1.4564002576
 20
1.8297172588
 30
0.0
 11
1.4564002576
 21
1.6382172588
 31
0.0
  0
LINE
  5
447
330
1B
100
AcDbEntity
 67
     1
  8
0
  6
Continuous
 62
     7
370
    25
100
AcDbLine
 10
1.4564002576
 20
1.6382172588
 30
0.0
 11
1.5734002576
 21
1.6382172588
 31
0.0
  0
LINE
  5
448
330
1B
100
AcDbEntity
 67
     1
  8
0
  6
Continuous
 62
     7
370
    25
100
AcDbLine
 10
0.6224002576
 20
1.2047172588
 30
0.0
 11
9.6224002576
 21
1.2047172588
 31
0.0
  0
LINE
  5
449
330
1B
100
AcDbEntity
 67
     1
  8
0
  6
Continuous
 62
     7
370
    25
100
AcDbLine
 10
0.6224002576
 20
1.9547172588
 30
0.0
 11
0.6224002576
 21
1.2047172588
 31
0.0
  0
LINE
  5
44A
330
1B
100
AcDbEntity
 67
     1
  8
0
  6
Continuous
 62
     7
370
    25
100
AcDbLine
 10
9.6224002576
 20
1.9547172588
 30
0.0
 11
0.6224002576
 21
1.9547172588
 31
0.0
  0
LINE
  5
44B
330
1B
100
AcDbEntity
 67
     1
  8
0
  6
Continuous
 62
     7
370
    25
100
AcDbLine
 10
9.6224002576
 20
1.2047172588
 30
0.0
 11
9.6224002576
 21
1.5212172588
 31
0.0
  0
LINE
  5
44C
330
1B
100
AcDbEntity
 67
     1
  8
0
  6
Continuous
 62
     7
370
    25
100
AcDbLine
 10
9.6224002576
 20
1.6382172588
 30
0.0
 11
9.6224002576
 21
1.9547172588
 31
0.0
  0
DIMENSION
  5
44D
330
1B
100
AcDbEntity
 67
     1
  8
0
  6
Continuous
 62
     7
370
    18
100
AcDbDimension
  2
_D_40
 10
0.6224002576
 20
1.5815613821
 30
0.0
 11
5.8474223256
 21
1.5815613821
 31
0.0
 70
   160
  1
<>
 71
     2
 42
-1.0
  3
SLDDIMSTYLE3
100
AcDbAlignedDimension
 13
9.6224002576
 23
1.6382172588
 33
0.0
 14
0.6224002576
 24
1.9547172588
 34
0.0
 50
0.0
100
AcDbRotatedDimension
  0
DIMENSION
  5
457
330
1B
100
AcDbEntity
 67
     1
  8
0
  6
Continuous
 62
     7
370
    18
100
AcDbDimension
  2
_D_41
 10
3.7345832771
 20
1.9547172588
 30
0.0
 11
3.7345832771
 21
1.5861982616
 31
0.0
 70
   160
  1
<>
 71
     2
 42
-1.0
  3
SLDDIMSTYLE3
100
AcDbAlignedDimension
 13
0.6224002576
 23
1.2047172588
 33
0.0
 14
0.6224002576
 24
1.9547172588
 34
0.0
 50
90.0
100
AcDbRotatedDimension
  0
DIMENSION
  5
460
330
1B
100
AcDbEntity
 67
     1
  8
0
  6
Continuous
 62
     7
370
    18
100
AcDbDimension
  2
_D_42
 10
9.3724002576
 20
1.805970713
 30
0.0
 11
8.8439849632
 21
1.805970713
 31
0.0
 70
   160
  1
<>
 71
     2
 42
-1.0
  3
SLDDIMSTYLE2
100
AcDbAlignedDimension
 13
9.6224002576
 23
1.9547172588
 33
0.0
 14
9.3724002576
 24
1.6382172588
 34
0.0
100
AcDbRotatedDimension
  0
DIMENSION
  5
46A
330
1B
100
AcDbEntity
 67
     1
  8
0
  6
Continuous
 62
     7
370
    18
100
AcDbDimension
  2
_D_43
 10
8.2546874464
 20
1.5212172588
 30
0.0
 11
8.2546874464
 21
1.3842674496
 31
0.0
 70
   160
  1
<>
 71
     2
 42
-1.0
  3
SLDDIMSTYLE1
100
AcDbAlignedDimension
 13
9.3724002576
 23
1.6382172588
 33
0.0
 14
9.3724002576
 24
1.5212172588
 34
0.0
 50
90.0
100
AcDbRotatedDimension
  0
DIMENSION
  5
476
330
1B
100
AcDbEntity
 67
     1
  8
0
  6
Continuous
 62
     7
370
    18
100
AcDbDimension
  2
_D_44
 10
0.2980259893
 20
1.2047172588
 30
0.0
 11
0.2980259893
 21
1.5680322832
 31
0.0
 70
   160
  1
<>
 71
     2
 42
-1.0
  3
SLDDIMSTYLE7
100
AcDbAlignedDimension
 13
0.6224002576
 23
1.9547172588
 33
0.0
 14
0.6224002576
 24
1.2047172588
 34
0.0
 50
90.0
100
AcDbRotatedDimension
  0
LINE
  5
482
330
1B
100
AcDbEntity
 67
     1
  8
0
  6
Continuous
 62
     7
370
    25
100
AcDbLine
 10
1.5573023112
 20
8.3193854946
 30
0.0
 11
2.5573023112
 21
8.3193854946
 31
0.0
  0
LINE
  5
483
330
1B
100
AcDbEntity
 67
     1
  8
0
  6
Continuous
 62
     7
370
    25
100
AcDbLine
 10
2.1823023112
 20
2.4443854946
 30
0.0
 11
2.1823023112
 21
2.3193854946
 31
0.0
  0
LINE
  5
484
330
1B
100
AcDbEntity
 67
     1
  8
0
  6
Continuous
 62
     7
370
    25
100
AcDbLine
 10
1.9323023112
 20
2.4443854946
 30
0.0
 11
2.1823023112
 21
2.4443854946
 31
0.0
  0
LINE
  5
485
330
1B
100
AcDbEntity
 67
     1
  8
0
  6
Continuous
 62
     7
370
    25
100
AcDbLine
 10
1.9323023112
 20
2.3193854946
 30
0.0
 11
1.9323023112
 21
2.4443854946
 31
0.0
  0
CIRCLE
  5
486
330
1B
100
AcDbEntity
 67
     1
  8
0
  6
Continuous
 62
     7
370
    25
100
AcDbCircle
 10
2.0573023112
 20
2.8193854946
 30
0.0
 40
0.1249999999999996
  0
CIRCLE
  5
487
330
1B
100
AcDbEntity
 67
     1
  8
0
  6
Continuous
 62
     7
370
    25
100
AcDbCircle
 10
2.0573023112
 20
7.8193854946
 30
0.0
 40
0.125
  0
LINE
  5
488
330
1B
100
AcDbEntity
 67
     1
  8
0
  6
Continuous
 62
     7
370
    25
100
AcDbLine
 10
2.1826372737
 20
6.1893854946
 30
0.0
 11
1.9326372737
 21
6.1893854946
 31
0.0
  0
LINE
  5
489
330
1B
100
AcDbEntity
 67
     1
  8
0
  6
Continuous
 62
     7
370
    25
100
AcDbLine
 10
2.1826372737
 20
6.3143854946
 30
0.0
 11
2.1826372737
 21
6.1893854946
 31
0.0
  0
LINE
  5
48A
330
1B
100
AcDbEntity
 67
     1
  8
0
  6
Continuous
 62
     7
370
    25
100
AcDbLine
 10
1.9326372737
 20
6.3143854946
 30
0.0
 11
2.1826372737
 21
6.3143854946
 31
0.0
  0
LINE
  5
48B
330
1B
100
AcDbEntity
 67
     1
  8
0
  6
Continuous
 62
     7
370
    25
100
AcDbLine
 10
1.9326372737
 20
6.1893854946
 30
0.0
 11
1.9326372737
 21
6.3143854946
 31
0.0
  0
LINE
  5
48C
330
1B
100
AcDbEntity
 67
     1
  8
0
  6
Continuous
 62
     7
370
    25
100
AcDbLine
 10
1.5573023112
 20
2.3193854946
 30
0.0
 11
1.5573023112
 21
8.3193854946
 31
0.0
  0
LINE
  5
48D
330
1B
100
AcDbEntity
 67
     1
  8
0
  6
Continuous
 62
     7
370
    25
100
AcDbLine
 10
2.5573023112
 20
2.3193854946
 30
0.0
 11
2.1823023112
 21
2.3193854946
 31
0.0
  0
LINE
  5
48E
330
1B
100
AcDbEntity
 67
     1
  8
0
  6
Continuous
 62
     7
370
    25
100
AcDbLine
 10
2.5573023112
 20
8.3193854946
 30
0.0
 11
2.5573023112
 21
2.3193854946
 31
0.0
  0
LINE
  5
48F
330
1B
100
AcDbEntity
 67
     1
  8
0
  6
Continuous
 62
     7
370
    25
100
AcDbLine
 10
1.9323023112
 20
2.3193854946
 30
0.0
 11
1.5573023112
 21
2.3193854946
 31
0.0
  0
DIMENSION
  5
490
330
1B
100
AcDbEntity
 67
     1
  8
0
  6
Continuous
 62
     7
370
    18
100
AcDbDimension
  2
_D_45
 10
2.5573023112
 20
2.0548268217
 30
0.0
 11
2.0790935206
 21
2.0548268217
 31
0.0
 70
   160
  1
<>
 71
     2
 42
-1.0
  3
SLDDIMSTYLE2
100
AcDbAlignedDimension
 13
1.5573023112
 23
2.3193854946
 33
0.0
 14
2.5573023112
 24
2.3193854946
 34
0.0
100
AcDbRotatedDimension
  0
DIMENSION
  5
49B
330
1B
100
AcDbEntity
 67
     1
  8
0
  6
Continuous
 62
     7
370
    18
100
AcDbDimension
  2
_D_46
 10
2.2668679142
 20
2.3193854946
 30
0.0
 11
2.2668679142
 21
4.1125427707
 31
0.0
 70
   160
  1
<>
 71
     2
 42
-1.0
  3
SLDDIMSTYLE3
100
AcDbAlignedDimension
 13
2.5573023112
 23
8.3193854946
 33
0.0
 14
2.1823023112
 24
2.3193854946
 34
0.0
 50
90.0
100
AcDbRotatedDimension
  0
LINE
  5
4A4
330
1B
100
AcDbEntity
 67
     1
  8
0
  6
Continuous
 62
     7
370
    25
100
AcDbLine
 10
7.6828276319
 20
8.1772453724
 30
0.0
 11
7.6828276319
 21
8.3022453724
 31
0.0
  0
LINE
  5
4A5
330
1B
100
AcDbEntity
 67
     1
  8
0
  6
Continuous
 62
     7
370
    25
100
AcDbLine
 10
7.3072852817
 20
8.1772453724
 30
0.0
 11
7.6828276319
 21
8.1772453724
 31
0.0
  0
LINE
  5
4A6
330
1B
100
AcDbEntity
 67
     1
  8
0
  6
Continuous
 62
     7
370
    25
100
AcDbLine
 10
7.3072852817
 20
4.4272453724
 30
0.0
 11
7.3072852817
 21
8.1772453724
 31
0.0
  0
LINE
  5
4A7
330
1B
100
AcDbEntity
 67
     1
  8
0
  6
Continuous
 62
     7
370
    25
100
AcDbLine
 10
7.6828276319
 20
4.4272453724
 30
0.0
 11
7.3072852817
 21
4.4272453724
 31
0.0
  0
LINE
  5
4A8
330
1B
100
AcDbEntity
 67
     1
  8
0
  6
Continuous
 62
     7
370
    25
100
AcDbLine
 10
7.6828276319
 20
4.3022453724
 30
0.0
 11
7.6828276319
 21
4.4272453724
 31
0.0
  0
LINE
  5
4A9
330
1B
100
AcDbEntity
 67
     1
  8
0
  6
Continuous
 62
     7
370
    25
100
AcDbLine
 10
7.9328299549
 20
4.3022453724
 30
0.0
 11
7.6828276319
 21
4.3022453724
 31
0.0
  0
LINE
  5
4AA
330
1B
100
AcDbEntity
 67
     1
  8
0
  6
Continuous
 62
     7
370
    25
100
AcDbLine
 10
7.9328299549
 20
4.4272453724
 30
0.0
 11
7.9328299549
 21
4.3022453724
 31
0.0
  0
LINE
  5
4AB
330
1B
100
AcDbEntity
 67
     1
  8
0
  6
Continuous
 62
     7
370
    25
100
AcDbLine
 10
8.3072945737
 20
4.4272453724
 30
0.0
 11
7.9328299549
 21
4.4272453724
 31
0.0
  0
LINE
  5
4AC
330
1B
100
AcDbEntity
 67
     1
  8
0
  6
Continuous
 62
     7
370
    25
100
AcDbLine
 10
8.3072945737
 20
8.1772453724
 30
0.0
 11
8.3072945737
 21
4.4272453724
 31
0.0
  0
LINE
  5
4AD
330
1B
100
AcDbEntity
 67
     1
  8
0
  6
Continuous
 62
     7
370
    25
100
AcDbLine
 10
7.9328299549
 20
8.1772453724
 30
0.0
 11
8.3072945737
 21
8.1772453724
 31
0.0
  0
LINE
  5
4AE
330
1B
100
AcDbEntity
 67
     1
  8
0
  6
Continuous
 62
     7
370
    25
100
AcDbLine
 10
7.9328299549
 20
8.3022453724
 30
0.0
 11
7.9328299549
 21
8.1772453724
 31
0.0
  0
LINE
  5
4AF
330
1B
100
AcDbEntity
 67
     1
  8
0
  6
Continuous
 62
     7
370
    25
100
AcDbLine
 10
7.6828276319
 20
8.3022453724
 30
0.0
 11
7.9328299549
 21
8.3022453724
 31
0.0
  0
DIMENSION
  5
4B0
330
1B
100
AcDbEntity
 67
     1
  8
0
  6
Continuous
 62
     7
370
    18
100
AcDbDimension
  2
_D_47
 10
7.3072852817
 20
7.1670010807
 30
0.0
 11
7.6480131716
 21
7.1670010807
 31
0.0
 70
   160
  1
<>
 71
     2
 42
-1.0
  3
SLDDIMSTYLE8
100
AcDbAlignedDimension
 13
8.3072945737
 23
8.1772453724
 33
0.0
 14
7.3072852817
 24
8.1772453724
 34
0.0
 50
0.0
100
AcDbRotatedDimension
  0
DIMENSION
  5
4BA
330
1B
100
AcDbEntity
 67
     1
  8
0
  6
Continuous
 62
     7
370
    18
100
AcDbDimension
  2
_D_48
 10
7.7710877597
 20
4.3022453724
 30
0.0
 11
7.7710877597
 21
6.0224074116
 31
0.0
 70
   160
  1
<>
 71
     2
 42
-1.0
  3
SLDDIMSTYLE8
100
AcDbAlignedDimension
 13
7.6828276319
 23
8.3022453724
 33
0.0
 14
7.6828276319
 24
4.3022453724
 34
0.0
 50
90.0
100
AcDbRotatedDimension
  0
DIMENSION
  5
4C3
330
1B
100
AcDbEntity
 67
     1
  8
0
  6
Continuous
 62
     7
370
    18
100
AcDbDimension
  2
_D_49
 10
8.1033891475
 20
4.4272453724
 30
0.0
 11
8.1033891475
 21
5.7024134826
 31
0.0
 70
   160
  1
<>
 71
     2
 42
-1.0
  3
SLDDIMSTYLE7
100
AcDbAlignedDimension
 13
7.9328299549
 23
8.1772453724
 33
0.0
 14
7.9328299549
 24
4.4272453724
 34
0.0
 50
90.0
100
AcDbRotatedDimension
  0
LINE
  5
4CC
330
1B
100
AcDbEntity
 67
     1
  8
0
  6
Continuous
 62
     7
370
    25
100
AcDbLine
 10
3.0500897736
 20
7.8820787788
 30
0.0
 11
2.9250897736
 21
7.8820787788
 31
0.0
  0
LINE
  5
4CD
330
1B
100
AcDbEntity
 67
     1
  8
0
  6
Continuous
 62
     7
370
    25
100
AcDbLine
 10
3.0500897736
 20
8.2576211291
 30
0.0
 11
3.0500897736
 21
7.8820787788
 31
0.0
  0
LINE
  5
4CE
330
1B
100
AcDbEntity
 67
     1
  8
0
  6
Continuous
 62
     7
370
    25
100
AcDbLine
 10
6.8000897736
 20
8.2576211291
 30
0.0
 11
3.0500897736
 21
8.2576211291
 31
0.0
  0
LINE
  5
4CF
330
1B
100
AcDbEntity
 67
     1
  8
0
  6
Continuous
 62
     7
370
    25
100
AcDbLine
 10
6.8000897736
 20
7.8820787788
 30
0.0
 11
6.8000897736
 21
8.2576211291
 31
0.0
  0
LINE
  5
4D0
330
1B
100
AcDbEntity
 67
     1
  8
0
  6
Continuous
 62
     7
370
    25
100
AcDbLine
 10
6.9250897736
 20
7.8820787788
 30
0.0
 11
6.8000897736
 21
7.8820787788
 31
0.0
  0
LINE
  5
4D1
330
1B
100
AcDbEntity
 67
     1
  8
0
  6
Continuous
 62
     7
370
    25
100
AcDbLine
 10
6.9250897736
 20
7.6320764558
 30
0.0
 11
6.9250897736
 21
7.8820787788
 31
0.0
  0
LINE
  5
4D2
330
1B
100
AcDbEntity
 67
     1
  8
0
  6
Continuous
 62
     7
370
    25
100
AcDbLine
 10
6.8000897736
 20
7.6320764558
 30
0.0
 11
6.9250897736
 21
7.6320764558
 31
0.0
  0
LINE
  5
4D3
330
1B
100
AcDbEntity
 67
     1
  8
0
  6
Continuous
 62
     7
370
    25
100
AcDbLine
 10
6.8000897736
 20
7.2576118371
 30
0.0
 11
6.8000897736
 21
7.6320764558
 31
0.0
  0
LINE
  5
4D4
330
1B
100
AcDbEntity
 67
     1
  8
0
  6
Continuous
 62
     7
370
    25
100
AcDbLine
 10
3.0500897736
 20
7.2576118371
 30
0.0
 11
6.8000897736
 21
7.2576118371
 31
0.0
  0
LINE
  5
4D5
330
1B
100
AcDbEntity
 67
     1
  8
0
  6
Continuous
 62
     7
370
    25
100
AcDbLine
 10
3.0500897736
 20
7.6320764558
 30
0.0
 11
3.0500897736
 21
7.2576118371
 31
0.0
  0
LINE
  5
4D6
330
1B
100
AcDbEntity
 67
     1
  8
0
  6
Continuous
 62
     7
370
    25
100
AcDbLine
 10
2.9250897736
 20
7.6320764558
 30
0.0
 11
3.0500897736
 21
7.6320764558
 31
0.0
  0
LINE
  5
4D7
330
1B
100
AcDbEntity
 67
     1
  8
0
  6
Continuous
 62
     7
370
    25
100
AcDbLine
 10
2.9250897736
 20
7.8820787788
 30
0.0
 11
2.9250897736
 21
7.6320764558
 31
0.0
  0
DIMENSION
  5
4D8
330
1B
100
AcDbEntity
 67
     1
  8
0
  6
Continuous
 62
     7
370
    18
100
AcDbDimension
  2
_D_50
 10
4.2228640032
 20
7.6320764558
 30
0.0
 11
4.2228640032
 21
8.0740734831
 31
0.0
 70
   160
  1
<>
 71
     2
 42
-1.0
  3
SLDDIMSTYLE2
100
AcDbAlignedDimension
 13
3.0500897736
 23
7.8820787788
 33
0.0
 14
3.0500897736
 24
7.6320764558
 34
0.0
 50
90.0
100
AcDbRotatedDimension
  0
DIMENSION
  5
4E4
330
1B
100
AcDbEntity
 67
     1
  8
0
  6
Continuous
 62
     7
370
    18
100
AcDbDimension
  2
_D_51
 10
3.0500897736
 20
7.4546865304
 30
0.0
 11
4.5717463807
 21
7.4546865304
 31
0.0
 70
   160
  1
<>
 71
     2
 42
-1.0
  3
SLDDIMSTYLE1
100
AcDbAlignedDimension
 13
2.9250897736
 23
7.6320764558
 33
0.0
 14
3.0500897736
 24
7.6320764558
 34
0.0
 50
0.0
100
AcDbRotatedDimension
  0
CIRCLE
  5
4EE
330
1B
100
AcDbEntity
 67
     1
  8
0
  6
Continuous
 62
     7
370
    25
100
AcDbCircle
 10
6.8250839261
 20
2.3105231942
 30
0.0
 40
0.1249999999999991
  0
LINE
  5
4EF
330
1B
100
AcDbEntity
 67
     1
  8
0
  6
Continuous
 62
     7
370
    25
100
AcDbLine
 10
7.5750839261
 20
2.3704826591
 30
0.0
 11
7.3250839261
 21
2.3704826591
 31
0.0
  0
LINE
  5
4F0
330
1B
100
AcDbEntity
 67
     1
  8
0
  6
Continuous
 62
     7
370
    25
100
AcDbLine
 10
7.3250839261
 20
2.3704826591
 30
0.0
 11
7.3250839261
 21
2.2534826591
 31
0.0
  0
LINE
  5
4F1
330
1B
100
AcDbEntity
 67
     1
  8
0
  6
Continuous
 62
     7
370
    25
100
AcDbLine
 10
7.3250839261
 20
2.2534826591
 30
0.0
 11
7.5750839261
 21
2.2534826591
 31
0.0
  0
LINE
  5
4F2
330
1B
100
AcDbEntity
 67
     1
  8
0
  6
Continuous
 62
     7
370
    25
100
AcDbLine
 10
7.5750839261
 20
2.0605231942
 30
0.0
 11
7.5750839261
 21
2.2534826591
 31
0.0
  0
LINE
  5
4F3
330
1B
100
AcDbEntity
 67
     1
  8
0
  6
Continuous
 62
     7
370
    25
100
AcDbLine
 10
6.8250839261
 20
2.0605231942
 30
0.0
 11
7.5750839261
 21
2.0605231942
 31
0.0
  0
ARC
  5
4F4
330
1B
100
AcDbEntity
 67
     1
  8
0
  6
Continuous
 62
     7
370
    25
100
AcDbCircle
 10
6.8250839261
 20
2.3105231942
 30
0.0
 40
0.25
100
AcDbArc
 50
180.0
 51
270.0
  0
ARC
  5
4F5
330
1B
100
AcDbEntity
 67
     1
  8
0
  6
Continuous
 62
     7
370
    25
100
AcDbCircle
 10
6.8250839261
 20
2.3105231942
 30
0.0
 40
0.2500000000000004
100
AcDbArc
 50
90.0
 51
180.0
  0
LINE
  5
4F6
330
1B
100
AcDbEntity
 67
     1
  8
0
  6
Continuous
 62
     7
370
    25
100
AcDbLine
 10
7.5750839261
 20
2.5605231942
 30
0.0
 11
6.8250839261
 21
2.5605231942
 31
0.0
  0
LINE
  5
4F7
330
1B
100
AcDbEntity
 67
     1
  8
0
  6
Continuous
 62
     7
370
    25
100
AcDbLine
 10
7.5750839261
 20
2.3704826591
 30
0.0
 11
7.5750839261
 21
2.5605231942
 31
0.0
  0
INSERT
  5
503
330
1B
100
AcDbEntity
 67
     1
  8
0
  6
Continuous
 62
     7
370
     0
100
AcDbBlockReference
  2
SW_CENTERMARKSYMBOL_17
 10
6.8250839261
 20
2.3105231942
 30
0.0
  0
CIRCLE
  5
504
330
1B
100
AcDbEntity
 67
     1
  8
0
  6
Continuous
 62
     7
370
    25
100
AcDbCircle
 10
3.05521865
 20
2.3119027588
 30
0.0
 40
0.1250000000000004
  0
LINE
  5
505
330
1B
100
AcDbEntity
 67
     1
  8
0
  6
Continuous
 62
     7
370
    25
100
AcDbLine
 10
3.80521865
 20
2.3718622237
 30
0.0
 11
3.55521865
 21
2.3718622237
 31
0.0
  0
LINE
  5
506
330
1B
100
AcDbEntity
 67
     1
  8
0
  6
Continuous
 62
     7
370
    25
100
AcDbLine
 10
3.55521865
 20
2.3718622237
 30
0.0
 11
3.55521865
 21
2.2548622237
 31
0.0
  0
LINE
  5
507
330
1B
100
AcDbEntity
 67
     1
  8
0
  6
Continuous
 62
     7
370
    25
100
AcDbLine
 10
3.55521865
 20
2.2548622237
 30
0.0
 11
3.80521865
 21
2.2548622237
 31
0.0
  0
LINE
  5
508
330
1B
100
AcDbEntity
 67
     1
  8
0
  6
Continuous
 62
     7
370
    25
100
AcDbLine
 10
3.80521865
 20
2.0619027588
 30
0.0
 11
3.80521865
 21
2.2548622237
 31
0.0
  0
LINE
  5
509
330
1B
100
AcDbEntity
 67
     1
  8
0
  6
Continuous
 62
     7
370
    25
100
AcDbLine
 10
3.05521865
 20
2.0619027588
 30
0.0
 11
3.80521865
 21
2.0619027588
 31
0.0
  0
ARC
  5
50A
330
1B
100
AcDbEntity
 67
     1
  8
0
  6
Continuous
 62
     7
370
    25
100
AcDbCircle
 10
3.05521865
 20
2.3119027588
 30
0.0
 40
0.2500000000000004
100
AcDbArc
 50
180.0
 51
270.0
  0
ARC
  5
50B
330
1B
100
AcDbEntity
 67
     1
  8
0
  6
Continuous
 62
     7
370
    25
100
AcDbCircle
 10
3.05521865
 20
2.3119027588
 30
0.0
 40
0.2500000000000004
100
AcDbArc
 50
90.0
 51
180.0
  0
LINE
  5
50C
330
1B
100
AcDbEntity
 67
     1
  8
0
  6
Continuous
 62
     7
370
    25
100
AcDbLine
 10
3.80521865
 20
2.5619027588
 30
0.0
 11
3.05521865
 21
2.5619027588
 31
0.0
  0
LINE
  5
50D
330
1B
100
AcDbEntity
 67
     1
  8
0
  6
Continuous
 62
     7
370
    25
100
AcDbLine
 10
3.80521865
 20
2.3718622237
 30
0.0
 11
3.80521865
 21
2.5619027588
 31
0.0
  0
INSERT
  5
519
330
1B
100
AcDbEntity
 67
     1
  8
0
  6
Continuous
 62
     7
370
     0
100
AcDbBlockReference
  2
SW_CENTERMARKSYMBOL_18
 10
3.05521865
 20
2.3119027588
 30
0.0
  0
CIRCLE
  5
51A
330
1B
100
AcDbEntity
 67
     1
  8
0
  6
Continuous
 62
     7
370
    25
100
AcDbCircle
 10
8.8087213848
 20
4.449093436
 30
0.0
 40
0.125
  0
LINE
  5
51B
330
1B
100
AcDbEntity
 67
     1
  8
0
  6
Continuous
 62
     7
370
    25
100
AcDbLine
 10
8.8686808497
 20
3.699093436
 30
0.0
 11
8.8686808497
 21
3.949093436
 31
0.0
  0
LINE
  5
51C
330
1B
100
AcDbEntity
 67
     1
  8
0
  6
Continuous
 62
     7
370
    25
100
AcDbLine
 10
8.8686808497
 20
3.949093436
 30
0.0
 11
8.7516808497
 21
3.949093436
 31
0.0
  0
LINE
  5
51D
330
1B
100
AcDbEntity
 67
     1
  8
0
  6
Continuous
 62
     7
370
    25
100
AcDbLine
 10
8.7516808497
 20
3.949093436
 30
0.0
 11
8.7516808497
 21
3.699093436
 31
0.0
  0
LINE
  5
51E
330
1B
100
AcDbEntity
 67
     1
  8
0
  6
Continuous
 62
     7
370
    25
100
AcDbLine
 10
8.5587213848
 20
3.699093436
 30
0.0
 11
8.7516808497
 21
3.699093436
 31
0.0
  0
LINE
  5
51F
330
1B
100
AcDbEntity
 67
     1
  8
0
  6
Continuous
 62
     7
370
    25
100
AcDbLine
 10
8.5587213848
 20
4.449093436
 30
0.0
 11
8.5587213848
 21
3.699093436
 31
0.0
  0
ARC
  5
520
330
1B
100
AcDbEntity
 67
     1
  8
0
  6
Continuous
 62
     7
370
    25
100
AcDbCircle
 10
8.8087213848
 20
4.449093436
 30
0.0
 40
0.2500000000000009
100
AcDbArc
 50
90.0
 51
180.0
  0
ARC
  5
521
330
1B
100
AcDbEntity
 67
     1
  8
0
  6
Continuous
 62
     7
370
    25
100
AcDbCircle
 10
8.8087213848
 20
4.449093436
 30
0.0
 40
0.2500000000000009
100
AcDbArc
 50
0.0
 51
90.0
  0
LINE
  5
522
330
1B
100
AcDbEntity
 67
     1
  8
0
  6
Continuous
 62
     7
370
    25
100
AcDbLine
 10
9.0587213848
 20
3.699093436
 30
0.0
 11
9.0587213848
 21
4.449093436
 31
0.0
  0
LINE
  5
523
330
1B
100
AcDbEntity
 67
     1
  8
0
  6
Continuous
 62
     7
370
    25
100
AcDbLine
 10
8.8686808497
 20
3.699093436
 30
0.0
 11
9.0587213848
 21
3.699093436
 31
0.0
  0
INSERT
  5
52F
330
1B
100
AcDbEntity
 67
     1
  8
0
  6
Continuous
 62
     7
370
     0
100
AcDbBlockReference
  2
SW_CENTERMARKSYMBOL_19
 10
8.8087213848
 20
4.449093436
 30
0.0
  0
CIRCLE
  5
530
330
1B
100
AcDbEntity
 67
     1
  8
0
  6
Continuous
 62
     7
370
    25
100
AcDbCircle
 10
4.3005258826
 20
2.3254956729
 30
0.0
 40
0.1250000000000009
  0
LINE
  5
531
330
1B
100
AcDbEntity
 67
     1
  8
0
  6
Continuous
 62
     7
370
    25
100
AcDbLine
 10
5.0505258826
 20
2.3854551378
 30
0.0
 11
4.8005258826
 21
2.3854551378
 31
0.0
  0
LINE
  5
532
330
1B
100
AcDbEntity
 67
     1
  8
0
  6
Continuous
 62
     7
370
    25
100
AcDbLine
 10
4.8005258826
 20
2.3854551378
 30
0.0
 11
4.8005258826
 21
2.2684551378
 31
0.0
  0
LINE
  5
533
330
1B
100
AcDbEntity
 67
     1
  8
0
  6
Continuous
 62
     7
370
    25
100
AcDbLine
 10
4.8005258826
 20
2.2684551378
 30
0.0
 11
5.0505258826
 21
2.2684551378
 31
0.0
  0
LINE
  5
534
330
1B
100
AcDbEntity
 67
     1
  8
0
  6
Continuous
 62
     7
370
    25
100
AcDbLine
 10
5.0505258826
 20
2.0754956729
 30
0.0
 11
5.0505258826
 21
2.2684551378
 31
0.0
  0
LINE
  5
535
330
1B
100
AcDbEntity
 67
     1
  8
0
  6
Continuous
 62
     7
370
    25
100
AcDbLine
 10
4.3005258826
 20
2.0754956729
 30
0.0
 11
5.0505258826
 21
2.0754956729
 31
0.0
  0
ARC
  5
536
330
1B
100
AcDbEntity
 67
     1
  8
0
  6
Continuous
 62
     7
370
    25
100
AcDbCircle
 10
4.3005258826
 20
2.3254956729
 30
0.0
 40
0.2500000000000009
100
AcDbArc
 50
180.0
 51
270.0
  0
ARC
  5
537
330
1B
100
AcDbEntity
 67
     1
  8
0
  6
Continuous
 62
     7
370
    25
100
AcDbCircle
 10
4.3005258826
 20
2.3254956729
 30
0.0
 40
0.2500000000000009
100
AcDbArc
 50
90.0
 51
180.0
  0
LINE
  5
538
330
1B
100
AcDbEntity
 67
     1
  8
0
  6
Continuous
 62
     7
370
    25
100
AcDbLine
 10
5.0505258826
 20
2.5754956729
 30
0.0
 11
4.3005258826
 21
2.5754956729
 31
0.0
  0
LINE
  5
539
330
1B
100
AcDbEntity
 67
     1
  8
0
  6
Continuous
 62
     7
370
    25
100
AcDbLine
 10
5.0505258826
 20
2.3854551378
 30
0.0
 11
5.0505258826
 21
2.5754956729
 31
0.0
  0
INSERT
  5
545
330
1B
100
AcDbEntity
 67
     1
  8
0
  6
Continuous
 62
     7
370
     0
100
AcDbBlockReference
  2
SW_CENTERMARKSYMBOL_20
 10
4.3005258826
 20
2.3254956729
 30
0.0
  0
CIRCLE
  5
546
330
1B
100
AcDbEntity
 67
     1
  8
0
  6
Continuous
 62
     7
370
    25
100
AcDbCircle
 10
8.8125188103
 20
8.0659224627
 30
0.0
 40
0.1249999999999991
  0
LINE
  5
547
330
1B
100
AcDbEntity
 67
     1
  8
0
  6
Continuous
 62
     7
370
    25
100
AcDbLine
 10
8.8724782752
 20
7.3159224627
 30
0.0
 11
8.8724782752
 21
7.5659224627
 31
0.0
  0
LINE
  5
548
330
1B
100
AcDbEntity
 67
     1
  8
0
  6
Continuous
 62
     7
370
    25
100
AcDbLine
 10
8.8724782752
 20
7.5659224627
 30
0.0
 11
8.7554782752
 21
7.5659224627
 31
0.0
  0
LINE
  5
549
330
1B
100
AcDbEntity
 67
     1
  8
0
  6
Continuous
 62
     7
370
    25
100
AcDbLine
 10
8.7554782752
 20
7.5659224627
 30
0.0
 11
8.7554782752
 21
7.3159224627
 31
0.0
  0
LINE
  5
54A
330
1B
100
AcDbEntity
 67
     1
  8
0
  6
Continuous
 62
     7
370
    25
100
AcDbLine
 10
8.5625188103
 20
7.3159224627
 30
0.0
 11
8.7554782752
 21
7.3159224627
 31
0.0
  0
LINE
  5
54B
330
1B
100
AcDbEntity
 67
     1
  8
0
  6
Continuous
 62
     7
370
    25
100
AcDbLine
 10
8.5625188103
 20
8.0659224627
 30
0.0
 11
8.5625188103
 21
7.3159224627
 31
0.0
  0
ARC
  5
54C
330
1B
100
AcDbEntity
 67
     1
  8
0
  6
Continuous
 62
     7
370
    25
100
AcDbCircle
 10
8.8125188103
 20
8.0659224627
 30
0.0
 40
0.25
100
AcDbArc
 50
90.0
 51
180.0
  0
ARC
  5
54D
330
1B
100
AcDbEntity
 67
     1
  8
0
  6
Continuous
 62
     7
370
    25
100
AcDbCircle
 10
8.8125188103
 20
8.0659224627
 30
0.0
 40
0.25
100
AcDbArc
 50
0.0
 51
90.0
  0
LINE
  5
54E
330
1B
100
AcDbEntity
 67
     1
  8
0
  6
Continuous
 62
     7
370
    25
100
AcDbLine
 10
9.0625188103
 20
7.3159224627
 30
0.0
 11
9.0625188103
 21
8.0659224627
 31
0.0
  0
LINE
  5
54F
330
1B
100
AcDbEntity
 67
     1
  8
0
  6
Continuous
 62
     7
370
    25
100
AcDbLine
 10
8.8724782752
 20
7.3159224627
 30
0.0
 11
9.0625188103
 21
7.3159224627
 31
0.0
  0
INSERT
  5
55B
330
1B
100
AcDbEntity
 67
     1
  8
0
  6
Continuous
 62
     7
370
     0
100
AcDbBlockReference
  2
SW_CENTERMARKSYMBOL_21
 10
8.8125188103
 20
8.0659224627
 30
0.0
  0
CIRCLE
  5
55C
330
1B
100
AcDbEntity
 67
     1
  8
0
  6
Continuous
 62
     7
370
    25
100
AcDbCircle
 10
9.611220397
 20
6.8257800009
 30
0.0
 40
0.1249999999999991
  0
LINE
  5
55D
330
1B
100
AcDbEntity
 67
     1
  8
0
  6
Continuous
 62
     7
370
    25
100
AcDbLine
 10
9.6711798619
 20
6.0757800009
 30
0.0
 11
9.6711798619
 21
6.3257800009
 31
0.0
  0
LINE
  5
55E
330
1B
100
AcDbEntity
 67
     1
  8
0
  6
Continuous
 62
     7
370
    25
100
AcDbLine
 10
9.6711798619
 20
6.3257800009
 30
0.0
 11
9.5541798619
 21
6.3257800009
 31
0.0
  0
LINE
  5
55F
330
1B
100
AcDbEntity
 67
     1
  8
0
  6
Continuous
 62
     7
370
    25
100
AcDbLine
 10
9.5541798619
 20
6.3257800009
 30
0.0
 11
9.5541798619
 21
6.0757800009
 31
0.0
  0
LINE
  5
560
330
1B
100
AcDbEntity
 67
     1
  8
0
  6
Continuous
 62
     7
370
    25
100
AcDbLine
 10
9.361220397
 20
6.0757800009
 30
0.0
 11
9.5541798619
 21
6.0757800009
 31
0.0
  0
LINE
  5
561
330
1B
100
AcDbEntity
 67
     1
  8
0
  6
Continuous
 62
     7
370
    25
100
AcDbLine
 10
9.361220397
 20
6.8257800009
 30
0.0
 11
9.361220397
 21
6.0757800009
 31
0.0
  0
ARC
  5
562
330
1B
100
AcDbEntity
 67
     1
  8
0
  6
Continuous
 62
     7
370
    25
100
AcDbCircle
 10
9.611220397
 20
6.8257800009
 30
0.0
 40
0.25
100
AcDbArc
 50
90.0
 51
180.0
  0
ARC
  5
563
330
1B
100
AcDbEntity
 67
     1
  8
0
  6
Continuous
 62
     7
370
    25
100
AcDbCircle
 10
9.611220397
 20
6.8257800009
 30
0.0
 40
0.25
100
AcDbArc
 50
0.0
 51
90.0
  0
LINE
  5
564
330
1B
100
AcDbEntity
 67
     1
  8
0
  6
Continuous
 62
     7
370
    25
100
AcDbLine
 10
9.861220397
 20
6.0757800009
 30
0.0
 11
9.861220397
 21
6.8257800009
 31
0.0
  0
LINE
  5
565
330
1B
100
AcDbEntity
 67
     1
  8
0
  6
Continuous
 62
     7
370
    25
100
AcDbLine
 10
9.6711798619
 20
6.0757800009
 30
0.0
 11
9.861220397
 21
6.0757800009
 31
0.0
  0
INSERT
  5
571
330
1B
100
AcDbEntity
 67
     1
  8
0
  6
Continuous
 62
     7
370
     0
100
AcDbBlockReference
  2
SW_CENTERMARKSYMBOL_22
 10
9.611220397
 20
6.8257800009
 30
0.0
  0
CIRCLE
  5
572
330
1B
100
AcDbEntity
 67
     1
  8
0
  6
Continuous
 62
     7
370
    25
100
AcDbCircle
 10
3.5022353788
 20
6.4166580265
 30
0.0
 40
0.125
  0
CIRCLE
  5
573
330
1B
100
AcDbEntity
 67
     1
  8
0
  6
Continuous
 62
     7
370
    25
100
AcDbCircle
 10
3.5022353788
 20
6.4166580265
 30
0.0
 40
0.625
  0
INSERT
  5
57F
330
1B
100
AcDbEntity
 67
     1
  8
0
  6
Continuous
 62
     7
370
     0
100
AcDbBlockReference
  2
SW_CENTERMARKSYMBOL_23
 10
3.5022353788
 20
6.4166580265
 30
0.0
  0
CIRCLE
  5
580
330
1B
100
AcDbEntity
 67
     1
  8
0
  6
Continuous
 62
     7
370
    25
100
AcDbCircle
 10
4.9544315245
 20
6.4060387474
 30
0.0
 40
0.125
  0
CIRCLE
  5
581
330
1B
100
AcDbEntity
 67
     1
  8
0
  6
Continuous
 62
     7
370
    25
100
AcDbCircle
 10
4.9544315245
 20
6.4060387474
 30
0.0
 40
0.625
  0
INSERT
  5
58D
330
1B
100
AcDbEntity
 67
     1
  8
0
  6
Continuous
 62
     7
370
     0
100
AcDbBlockReference
  2
SW_CENTERMARKSYMBOL_24
 10
4.9544315245
 20
6.4060387474
 30
0.0
  0
CIRCLE
  5
58E
330
1B
100
AcDbEntity
 67
     1
  8
0
  6
Continuous
 62
     7
370
    25
100
AcDbCircle
 10
6.4087005885
 20
6.4142225829
 30
0.0
 40
0.1250000000000009
  0
CIRCLE
  5
58F
330
1B
100
AcDbEntity
 67
     1
  8
0
  6
Continuous
 62
     7
370
    25
100
AcDbCircle
 10
6.4087005885
 20
6.4142225829
 30
0.0
 40
0.625
  0
INSERT
  5
59B
330
1B
100
AcDbEntity
 67
     1
  8
0
  6
Continuous
 62
     7
370
     0
100
AcDbBlockReference
  2
SW_CENTERMARKSYMBOL_25
 10
6.4087005885
 20
6.4142225829
 30
0.0
  0
CIRCLE
  5
59C
330
1B
100
AcDbEntity
 67
     1
  8
0
  6
Continuous
 62
     7
370
    25
100
AcDbCircle
 10
9.6064609912
 20
8.0523274959
 30
0.0
 40
0.125
  0
LINE
  5
59D
330
1B
100
AcDbEntity
 67
     1
  8
0
  6
Continuous
 62
     7
370
    25
100
AcDbLine
 10
9.6664204561
 20
7.3023274959
 30
0.0
 11
9.6664204561
 21
7.5523274959
 31
0.0
  0
LINE
  5
59E
330
1B
100
AcDbEntity
 67
     1
  8
0
  6
Continuous
 62
     7
370
    25
100
AcDbLine
 10
9.6664204561
 20
7.5523274959
 30
0.0
 11
9.5494204561
 21
7.5523274959
 31
0.0
  0
LINE
  5
59F
330
1B
100
AcDbEntity
 67
     1
  8
0
  6
Continuous
 62
     7
370
    25
100
AcDbLine
 10
9.5494204561
 20
7.5523274959
 30
0.0
 11
9.5494204561
 21
7.3023274959
 31
0.0
  0
LINE
  5
5A0
330
1B
100
AcDbEntity
 67
     1
  8
0
  6
Continuous
 62
     7
370
    25
100
AcDbLine
 10
9.3564609912
 20
7.3023274959
 30
0.0
 11
9.5494204561
 21
7.3023274959
 31
0.0
  0
LINE
  5
5A1
330
1B
100
AcDbEntity
 67
     1
  8
0
  6
Continuous
 62
     7
370
    25
100
AcDbLine
 10
9.3564609912
 20
8.0523274959
 30
0.0
 11
9.3564609912
 21
7.3023274959
 31
0.0
  0
ARC
  5
5A2
330
1B
100
AcDbEntity
 67
     1
  8
0
  6
Continuous
 62
     7
370
    25
100
AcDbCircle
 10
9.6064609912
 20
8.0523274959
 30
0.0
 40
0.25
100
AcDbArc
 50
90.0
 51
180.0
  0
ARC
  5
5A3
330
1B
100
AcDbEntity
 67
     1
  8
0
  6
Continuous
 62
     7
370
    25
100
AcDbCircle
 10
9.6064609912
 20
8.0523274959
 30
0.0
 40
0.2500000000000018
100
AcDbArc
 50
0.0
 51
90.0
  0
LINE
  5
5A4
330
1B
100
AcDbEntity
 67
     1
  8
0
  6
Continuous
 62
     7
370
    25
100
AcDbLine
 10
9.8564609912
 20
7.3023274959
 30
0.0
 11
9.8564609912
 21
8.0523274959
 31
0.0
  0
LINE
  5
5A5
330
1B
100
AcDbEntity
 67
     1
  8
0
  6
Continuous
 62
     7
370
    25
100
AcDbLine
 10
9.6664204561
 20
7.3023274959
 30
0.0
 11
9.8564609912
 21
7.3023274959
 31
0.0
  0
INSERT
  5
5B1
330
1B
100
AcDbEntity
 67
     1
  8
0
  6
Continuous
 62
     7
370
     0
100
AcDbBlockReference
  2
SW_CENTERMARKSYMBOL_26
 10
9.6064609912
 20
8.0523274959
 30
0.0
  0
CIRCLE
  5
5B2
330
1B
100
AcDbEntity
 67
     1
  8
0
  6
Continuous
 62
     7
370
    25
100
AcDbCircle
 10
8.8124887553
 20
5.651166469
 30
0.0
 40
0.1249999999999991
  0
LINE
  5
5B3
330
1B
100
AcDbEntity
 67
     1
  8
0
  6
Continuous
 62
     7
370
    25
100
AcDbLine
 10
8.8724482202
 20
4.901166469
 30
0.0
 11
8.8724482202
 21
5.151166469
 31
0.0
  0
LINE
  5
5B4
330
1B
100
AcDbEntity
 67
     1
  8
0
  6
Continuous
 62
     7
370
    25
100
AcDbLine
 10
8.8724482202
 20
5.151166469
 30
0.0
 11
8.7554482202
 21
5.151166469
 31
0.0
  0
LINE
  5
5B5
330
1B
100
AcDbEntity
 67
     1
  8
0
  6
Continuous
 62
     7
370
    25
100
AcDbLine
 10
8.7554482202
 20
5.151166469
 30
0.0
 11
8.7554482202
 21
4.901166469
 31
0.0
  0
LINE
  5
5B6
330
1B
100
AcDbEntity
 67
     1
  8
0
  6
Continuous
 62
     7
370
    25
100
AcDbLine
 10
8.5624887553
 20
4.901166469
 30
0.0
 11
8.7554482202
 21
4.901166469
 31
0.0
  0
LINE
  5
5B7
330
1B
100
AcDbEntity
 67
     1
  8
0
  6
Continuous
 62
     7
370
    25
100
AcDbLine
 10
8.5624887553
 20
5.651166469
 30
0.0
 11
8.5624887553
 21
4.901166469
 31
0.0
  0
ARC
  5
5B8
330
1B
100
AcDbEntity
 67
     1
  8
0
  6
Continuous
 62
     7
370
    25
100
AcDbCircle
 10
8.8124887553
 20
5.651166469
 30
0.0
 40
0.25
100
AcDbArc
 50
90.0
 51
180.0
  0
ARC
  5
5B9
330
1B
100
AcDbEntity
 67
     1
  8
0
  6
Continuous
 62
     7
370
    25
100
AcDbCircle
 10
8.8124887553
 20
5.651166469
 30
0.0
 40
0.25
100
AcDbArc
 50
0.0
 51
90.0
  0
LINE
  5
5BA
330
1B
100
AcDbEntity
 67
     1
  8
0
  6
Continuous
 62
     7
370
    25
100
AcDbLine
 10
9.0624887553
 20
4.901166469
 30
0.0
 11
9.0624887553
 21
5.651166469
 31
0.0
  0
LINE
  5
5BB
330
1B
100
AcDbEntity
 67
     1
  8
0
  6
Continuous
 62
     7
370
    25
100
AcDbLine
 10
8.8724482202
 20
4.901166469
 30
0.0
 11
9.0624887553
 21
4.901166469
 31
0.0
  0
INSERT
  5
5C7
330
1B
100
AcDbEntity
 67
     1
  8
0
  6
Continuous
 62
     7
370
     0
100
AcDbBlockReference
  2
SW_CENTERMARKSYMBOL_27
 10
8.8124887553
 20
5.651166469
 30
0.0
  0
CIRCLE
  5
5C8
330
1B
100
AcDbEntity
 67
     1
  8
0
  6
Continuous
 62
     7
370
    25
100
AcDbCircle
 10
8.8212950478
 20
6.8453485452
 30
0.0
 40
0.125
  0
LINE
  5
5C9
330
1B
100
AcDbEntity
 67
     1
  8
0
  6
Continuous
 62
     7
370
    25
100
AcDbLine
 10
8.8812545127
 20
6.0953485452
 30
0.0
 11
8.8812545127
 21
6.3453485452
 31
0.0
  0
LINE
  5
5CA
330
1B
100
AcDbEntity
 67
     1
  8
0
  6
Continuous
 62
     7
370
    25
100
AcDbLine
 10
8.8812545127
 20
6.3453485452
 30
0.0
 11
8.7642545127
 21
6.3453485452
 31
0.0
  0
LINE
  5
5CB
330
1B
100
AcDbEntity
 67
     1
  8
0
  6
Continuous
 62
     7
370
    25
100
AcDbLine
 10
8.7642545127
 20
6.3453485452
 30
0.0
 11
8.7642545127
 21
6.0953485452
 31
0.0
  0
LINE
  5
5CC
330
1B
100
AcDbEntity
 67
     1
  8
0
  6
Continuous
 62
     7
370
    25
100
AcDbLine
 10
8.5712950478
 20
6.0953485452
 30
0.0
 11
8.7642545127
 21
6.0953485452
 31
0.0
  0
LINE
  5
5CD
330
1B
100
AcDbEntity
 67
     1
  8
0
  6
Continuous
 62
     7
370
    25
100
AcDbLine
 10
8.5712950478
 20
6.8453485452
 30
0.0
 11
8.5712950478
 21
6.0953485452
 31
0.0
  0
ARC
  5
5CE
330
1B
100
AcDbEntity
 67
     1
  8
0
  6
Continuous
 62
     7
370
    25
100
AcDbCircle
 10
8.8212950478
 20
6.8453485452
 30
0.0
 40
0.2499999999999991
100
AcDbArc
 50
90.0
 51
180.0
  0
ARC
  5
5CF
330
1B
100
AcDbEntity
 67
     1
  8
0
  6
Continuous
 62
     7
370
    25
100
AcDbCircle
 10
8.8212950478
 20
6.8453485452
 30
0.0
 40
0.25
100
AcDbArc
 50
0.0
 51
90.0
  0
LINE
  5
5D0
330
1B
100
AcDbEntity
 67
     1
  8
0
  6
Continuous
 62
     7
370
    25
100
AcDbLine
 10
9.0712950478
 20
6.0953485452
 30
0.0
 11
9.0712950478
 21
6.8453485452
 31
0.0
  0
LINE
  5
5D1
330
1B
100
AcDbEntity
 67
     1
  8
0
  6
Continuous
 62
     7
370
    25
100
AcDbLine
 10
8.8812545127
 20
6.0953485452
 30
0.0
 11
9.0712950478
 21
6.0953485452
 31
0.0
  0
INSERT
  5
5DD
330
1B
100
AcDbEntity
 67
     1
  8
0
  6
Continuous
 62
     7
370
     0
100
AcDbBlockReference
  2
SW_CENTERMARKSYMBOL_28
 10
8.8212950478
 20
6.8453485452
 30
0.0
  0
CIRCLE
  5
5DE
330
1B
100
AcDbEntity
 67
     1
  8
0
  6
Continuous
 62
     7
370
    25
100
AcDbCircle
 10
9.6244734359
 20
3.2872112414
 30
0.0
 40
0.125
  0
LINE
  5
5DF
330
1B
100
AcDbEntity
 67
     1
  8
0
  6
Continuous
 62
     7
370
    25
100
AcDbLine
 10
9.6844329008
 20
2.5372112414
 30
0.0
 11
9.6844329008
 21
2.7872112414
 31
0.0
  0
LINE
  5
5E0
330
1B
100
AcDbEntity
 67
     1
  8
0
  6
Continuous
 62
     7
370
    25
100
AcDbLine
 10
9.6844329008
 20
2.7872112414
 30
0.0
 11
9.5674329008
 21
2.7872112414
 31
0.0
  0
LINE
  5
5E1
330
1B
100
AcDbEntity
 67
     1
  8
0
  6
Continuous
 62
     7
370
    25
100
AcDbLine
 10
9.5674329008
 20
2.7872112414
 30
0.0
 11
9.5674329008
 21
2.5372112414
 31
0.0
  0
LINE
  5
5E2
330
1B
100
AcDbEntity
 67
     1
  8
0
  6
Continuous
 62
     7
370
    25
100
AcDbLine
 10
9.3744734359
 20
2.5372112414
 30
0.0
 11
9.5674329008
 21
2.5372112414
 31
0.0
  0
LINE
  5
5E3
330
1B
100
AcDbEntity
 67
     1
  8
0
  6
Continuous
 62
     7
370
    25
100
AcDbLine
 10
9.3744734359
 20
3.2872112414
 30
0.0
 11
9.3744734359
 21
2.5372112414
 31
0.0
  0
ARC
  5
5E4
330
1B
100
AcDbEntity
 67
     1
  8
0
  6
Continuous
 62
     7
370
    25
100
AcDbCircle
 10
9.6244734359
 20
3.2872112414
 30
0.0
 40
0.2500000000000004
100
AcDbArc
 50
90.0
 51
180.0
  0
ARC
  5
5E5
330
1B
100
AcDbEntity
 67
     1
  8
0
  6
Continuous
 62
     7
370
    25
100
AcDbCircle
 10
9.6244734359
 20
3.2872112414
 30
0.0
 40
0.2500000000000004
100
AcDbArc
 50
0.0
 51
90.0
  0
LINE
  5
5E6
330
1B
100
AcDbEntity
 67
     1
  8
0
  6
Continuous
 62
     7
370
    25
100
AcDbLine
 10
9.8744734359
 20
2.5372112414
 30
0.0
 11
9.8744734359
 21
3.2872112414
 31
0.0
  0
LINE
  5
5E7
330
1B
100
AcDbEntity
 67
     1
  8
0
  6
Continuous
 62
     7
370
    25
100
AcDbLine
 10
9.6844329008
 20
2.5372112414
 30
0.0
 11
9.8744734359
 21
2.5372112414
 31
0.0
  0
DIMENSION
  5
5E8
330
1B
100
AcDbEntity
 67
     1
  8
0
  6
Continuous
 62
     7
370
    18
100
AcDbDimension
  2
_D_52
 10
9.8744734359
 20
2.3445806668
 30
0.0
 11
9.1822765149
 21
2.3445806668
 31
0.0
 70
   160
  1
<>
 71
     2
 42
-1.0
  3
SLDDIMSTYLE2
100
AcDbAlignedDimension
 13
9.6844329008
 23
2.5372112414
 33
0.0
 14
9.8744734359
 24
2.5372112414
 34
0.0
100
AcDbRotatedDimension
  0
DIMENSION
  5
5F3
330
1B
100
AcDbEntity
 67
     1
  8
0
  6
Continuous
 62
     7
370
    18
100
AcDbDimension
  2
_D_53
 10
9.8744734359
 20
2.0617673805
 30
0.0
 11
9.5780839187
 21
2.0617673805
 31
0.0
 70
   160
  1
<>
 71
     2
 42
-1.0
  3
SLDDIMSTYLE6
100
AcDbAlignedDimension
 13
9.3744734359
 23
2.5372112414
 33
0.0
 14
9.8744734359
 24
2.5372112414
 34
0.0
100
AcDbRotatedDimension
  0
INSERT
  5
609
330
1B
100
AcDbEntity
 67
     1
  8
0
  6
Continuous
 62
     7
370
     0
100
AcDbBlockReference
  2
SW_CENTERMARKSYMBOL_29
 10
9.6244734359
 20
3.2872112414
 30
0.0
  0
CIRCLE
  5
60A
330
1B
100
AcDbEntity
 67
     1
  8
0
  6
Continuous
 62
     7
370
    25
100
AcDbCircle
 10
9.6090755048
 20
5.6115689546
 30
0.0
 40
0.1249999999999991
  0
LINE
  5
60B
330
1B
100
AcDbEntity
 67
     1
  8
0
  6
Continuous
 62
     7
370
    25
100
AcDbLine
 10
9.6690349697
 20
4.8615689546
 30
0.0
 11
9.6690349697
 21
5.1115689546
 31
0.0
  0
LINE
  5
60C
330
1B
100
AcDbEntity
 67
     1
  8
0
  6
Continuous
 62
     7
370
    25
100
AcDbLine
 10
9.6690349697
 20
5.1115689546
 30
0.0
 11
9.5520349697
 21
5.1115689546
 31
0.0
  0
LINE
  5
60D
330
1B
100
AcDbEntity
 67
     1
  8
0
  6
Continuous
 62
     7
370
    25
100
AcDbLine
 10
9.5520349697
 20
5.1115689546
 30
0.0
 11
9.5520349697
 21
4.8615689546
 31
0.0
  0
LINE
  5
60E
330
1B
100
AcDbEntity
 67
     1
  8
0
  6
Continuous
 62
     7
370
    25
100
AcDbLine
 10
9.3590755048
 20
4.8615689546
 30
0.0
 11
9.5520349697
 21
4.8615689546
 31
0.0
  0
LINE
  5
60F
330
1B
100
AcDbEntity
 67
     1
  8
0
  6
Continuous
 62
     7
370
    25
100
AcDbLine
 10
9.3590755048
 20
5.6115689546
 30
0.0
 11
9.3590755048
 21
4.8615689546
 31
0.0
  0
ARC
  5
610
330
1B
100
AcDbEntity
 67
     1
  8
0
  6
Continuous
 62
     7
370
    25
100
AcDbCircle
 10
9.6090755048
 20
5.6115689546
 30
0.0
 40
0.25
100
AcDbArc
 50
90.0
 51
180.0
  0
ARC
  5
611
330
1B
100
AcDbEntity
 67
     1
  8
0
  6
Continuous
 62
     7
370
    25
100
AcDbCircle
 10
9.6090755048
 20
5.6115689546
 30
0.0
 40
0.25
100
AcDbArc
 50
0.0
 51
90.0
  0
LINE
  5
612
330
1B
100
AcDbEntity
 67
     1
  8
0
  6
Continuous
 62
     7
370
    25
100
AcDbLine
 10
9.8590755048
 20
4.8615689546
 30
0.0
 11
9.8590755048
 21
5.6115689546
 31
0.0
  0
LINE
  5
613
330
1B
100
AcDbEntity
 67
     1
  8
0
  6
Continuous
 62
     7
370
    25
100
AcDbLine
 10
9.6690349697
 20
4.8615689546
 30
0.0
 11
9.8590755048
 21
4.8615689546
 31
0.0
  0
INSERT
  5
61F
330
1B
100
AcDbEntity
 67
     1
  8
0
  6
Continuous
 62
     7
370
     0
100
AcDbBlockReference
  2
SW_CENTERMARKSYMBOL_30
 10
9.6090755048
 20
5.6115689546
 30
0.0
  0
CIRCLE
  5
620
330
1B
100
AcDbEntity
 67
     1
  8
0
  6
Continuous
 62
     7
370
    25
100
AcDbCircle
 10
5.5006000017
 20
2.3108803589
 30
0.0
 40
0.1249999999999991
  0
LINE
  5
621
330
1B
100
AcDbEntity
 67
     1
  8
0
  6
Continuous
 62
     7
370
    25
100
AcDbLine
 10
6.2506000017
 20
2.3708398238
 30
0.0
 11
6.0006000017
 21
2.3708398238
 31
0.0
  0
LINE
  5
622
330
1B
100
AcDbEntity
 67
     1
  8
0
  6
Continuous
 62
     7
370
    25
100
AcDbLine
 10
6.0006000017
 20
2.3708398238
 30
0.0
 11
6.0006000017
 21
2.2538398238
 31
0.0
  0
LINE
  5
623
330
1B
100
AcDbEntity
 67
     1
  8
0
  6
Continuous
 62
     7
370
    25
100
AcDbLine
 10
6.0006000017
 20
2.2538398238
 30
0.0
 11
6.2506000017
 21
2.2538398238
 31
0.0
  0
LINE
  5
624
330
1B
100
AcDbEntity
 67
     1
  8
0
  6
Continuous
 62
     7
370
    25
100
AcDbLine
 10
6.2506000017
 20
2.0608803589
 30
0.0
 11
6.2506000017
 21
2.2538398238
 31
0.0
  0
LINE
  5
625
330
1B
100
AcDbEntity
 67
     1
  8
0
  6
Continuous
 62
     7
370
    25
100
AcDbLine
 10
5.5006000017
 20
2.0608803589
 30
0.0
 11
6.2506000017
 21
2.0608803589
 31
0.0
  0
ARC
  5
626
330
1B
100
AcDbEntity
 67
     1
  8
0
  6
Continuous
 62
     7
370
    25
100
AcDbCircle
 10
5.5006000017
 20
2.3108803589
 30
0.0
 40
0.2500000000000004
100
AcDbArc
 50
180.0
 51
270.0
  0
ARC
  5
627
330
1B
100
AcDbEntity
 67
     1
  8
0
  6
Continuous
 62
     7
370
    25
100
AcDbCircle
 10
5.5006000017
 20
2.3108803589
 30
0.0
 40
0.25
100
AcDbArc
 50
90.0
 51
180.0
  0
LINE
  5
628
330
1B
100
AcDbEntity
 67
     1
  8
0
  6
Continuous
 62
     7
370
    25
100
AcDbLine
 10
6.2506000017
 20
2.5608803589
 30
0.0
 11
5.5006000017
 21
2.5608803589
 31
0.0
  0
LINE
  5
629
330
1B
100
AcDbEntity
 67
     1
  8
0
  6
Continuous
 62
     7
370
    25
100
AcDbLine
 10
6.2506000017
 20
2.3708398238
 30
0.0
 11
6.2506000017
 21
2.5608803589
 31
0.0
  0
INSERT
  5
635
330
1B
100
AcDbEntity
 67
     1
  8
0
  6
Continuous
 62
     7
370
     0
100
AcDbBlockReference
  2
SW_CENTERMARKSYMBOL_31
 10
5.5006000017
 20
2.3108803589
 30
0.0
  0
CIRCLE
  5
636
330
1B
100
AcDbEntity
 67
     1
  8
0
  6
Continuous
 62
     7
370
    25
100
AcDbCircle
 10
8.7793422338
 20
3.1776792237
 30
0.0
 40
0.125
  0
LINE
  5
637
330
1B
100
AcDbEntity
 67
     1
  8
0
  6
Continuous
 62
     7
370
    25
100
AcDbLine
 10
8.8393016987
 20
2.4276792237
 30
0.0
 11
8.8393016987
 21
2.6776792237
 31
0.0
  0
LINE
  5
638
330
1B
100
AcDbEntity
 67
     1
  8
0
  6
Continuous
 62
     7
370
    25
100
AcDbLine
 10
8.8393016987
 20
2.6776792237
 30
0.0
 11
8.7223016987
 21
2.6776792237
 31
0.0
  0
LINE
  5
639
330
1B
100
AcDbEntity
 67
     1
  8
0
  6
Continuous
 62
     7
370
    25
100
AcDbLine
 10
8.7223016987
 20
2.6776792237
 30
0.0
 11
8.7223016987
 21
2.4276792237
 31
0.0
  0
LINE
  5
63A
330
1B
100
AcDbEntity
 67
     1
  8
0
  6
Continuous
 62
     7
370
    25
100
AcDbLine
 10
8.5293422338
 20
2.4276792237
 30
0.0
 11
8.7223016987
 21
2.4276792237
 31
0.0
  0
LINE
  5
63B
330
1B
100
AcDbEntity
 67
     1
  8
0
  6
Continuous
 62
     7
370
    25
100
AcDbLine
 10
8.5293422338
 20
3.1776792237
 30
0.0
 11
8.5293422338
 21
2.4276792237
 31
0.0
  0
ARC
  5
63C
330
1B
100
AcDbEntity
 67
     1
  8
0
  6
Continuous
 62
     7
370
    25
100
AcDbCircle
 10
8.7793422338
 20
3.1776792237
 30
0.0
 40
0.2500000000000004
100
AcDbArc
 50
90.0
 51
180.0
  0
ARC
  5
63D
330
1B
100
AcDbEntity
 67
     1
  8
0
  6
Continuous
 62
     7
370
    25
100
AcDbCircle
 10
8.7793422338
 20
3.1776792237
 30
0.0
 40
0.2500000000000004
100
AcDbArc
 50
0.0
 51
90.0
  0
LINE
  5
63E
330
1B
100
AcDbEntity
 67
     1
  8
0
  6
Continuous
 62
     7
370
    25
100
AcDbLine
 10
9.0293422338
 20
2.4276792237
 30
0.0
 11
9.0293422338
 21
3.1776792237
 31
0.0
  0
LINE
  5
63F
330
1B
100
AcDbEntity
 67
     1
  8
0
  6
Continuous
 62
     7
370
    25
100
AcDbLine
 10
8.8393016987
 20
2.4276792237
 30
0.0
 11
9.0293422338
 21
2.4276792237
 31
0.0
  0
DIMENSION
  5
640
330
1B
100
AcDbEntity
 67
     1
  8
0
  6
Continuous
 62
     7
370
    18
100
AcDbDimension
  2
_D_54
 10
8.195130637
 20
2.4276792237
 30
0.0
 11
8.195130637
 21
2.164320831
 31
0.0
 70
   160
  1
<>
 71
     2
 42
-1.0
  3
SLDDIMSTYLE2
100
AcDbAlignedDimension
 13
8.7223016987
 23
2.6776792237
 33
0.0
 14
8.5293422338
 24
2.4276792237
 34
0.0
 50
90.0
100
AcDbRotatedDimension
  0
DIMENSION
  5
64C
330
1B
100
AcDbEntity
 67
     1
  8
0
  6
Continuous
 62
     7
370
    18
100
AcDbDimension
  2
_D_55
 10
8.7223016987
 20
2.2511342661
 30
0.0
 11
8.4090969357
 21
2.2511342661
 31
0.0
 70
   160
  1
<>
 71
     2
 42
-1.0
  3
SLDDIMSTYLE1
100
AcDbAlignedDimension
 13
8.8393016987
 23
2.4276792237
 33
0.0
 14
8.7223016987
 24
2.4276792237
 34
0.0
100
AcDbRotatedDimension
  0
DIMENSION
  5
657
330
1B
100
AcDbEntity
 67
     1
  8
0
  6
Continuous
 62
     7
370
    18
100
AcDbDimension
  2
_D_56
 10
7.8994209739
 20
2.4276792237
 30
0.0
 11
7.8994209739
 21
2.8502172753
 31
0.0
 70
   160
  1
<>
 71
     2
 42
-1.0
  3
SLDDIMSTYLE3
100
AcDbAlignedDimension
 13
8.5293422338
 23
3.1776792237
 33
0.0
 14
8.5293422338
 24
2.4276792237
 34
0.0
 50
90.0
100
AcDbRotatedDimension
  0
DIMENSION
  5
662
330
1B
100
AcDbEntity
 67
     1
  8
0
  6
Continuous
 62
     7
370
    18
100
AcDbDimension
  2
_D_57
 10
8.8751434535
 20
3.0973852246
 30
0.0
 11
7.9881561826
 21
3.4167949778
 31
0.0
 70
   163
  1
<>
 71
     1
 42
-1.0
  3
SLDDIMSTYLE4
100
AcDbDiametricDimension
 15
8.683541014
 25
3.2579732228
 35
0.0
 40
0.0
  0
DIMENSION
  5
66B
330
1B
100
AcDbEntity
 67
     1
  8
0
  6
Continuous
 62
     7
370
    18
100
AcDbDimension
  2
_D_58
 10
8.9211637021
 20
2.9717989888
 30
0.0
 11
7.9881561826
 21
3.5918398587
 31
0.0
 70
   163
  1
<>
 71
     1
 42
-1.0
  3
SLDDIMSTYLE4
100
AcDbDiametricDimension
 15
8.6375207654
 25
3.3835594586
 35
0.0
 40
0.0
  0
INSERT
  5
67F
330
1B
100
AcDbEntity
 67
     1
  8
0
  6
Continuous
 62
     7
370
     0
100
AcDbBlockReference
  2
SW_CENTERMARKSYMBOL_32
 10
8.7793422338
 20
3.1776792237
 30
0.0
  0
CIRCLE
  5
680
330
1B
100
AcDbEntity
 67
     1
  8
0
  6
Continuous
 62
     7
370
    25
100
AcDbCircle
 10
9.6316902381
 20
4.4208421996
 30
0.0
 40
0.125
  0
LINE
  5
681
330
1B
100
AcDbEntity
 67
     1
  8
0
  6
Continuous
 62
     7
370
    25
100
AcDbLine
 10
9.691649703
 20
3.6708421996
 30
0.0
 11
9.691649703
 21
3.9208421996
 31
0.0
  0
LINE
  5
682
330
1B
100
AcDbEntity
 67
     1
  8
0
  6
Continuous
 62
     7
370
    25
100
AcDbLine
 10
9.691649703
 20
3.9208421996
 30
0.0
 11
9.574649703
 21
3.9208421996
 31
0.0
  0
LINE
  5
683
330
1B
100
AcDbEntity
 67
     1
  8
0
  6
Continuous
 62
     7
370
    25
100
AcDbLine
 10
9.574649703
 20
3.9208421996
 30
0.0
 11
9.574649703
 21
3.6708421996
 31
0.0
  0
LINE
  5
684
330
1B
100
AcDbEntity
 67
     1
  8
0
  6
Continuous
 62
     7
370
    25
100
AcDbLine
 10
9.3816902381
 20
3.6708421996
 30
0.0
 11
9.574649703
 21
3.6708421996
 31
0.0
  0
LINE
  5
685
330
1B
100
AcDbEntity
 67
     1
  8
0
  6
Continuous
 62
     7
370
    25
100
AcDbLine
 10
9.3816902381
 20
4.4208421996
 30
0.0
 11
9.3816902381
 21
3.6708421996
 31
0.0
  0
ARC
  5
686
330
1B
100
AcDbEntity
 67
     1
  8
0
  6
Continuous
 62
     7
370
    25
100
AcDbCircle
 10
9.6316902381
 20
4.4208421996
 30
0.0
 40
0.2500000000000009
100
AcDbArc
 50
90.0
 51
180.0
  0
ARC
  5
687
330
1B
100
AcDbEntity
 67
     1
  8
0
  6
Continuous
 62
     7
370
    25
100
AcDbCircle
 10
9.6316902381
 20
4.4208421996
 30
0.0
 40
0.2500000000000009
100
AcDbArc
 50
0.0
 51
90.0
  0
LINE
  5
688
330
1B
100
AcDbEntity
 67
     1
  8
0
  6
Continuous
 62
     7
370
    25
100
AcDbLine
 10
9.8816902381
 20
3.6708421996
 30
0.0
 11
9.8816902381
 21
4.4208421996
 31
0.0
  0
LINE
  5
689
330
1B
100
AcDbEntity
 67
     1
  8
0
  6
Continuous
 62
     7
370
    25
100
AcDbLine
 10
9.691649703
 20
3.6708421996
 30
0.0
 11
9.8816902381
 21
3.6708421996
 31
0.0
  0
INSERT
  5
695
330
1B
100
AcDbEntity
 67
     1
  8
0
  6
Continuous
 62
     7
370
     0
100
AcDbBlockReference
  2
SW_CENTERMARKSYMBOL_33
 10
9.6316902381
 20
4.4208421996
 30
0.0
  0
CIRCLE
  5
696
330
1B
100
AcDbEntity
 67
     1
  8
0
  6
Continuous
 62
     7
370
    25
100
AcDbCircle
 10
3.5031172965
 20
4.9677062075
 30
0.0
 40
0.125
  0
CIRCLE
  5
697
330
1B
100
AcDbEntity
 67
     1
  8
0
  6
Continuous
 62
     7
370
    25
100
AcDbCircle
 10
3.5031172965
 20
4.9677062075
 30
0.0
 40
0.625
  0
INSERT
  5
6A3
330
1B
100
AcDbEntity
 67
     1
  8
0
  6
Continuous
 62
     7
370
     0
100
AcDbBlockReference
  2
SW_CENTERMARKSYMBOL_34
 10
3.5031172965
 20
4.9677062075
 30
0.0
  0
CIRCLE
  5
6A4
330
1B
100
AcDbEntity
 67
     1
  8
0
  6
Continuous
 62
     7
370
    25
100
AcDbCircle
 10
4.9548434005
 20
4.9673197803
 30
0.0
 40
0.125
  0
CIRCLE
  5
6A5
330
1B
100
AcDbEntity
 67
     1
  8
0
  6
Continuous
 62
     7
370
    25
100
AcDbCircle
 10
4.9548434005
 20
4.9673197803
 30
0.0
 40
0.625
  0
INSERT
  5
6B1
330
1B
100
AcDbEntity
 67
     1
  8
0
  6
Continuous
 62
     7
370
     0
100
AcDbBlockReference
  2
SW_CENTERMARKSYMBOL_35
 10
4.9548434005
 20
4.9673197803
 30
0.0
  0
CIRCLE
  5
6B2
330
1B
100
AcDbEntity
 67
     1
  8
0
  6
Continuous
 62
     7
370
    25
100
AcDbCircle
 10
6.4095825062
 20
4.9652707639
 30
0.0
 40
0.125
  0
CIRCLE
  5
6B3
330
1B
100
AcDbEntity
 67
     1
  8
0
  6
Continuous
 62
     7
370
    25
100
AcDbCircle
 10
6.4095825062
 20
4.9652707639
 30
0.0
 40
0.625
  0
INSERT
  5
6BF
330
1B
100
AcDbEntity
 67
     1
  8
0
  6
Continuous
 62
     7
370
     0
100
AcDbBlockReference
  2
SW_CENTERMARKSYMBOL_36
 10
6.4095825062
 20
4.9652707639
 30
0.0
  0
CIRCLE
  5
6C0
330
1B
100
AcDbEntity
 67
     1
  8
0
  6
Continuous
 62
     7
370
    25
100
AcDbCircle
 10
3.5027547769
 20
3.5222892392
 30
0.0
 40
0.125
  0
CIRCLE
  5
6C1
330
1B
100
AcDbEntity
 67
     1
  8
0
  6
Continuous
 62
     7
370
    25
100
AcDbCircle
 10
3.5027547769
 20
3.5222892392
 30
0.0
 40
0.625
  0
INSERT
  5
6CD
330
1B
100
AcDbEntity
 67
     1
  8
0
  6
Continuous
 62
     7
370
     0
100
AcDbBlockReference
  2
SW_CENTERMARKSYMBOL_37
 10
3.5027547769
 20
3.5222892392
 30
0.0
  0
CIRCLE
  5
6CE
330
1B
100
AcDbEntity
 67
     1
  8
0
  6
Continuous
 62
     7
370
    25
100
AcDbCircle
 10
4.9549509226
 20
3.5116699601
 30
0.0
 40
0.125
  0
CIRCLE
  5
6CF
330
1B
100
AcDbEntity
 67
     1
  8
0
  6
Continuous
 62
     7
370
    25
100
AcDbCircle
 10
4.9549509226
 20
3.5116699601
 30
0.0
 40
0.625
  0
INSERT
  5
6DB
330
1B
100
AcDbEntity
 67
     1
  8
0
  6
Continuous
 62
     7
370
     0
100
AcDbBlockReference
  2
SW_CENTERMARKSYMBOL_38
 10
4.9549509226
 20
3.5116699601
 30
0.0
  0
CIRCLE
  5
6DC
330
1B
100
AcDbEntity
 67
     1
  8
0
  6
Continuous
 62
     7
370
    25
100
AcDbCircle
 10
6.4092199865
 20
3.5198537956
 30
0.0
 40
0.1249999999999996
  0
CIRCLE
  5
6DD
330
1B
100
AcDbEntity
 67
     1
  8
0
  6
Continuous
 62
     7
370
    25
100
AcDbCircle
 10
6.4092199865
 20
3.5198537956
 30
0.0
 40
0.625
  0
DIMENSION
  5
6DE
330
1B
100
AcDbEntity
 67
     1
  8
0
  6
Continuous
 62
     7
370
    18
100
AcDbDimension
  2
_D_59
 10
6.2138009742
 20
2.9261902464
 30
0.0
 11
7.1633962931
 21
4.2741236914
 31
0.0
 70
   163
  1
<>
 71
     1
 42
-1.0
  3
SLDDIMSTYLE9
100
AcDbDiametricDimension
 15
6.6046389988
 25
4.1135173448
 35
0.0
 40
0.0
  0
DIMENSION
  5
6E8
330
1B
100
AcDbEntity
 67
     1
  8
0
  6
Continuous
 62
     7
370
    18
100
AcDbDimension
  2
_D_60
 10
6.33859761
 20
3.4167156362
 30
0.0
 11
7.1633962931
 21
3.9498987254
 31
0.0
 70
   163
  1
<>
 71
     1
 42
-1.0
  3
SLDDIMSTYLE9
100
AcDbDiametricDimension
 15
6.4798423631
 25
3.622991955
 35
0.0
 40
0.0
  0
INSERT
  5
6FC
330
1B
100
AcDbEntity
 67
     1
  8
0
  6
Continuous
 62
     7
370
     0
100
AcDbBlockReference
  2
SW_CENTERMARKSYMBOL_39
 10
6.4092199865
 20
3.5198537956
 30
0.0
  0
MTEXT
  5
6FD
330
1B
100
AcDbEntity
 67
     1
  8
0
  6
Continuous
 62
     7
100
AcDbMText
 10
0.0
 20
0.4101324111
 30
0.0
 40
0.14705
 41
0.0
 71
     1
 72
     1
  1
SOLIDWORKS Educational Product.
  7
SLDTEXTSTYLE1
 73
     1
 44
1.0
  0
MTEXT
  5
6FE
330
1B
100
AcDbEntity
 67
     1
  8
0
  6
Continuous
 62
     7
100
AcDbMText
 10
0.0
 20
0.1895574111
 30
0.0
 40
0.14705
 41
0.0
 71
     1
 72
     1
  1
For Instructional Use Only.
  7
SLDTEXTSTYLE1
 73
     1
 44
1.0
  0
ENDSEC
  0
SECTION
  2
OBJECTS
  0
DICTIONARY
  5
C
330
0
100
AcDbDictionary
281
     1
  3
ACAD_GROUP
350
D
  3
ACAD_LAYOUT
350
1A
  3
ACAD_MLINESTYLE
350
17
  3
ACAD_PLOTSETTINGS
350
19
  3
ACAD_PLOTSTYLENAME
350
E
  3
ACAD_SCALELIST
350
47
  3
DWGPROPS
350
6FF
  0
DICTIONARY
  5
D
102
{ACAD_REACTORS
330
C
102
}
330
C
100
AcDbDictionary
281
     1
  0
DICTIONARY
  5
1A
102
{ACAD_REACTORS
330
C
102
}
330
C
100
AcDbDictionary
281
     1
  3
Model
350
22
  3
Sheet1(2)
350
1E
  0
DICTIONARY
  5
17
102
{ACAD_REACTORS
330
C
102
}
330
C
100
AcDbDictionary
281
     1
  3
Standard
350
18
  0
DICTIONARY
  5
19
102
{ACAD_REACTORS
330
C
102
}
330
C
100
AcDbDictionary
281
     1
  0
ACDBDICTIONARYWDFLT
  5
E
102
{ACAD_REACTORS
330
C
102
}
330
C
100
AcDbDictionary
281
     1
  3
Normal
350
F
100
AcDbDictionaryWithDefault
340
F
  0
DICTIONARY
  5
47
102
{ACAD_REACTORS
330
C
102
}
330
C
100
AcDbDictionary
281
     1
  3
A0
350
48
  3
A1
350
49
  3
A2
350
4A
  3
A3
350
4B
  3
A4
350
4C
  3
A5
350
4D
  3
A6
350
4E
  3
A7
350
4F
  3
A8
350
50
  3
A9
350
51
  3
B1
350
52
  3
B2
350
53
  3
B3
350
54
  3
B4
350
55
  3
B5
350
56
  3
B6
350
57
  3
B7
350
58
  0
XRECORD
  5
6FF
102
{ACAD_REACTORS
330
C
102
}
330
C
100
AcDbXrecord
280
     1
  1
DWGPROPS COOKIE
  2

  3

  4

  6

  7

  8
Kyle
  9

300
=
301
=
302
=
303
=
304
=
305
=
306
=
307
=
308
=
309
=
 40
0.0
 41
2461116.755214329
 42
2461116.755217639
  1

 90
        0
  0
LAYOUT
  5
22
102
{ACAD_REACTORS
330
1A
102
}
330
1A
100
AcDbPlotSettings
  1

  2
none_device
  4
Letter_(8.50_x_11.00_Inches)
  6

 40
6.35
 41
6.35
 42
6.35000508
 43
6.35000508
 44
215.9
 45
279.4
 46
0.0
 47
0.0
 48
0.0
 49
0.0
140
0.0
141
0.0
142
1.0
143
1.0
 70
  1712
 72
     0
 73
     0
 74
     0
  7

 75
     0
147
1.0
148
0.0
149
0.0
100
AcDbLayout
  1
Model
 70
     1
 71
     0
 10
0.0
 20
0.0
 11
10.0
 21
8.5
 12
0.0
 22
0.0
 32
0.0
 14
0.0
 24
0.0
 34
0.0
 15
10.0
 25
8.5
 35
0.0
146
0.0
 13
0.0
 23
0.0
 33
0.0
 16
1.0
 26
0.0
 36
0.0
 17
0.0
 27
1.0
 37
0.0
 76
     0
330
1F
331
29
  0
LAYOUT
  5
1E
102
{ACAD_REACTORS
330
1A
102
}
330
1A
100
AcDbPlotSettings
  1

  2
none_device
  4
ANSI_A_(11.00_x_8.50_Inches)
  6

 40
6.35
 41
19.05
 42
6.35000508
 43
19.05000254
 44
279.4
 45
215.9
 46
0.0
 47
0.0
 48
0.0
 49
0.0
140
0.0
141
0.0
142
1.0
143
1.0
 70
  4832
 72
     0
 73
     0
 74
     1
  7

 75
     0
147
1.0
148
0.0
149
0.0
100
AcDbLayout
  1
Sheet1(2)
 70
     1
 71
     1
 10
0.0
 20
0.0
 11
10.0
 21
8.5
 12
0.0
 22
0.0
 32
0.0
 14
0.0
 24
0.0
 34
0.0
 15
10.0
 25
8.5
 35
0.0
146
0.0
 13
0.0
 23
0.0
 33
0.0
 16
1.0
 26
0.0
 36
0.0
 17
0.0
 27
1.0
 37
0.0
 76
     0
330
1B
331
363
  0
MLINESTYLE
  5
18
102
{ACAD_REACTORS
330
17
102
}
330
17
100
AcDbMlineStyle
  2
Standard
 70
     0
  3

 62
   256
 51
90.0
 52
90.0
 71
     2
 49
0.5
 62
   256
  6
BYLAYER
 49
-0.5
 62
   256
  6
BYLAYER
  0
ACDBPLACEHOLDER
  5
F
102
{ACAD_REACTORS
330
E
102
}
330
E
  0
SCALE
  5
48
102
{ACAD_REACTORS
330
47
102
}
330
47
100
AcDbScale
 70
     0
300
1:1
140
1.0
141
1.0
290
     1
  0
SCALE
  5
49
102
{ACAD_REACTORS
330
47
102
}
330
47
100
AcDbScale
 70
     0
300
1/128" = 1'-0"
140
0.0078125
141
12.0
290
     0
  0
SCALE
  5
4A
102
{ACAD_REACTORS
330
47
102
}
330
47
100
AcDbScale
 70
     0
300
1/64" = 1'-0"
140
0.015625
141
12.0
290
     0
  0
SCALE
  5
4B
102
{ACAD_REACTORS
330
47
102
}
330
47
100
AcDbScale
 70
     0
300
1/32" = 1'-0"
140
0.03125
141
12.0
290
     0
  0
SCALE
  5
4C
102
{ACAD_REACTORS
330
47
102
}
330
47
100
AcDbScale
 70
     0
300
1/16" = 1'-0"
140
0.0625
141
12.0
290
     0
  0
SCALE
  5
4D
102
{ACAD_REACTORS
330
47
102
}
330
47
100
AcDbScale
 70
     0
300
3/32" = 1'-0"
140
0.09375
141
12.0
290
     0
  0
SCALE
  5
4E
102
{ACAD_REACTORS
330
47
102
}
330
47
100
AcDbScale
 70
     0
300
1/8" = 1'-0"
140
0.125
141
12.0
290
     0
  0
SCALE
  5
4F
102
{ACAD_REACTORS
330
47
102
}
330
47
100
AcDbScale
 70
     0
300
3/16" = 1'-0"
140
0.1875
141
12.0
290
     0
  0
SCALE
  5
50
102
{ACAD_REACTORS
330
47
102
}
330
47
100
AcDbScale
 70
     0
300
1/4" = 1'-0"
140
0.25
141
12.0
290
     0
  0
SCALE
  5
51
102
{ACAD_REACTORS
330
47
102
}
330
47
100
AcDbScale
 70
     0
300
3/8" = 1'-0"
140
0.375
141
12.0
290
     0
  0
SCALE
  5
52
102
{ACAD_REACTORS
330
47
102
}
330
47
100
AcDbScale
 70
     0
300
1/2" = 1'-0"
140
0.5
141
12.0
290
     0
  0
SCALE
  5
53
102
{ACAD_REACTORS
330
47
102
}
330
47
100
AcDbScale
 70
     0
300
3/4" = 1'-0"
140
0.75
141
12.0
290
     0
  0
SCALE
  5
54
102
{ACAD_REACTORS
330
47
102
}
330
47
100
AcDbScale
 70
     0
300
1" = 1'-0"
140
1.0
141
12.0
290
     0
  0
SCALE
  5
55
102
{ACAD_REACTORS
330
47
102
}
330
47
100
AcDbScale
 70
     0
300
1-1/2" = 1'-0"
140
1.5
141
12.0
290
     0
  0
SCALE
  5
56
102
{ACAD_REACTORS
330
47
102
}
330
47
100
AcDbScale
 70
     0
300
3" = 1'-0"
140
3.0
141
12.0
290
     0
  0
SCALE
  5
57
102
{ACAD_REACTORS
330
47
102
}
330
47
100
AcDbScale
 70
     0
300
6" = 1'-0"
140
6.0
141
12.0
290
     0
  0
SCALE
  5
58
102
{ACAD_REACTORS
330
47
102
}
330
47
100
AcDbScale
 70
     0
300
1'-0" = 1'-0"
140
12.0
141
12.0
290
     0
  0
ENDSEC
  0
EOF
